CODIGO,TIPO,PARADAS
18102,REG.EXP.,SANTANDER | VALDECILLA | MALIAÑO | RENEDO | TORRELAVEGA | LOS CORRALES DE BUELNA | BÁRCENA | REINOSA | MATAPORQUERA | QUINTANILLA DE LAS TORRES | AGUILAR DE CAMPOO | MAVE | ALAR DEL REY | HERRERA DE PISUERGA | ESPINOSA DE VILLAGONZALO | OSORNO | FRÓMISTA | PIÑA | AMUSCO | EL CARRIÓN | MONZÓN DE CAMPOS | PALENCIA | VENTA DE BAÑOS | DUEÑAS | CUBILLAS DE SANTA MARTA | CORCOS-AGUILAREJO | CABEZÓN DEL PISUERGA | VALLADOLID UNIVERSIDAD | VALLADOLID-CAMPO GRANDE
18104,REG.EXP.,SANTANDER | VALDECILLA | MALIAÑO | RENEDO | TORRELAVEGA | LOS CORRALES DE BUELNA | BÁRCENA | REINOSA | MATAPORQUERA | AGUILAR DE CAMPOO | ALAR DEL REY | HERRERA DE PISUERGA | ESPINOSA DE VILLAGONZALO | OSORNO | FRÓMISTA | PIÑA | EL CARRIÓN | PALENCIA | VENTA DE BAÑOS | VALLADOLID UNIVERSIDAD | VALLADOLID-CAMPO GRANDE
18102,REG.EXP.,SANTANDER | VALDECILLA | MALIAÑO | RENEDO | TORRELAVEGA | LOS CORRALES DE BUELNA | BÁRCENA | REINOSA | MATAPORQUERA | QUINTANILLA DE LAS TORRES | AGUILAR DE CAMPOO | MAVE | ALAR DEL REY | HERRERA DE PISUERGA | ESPINOSA DE VILLAGONZALO | OSORNO | FRÓMISTA | PIÑA | AMUSCO | EL CARRIÓN | MONZÓN DE CAMPOS | PALENCIA | VENTA DE BAÑOS | DUEÑAS | CUBILLAS DE SANTA MARTA | CORCOS-AGUILAREJO | CABEZÓN DEL PISUERGA | VALLADOLID UNIVERSIDAD | VALLADOLID-CAMPO GRANDE
18104,REG.EXP.,SANTANDER | VALDECILLA | MALIAÑO | RENEDO | TORRELAVEGA | LOS CORRALES DE BUELNA | BÁRCENA | REINOSA | MATAPORQUERA | AGUILAR DE CAMPOO | ALAR DEL REY | HERRERA DE PISUERGA | ESPINOSA DE VILLAGONZALO | OSORNO | FRÓMISTA | PIÑA | EL CARRIÓN | PALENCIA | VENTA DE BAÑOS | VALLADOLID UNIVERSIDAD | VALLADOLID-CAMPO GRANDE
18102,REG.EXP.,SANTANDER | VALDECILLA | MALIAÑO | RENEDO | TORRELAVEGA | LOS CORRALES DE BUELNA | BÁRCENA | REINOSA | MATAPORQUERA | QUINTANILLA DE LAS TORRES | AGUILAR DE CAMPOO | MAVE | ALAR DEL REY | HERRERA DE PISUERGA | ESPINOSA DE VILLAGONZALO | OSORNO | FRÓMISTA | PIÑA | AMUSCO | EL CARRIÓN | MONZÓN DE CAMPOS | PALENCIA | VENTA DE BAÑOS | DUEÑAS | CUBILLAS DE SANTA MARTA | CORCOS-AGUILAREJO | CABEZÓN DEL PISUERGA | VALLADOLID UNIVERSIDAD | VALLADOLID-CAMPO GRANDE
18102,REG.EXP.,SANTANDER | VALDECILLA | MALIAÑO | RENEDO | TORRELAVEGA | LOS CORRALES DE BUELNA | BÁRCENA | REINOSA | MATAPORQUERA | QUINTANILLA DE LAS TORRES | AGUILAR DE CAMPOO | MAVE | ALAR DEL REY | HERRERA DE PISUERGA | ESPINOSA DE VILLAGONZALO | OSORNO | FRÓMISTA | PIÑA | AMUSCO | EL CARRIÓN | MONZÓN DE CAMPOS | PALENCIA | VENTA DE BAÑOS | DUEÑAS | CUBILLAS DE SANTA MARTA | CORCOS-AGUILAREJO | CABEZÓN DEL PISUERGA | VALLADOLID UNIVERSIDAD | VALLADOLID-CAMPO GRANDE
18104,REG.EXP.,SANTANDER | VALDECILLA | MALIAÑO | RENEDO | TORRELAVEGA | LOS CORRALES DE BUELNA | BÁRCENA | REINOSA | MATAPORQUERA | AGUILAR DE CAMPOO | ALAR DEL REY | HERRERA DE PISUERGA | ESPINOSA DE VILLAGONZALO | OSORNO | FRÓMISTA | PIÑA | EL CARRIÓN | PALENCIA | VENTA DE BAÑOS | VALLADOLID UNIVERSIDAD | VALLADOLID-CAMPO GRANDE
18102,REG.EXP.,SANTANDER | VALDECILLA | MALIAÑO | RENEDO | TORRELAVEGA | LOS CORRALES DE BUELNA | BÁRCENA | REINOSA | MATAPORQUERA | QUINTANILLA DE LAS TORRES | AGUILAR DE CAMPOO | MAVE | ALAR DEL REY | HERRERA DE PISUERGA | ESPINOSA DE VILLAGONZALO | OSORNO | FRÓMISTA | PIÑA | AMUSCO | EL CARRIÓN | MONZÓN DE CAMPOS | PALENCIA | VENTA DE BAÑOS | DUEÑAS | CUBILLAS DE SANTA MARTA | CORCOS-AGUILAREJO | CABEZÓN DEL PISUERGA | VALLADOLID UNIVERSIDAD | VALLADOLID-CAMPO GRANDE
37072,MD,SANTANDER | TORRELAVEGA | REINOSA | AGUILAR DE CAMPOO | PALENCIA | VALLADOLID-CAMPO GRANDE
04072,ALVIA,SANTANDER | TORRELAVEGA | REINOSA | AGUILAR DE CAMPOO | PALENCIA | VALLADOLID-CAMPO GRANDE | SEGOVIA-GUIOMAR | MADRID-CHAMARTÍN-CLARA CAMPOAMOR | CUENCA-FERNANDO ZÓBEL | ALBACETE-LOS LLANOS | VILLENA ALTA VELOCIDAD | ALICANTE/ALACANT-TERMINAL
18102,REG.EXP.,SANTANDER | VALDECILLA | MALIAÑO | RENEDO | TORRELAVEGA | LOS CORRALES DE BUELNA | BÁRCENA | REINOSA | MATAPORQUERA | QUINTANILLA DE LAS TORRES | AGUILAR DE CAMPOO | MAVE | ALAR DEL REY | HERRERA DE PISUERGA | ESPINOSA DE VILLAGONZALO | OSORNO | FRÓMISTA | PIÑA | AMUSCO | EL CARRIÓN | MONZÓN DE CAMPOS | PALENCIA | VENTA DE BAÑOS | DUEÑAS | CUBILLAS DE SANTA MARTA | CORCOS-AGUILAREJO | CABEZÓN DEL PISUERGA | VALLADOLID UNIVERSIDAD | VALLADOLID-CAMPO GRANDE
18104,REG.EXP.,SANTANDER | VALDECILLA | MALIAÑO | RENEDO | TORRELAVEGA | LOS CORRALES DE BUELNA | BÁRCENA | REINOSA | MATAPORQUERA | AGUILAR DE CAMPOO | ALAR DEL REY | HERRERA DE PISUERGA | ESPINOSA DE VILLAGONZALO | OSORNO | FRÓMISTA | PIÑA | EL CARRIÓN | PALENCIA | VENTA DE BAÑOS | VALLADOLID UNIVERSIDAD | VALLADOLID-CAMPO GRANDE
04192,ALVIA,SANTANDER | TORRELAVEGA | REINOSA | AGUILAR DE CAMPOO | PALENCIA | VALLADOLID-CAMPO GRANDE | MADRID-CHAMARTÍN-CLARA CAMPOAMOR
18102,REG.EXP.,SANTANDER | VALDECILLA | MALIAÑO | RENEDO | TORRELAVEGA | LOS CORRALES DE BUELNA | BÁRCENA | REINOSA | MATAPORQUERA | QUINTANILLA DE LAS TORRES | AGUILAR DE CAMPOO | MAVE | ALAR DEL REY | HERRERA DE PISUERGA | ESPINOSA DE VILLAGONZALO | OSORNO | FRÓMISTA | PIÑA | AMUSCO | EL CARRIÓN | MONZÓN DE CAMPOS | PALENCIA | VENTA DE BAÑOS | DUEÑAS | CUBILLAS DE SANTA MARTA | CORCOS-AGUILAREJO | CABEZÓN DEL PISUERGA | VALLADOLID UNIVERSIDAD | VALLADOLID-CAMPO GRANDE
18104,REG.EXP.,SANTANDER | VALDECILLA | MALIAÑO | RENEDO | TORRELAVEGA | LOS CORRALES DE BUELNA | BÁRCENA | REINOSA | MATAPORQUERA | AGUILAR DE CAMPOO | ALAR DEL REY | HERRERA DE PISUERGA | ESPINOSA DE VILLAGONZALO | OSORNO | FRÓMISTA | PIÑA | EL CARRIÓN | PALENCIA | VENTA DE BAÑOS | VALLADOLID UNIVERSIDAD | VALLADOLID-CAMPO GRANDE
18102,REG.EXP.,SANTANDER | VALDECILLA | MALIAÑO | RENEDO | TORRELAVEGA | LOS CORRALES DE BUELNA | BÁRCENA | REINOSA | MATAPORQUERA | QUINTANILLA DE LAS TORRES | AGUILAR DE CAMPOO | MAVE | ALAR DEL REY | HERRERA DE PISUERGA | ESPINOSA DE VILLAGONZALO | OSORNO | FRÓMISTA | PIÑA | AMUSCO | EL CARRIÓN | MONZÓN DE CAMPOS | PALENCIA | VENTA DE BAÑOS | DUEÑAS | CUBILLAS DE SANTA MARTA | CORCOS-AGUILAREJO | CABEZÓN DEL PISUERGA | VALLADOLID UNIVERSIDAD | VALLADOLID-CAMPO GRANDE
18105,REG.EXP.,VALLADOLID-CAMPO GRANDE | VALLADOLID UNIVERSIDAD | CABEZÓN DEL PISUERGA | CORCOS-AGUILAREJO | CUBILLAS DE SANTA MARTA | DUEÑAS | VENTA DE BAÑOS | PALENCIA | MONZÓN DE CAMPOS | EL CARRIÓN | AMUSCO | PIÑA | FRÓMISTA | OSORNO | ESPINOSA DE VILLAGONZALO | HERRERA DE PISUERGA | ALAR DEL REY | MAVE | AGUILAR DE CAMPOO | QUINTANILLA DE LAS TORRES | MATAPORQUERA | REINOSA | BÁRCENA | LOS CORRALES DE BUELNA | TORRELAVEGA | RENEDO | MALIAÑO | VALDECILLA | SANTANDER
18102,REG.EXP.,SANTANDER | VALDECILLA | MALIAÑO | RENEDO | TORRELAVEGA | LOS CORRALES DE BUELNA | BÁRCENA | REINOSA | MATAPORQUERA | QUINTANILLA DE LAS TORRES | AGUILAR DE CAMPOO | MAVE | ALAR DEL REY | HERRERA DE PISUERGA | ESPINOSA DE VILLAGONZALO | OSORNO | FRÓMISTA | PIÑA | AMUSCO | EL CARRIÓN | MONZÓN DE CAMPOS | PALENCIA | VENTA DE BAÑOS | DUEÑAS | CUBILLAS DE SANTA MARTA | CORCOS-AGUILAREJO | CABEZÓN DEL PISUERGA | VALLADOLID UNIVERSIDAD | VALLADOLID-CAMPO GRANDE
18104,REG.EXP.,SANTANDER | VALDECILLA | MALIAÑO | RENEDO | TORRELAVEGA | LOS CORRALES DE BUELNA | BÁRCENA | REINOSA | MATAPORQUERA | AGUILAR DE CAMPOO | ALAR DEL REY | HERRERA DE PISUERGA | ESPINOSA DE VILLAGONZALO | OSORNO | FRÓMISTA | PIÑA | EL CARRIÓN | PALENCIA | VENTA DE BAÑOS | VALLADOLID UNIVERSIDAD | VALLADOLID-CAMPO GRANDE
18102,REG.EXP.,SANTANDER | VALDECILLA | MALIAÑO | RENEDO | TORRELAVEGA | LOS CORRALES DE BUELNA | BÁRCENA | REINOSA | MATAPORQUERA | QUINTANILLA DE LAS TORRES | AGUILAR DE CAMPOO | MAVE | ALAR DEL REY | HERRERA DE PISUERGA | ESPINOSA DE VILLAGONZALO | OSORNO | FRÓMISTA | PIÑA | AMUSCO | EL CARRIÓN | MONZÓN DE CAMPOS | PALENCIA | VENTA DE BAÑOS | DUEÑAS | CUBILLAS DE SANTA MARTA | CORCOS-AGUILAREJO | CABEZÓN DEL PISUERGA | VALLADOLID UNIVERSIDAD | VALLADOLID-CAMPO GRANDE
18102,REG.EXP.,SANTANDER | VALDECILLA | MALIAÑO | RENEDO | TORRELAVEGA | LOS CORRALES DE BUELNA | BÁRCENA | REINOSA | MATAPORQUERA | QUINTANILLA DE LAS TORRES | AGUILAR DE CAMPOO | MAVE | ALAR DEL REY | HERRERA DE PISUERGA | ESPINOSA DE VILLAGONZALO | OSORNO | FRÓMISTA | PIÑA | AMUSCO | EL CARRIÓN | MONZÓN DE CAMPOS | PALENCIA | VENTA DE BAÑOS | DUEÑAS | CUBILLAS DE SANTA MARTA | CORCOS-AGUILAREJO | CABEZÓN DEL PISUERGA | VALLADOLID UNIVERSIDAD | VALLADOLID-CAMPO GRANDE
37072,MD,SANTANDER | TORRELAVEGA | REINOSA | AGUILAR DE CAMPOO | PALENCIA | VALLADOLID-CAMPO GRANDE
04072,ALVIA,SANTANDER | TORRELAVEGA | REINOSA | AGUILAR DE CAMPOO | PALENCIA | VALLADOLID-CAMPO GRANDE | SEGOVIA-GUIOMAR | MADRID-CHAMARTÍN-CLARA CAMPOAMOR | CUENCA-FERNANDO ZÓBEL | ALBACETE-LOS LLANOS | VILLENA ALTA VELOCIDAD | ALICANTE/ALACANT-TERMINAL
18102,REG.EXP.,SANTANDER | VALDECILLA | MALIAÑO | RENEDO | TORRELAVEGA | LOS CORRALES DE BUELNA | BÁRCENA | REINOSA | MATAPORQUERA | QUINTANILLA DE LAS TORRES | AGUILAR DE CAMPOO | MAVE | ALAR DEL REY | HERRERA DE PISUERGA | ESPINOSA DE VILLAGONZALO | OSORNO | FRÓMISTA | PIÑA | AMUSCO | EL CARRIÓN | MONZÓN DE CAMPOS | PALENCIA | VENTA DE BAÑOS | DUEÑAS | CUBILLAS DE SANTA MARTA | CORCOS-AGUILAREJO | CABEZÓN DEL PISUERGA | VALLADOLID UNIVERSIDAD | VALLADOLID-CAMPO GRANDE
18104,REG.EXP.,SANTANDER | VALDECILLA | MALIAÑO | RENEDO | TORRELAVEGA | LOS CORRALES DE BUELNA | BÁRCENA | REINOSA | MATAPORQUERA | AGUILAR DE CAMPOO | ALAR DEL REY | HERRERA DE PISUERGA | ESPINOSA DE VILLAGONZALO | OSORNO | FRÓMISTA | PIÑA | EL CARRIÓN | PALENCIA | VENTA DE BAÑOS | VALLADOLID UNIVERSIDAD | VALLADOLID-CAMPO GRANDE
04192,ALVIA,SANTANDER | TORRELAVEGA | REINOSA | AGUILAR DE CAMPOO | PALENCIA | VALLADOLID-CAMPO GRANDE | MADRID-CHAMARTÍN-CLARA CAMPOAMOR
18102,REG.EXP.,SANTANDER | VALDECILLA | MALIAÑO | RENEDO | TORRELAVEGA | LOS CORRALES DE BUELNA | BÁRCENA | REINOSA | MATAPORQUERA | QUINTANILLA DE LAS TORRES | AGUILAR DE CAMPOO | MAVE | ALAR DEL REY | HERRERA DE PISUERGA | ESPINOSA DE VILLAGONZALO | OSORNO | FRÓMISTA | PIÑA | AMUSCO | EL CARRIÓN | MONZÓN DE CAMPOS | PALENCIA | VENTA DE BAÑOS | DUEÑAS | CUBILLAS DE SANTA MARTA | CORCOS-AGUILAREJO | CABEZÓN DEL PISUERGA | VALLADOLID UNIVERSIDAD | VALLADOLID-CAMPO GRANDE
18104,REG.EXP.,SANTANDER | VALDECILLA | MALIAÑO | RENEDO | TORRELAVEGA | LOS CORRALES DE BUELNA | BÁRCENA | REINOSA | MATAPORQUERA | AGUILAR DE CAMPOO | ALAR DEL REY | HERRERA DE PISUERGA | ESPINOSA DE VILLAGONZALO | OSORNO | FRÓMISTA | PIÑA | EL CARRIÓN | PALENCIA | VENTA DE BAÑOS | VALLADOLID UNIVERSIDAD | VALLADOLID-CAMPO GRANDE
18102,REG.EXP.,SANTANDER | VALDECILLA | MALIAÑO | RENEDO | TORRELAVEGA | LOS CORRALES DE BUELNA | BÁRCENA | REINOSA | MATAPORQUERA | QUINTANILLA DE LAS TORRES | AGUILAR DE CAMPOO | MAVE | ALAR DEL REY | HERRERA DE PISUERGA | ESPINOSA DE VILLAGONZALO | OSORNO | FRÓMISTA | PIÑA | AMUSCO | EL CARRIÓN | MONZÓN DE CAMPOS | PALENCIA | VENTA DE BAÑOS | DUEÑAS | CUBILLAS DE SANTA MARTA | CORCOS-AGUILAREJO | CABEZÓN DEL PISUERGA | VALLADOLID UNIVERSIDAD | VALLADOLID-CAMPO GRANDE
18104,REG.EXP.,SANTANDER | VALDECILLA | MALIAÑO | RENEDO | TORRELAVEGA | LOS CORRALES DE BUELNA | BÁRCENA | REINOSA | MATAPORQUERA | AGUILAR DE CAMPOO | ALAR DEL REY | HERRERA DE PISUERGA | ESPINOSA DE VILLAGONZALO | OSORNO | FRÓMISTA | PIÑA | EL CARRIÓN | PALENCIA | VENTA DE BAÑOS | VALLADOLID UNIVERSIDAD | VALLADOLID-CAMPO GRANDE
18102,REG.EXP.,SANTANDER | VALDECILLA | MALIAÑO | RENEDO | TORRELAVEGA | LOS CORRALES DE BUELNA | BÁRCENA | REINOSA | MATAPORQUERA | QUINTANILLA DE LAS TORRES | AGUILAR DE CAMPOO | MAVE | ALAR DEL REY | HERRERA DE PISUERGA | ESPINOSA DE VILLAGONZALO | OSORNO | FRÓMISTA | PIÑA | AMUSCO | EL CARRIÓN | MONZÓN DE CAMPOS | PALENCIA | VENTA DE BAÑOS | DUEÑAS | CUBILLAS DE SANTA MARTA | CORCOS-AGUILAREJO | CABEZÓN DEL PISUERGA | VALLADOLID UNIVERSIDAD | VALLADOLID-CAMPO GRANDE
18102,REG.EXP.,SANTANDER | VALDECILLA | MALIAÑO | RENEDO | TORRELAVEGA | LOS CORRALES DE BUELNA | BÁRCENA | REINOSA | MATAPORQUERA | QUINTANILLA DE LAS TORRES | AGUILAR DE CAMPOO | MAVE | ALAR DEL REY | HERRERA DE PISUERGA | ESPINOSA DE VILLAGONZALO | OSORNO | FRÓMISTA | PIÑA | AMUSCO | EL CARRIÓN | MONZÓN DE CAMPOS | PALENCIA | VENTA DE BAÑOS | DUEÑAS | CUBILLAS DE SANTA MARTA | CORCOS-AGUILAREJO | CABEZÓN DEL PISUERGA | VALLADOLID UNIVERSIDAD | VALLADOLID-CAMPO GRANDE
18104,REG.EXP.,SANTANDER | VALDECILLA | MALIAÑO | RENEDO | TORRELAVEGA | LOS CORRALES DE BUELNA | BÁRCENA | REINOSA | MATAPORQUERA | AGUILAR DE CAMPOO | ALAR DEL REY | HERRERA DE PISUERGA | ESPINOSA DE VILLAGONZALO | OSORNO | FRÓMISTA | PIÑA | EL CARRIÓN | PALENCIA | VENTA DE BAÑOS | VALLADOLID UNIVERSIDAD | VALLADOLID-CAMPO GRANDE
18102,REG.EXP.,SANTANDER | VALDECILLA | MALIAÑO | RENEDO | TORRELAVEGA | LOS CORRALES DE BUELNA | BÁRCENA | REINOSA | MATAPORQUERA | QUINTANILLA DE LAS TORRES | AGUILAR DE CAMPOO | MAVE | ALAR DEL REY | HERRERA DE PISUERGA | ESPINOSA DE VILLAGONZALO | OSORNO | FRÓMISTA | PIÑA | AMUSCO | EL CARRIÓN | MONZÓN DE CAMPOS | PALENCIA | VENTA DE BAÑOS | DUEÑAS | CUBILLAS DE SANTA MARTA | CORCOS-AGUILAREJO | CABEZÓN DEL PISUERGA | VALLADOLID UNIVERSIDAD | VALLADOLID-CAMPO GRANDE
18104,REG.EXP.,SANTANDER | VALDECILLA | MALIAÑO | RENEDO | TORRELAVEGA | LOS CORRALES DE BUELNA | BÁRCENA | REINOSA | MATAPORQUERA | AGUILAR DE CAMPOO | ALAR DEL REY | HERRERA DE PISUERGA | ESPINOSA DE VILLAGONZALO | OSORNO | FRÓMISTA | PIÑA | EL CARRIÓN | PALENCIA | VENTA DE BAÑOS | VALLADOLID UNIVERSIDAD | VALLADOLID-CAMPO GRANDE
18101,REG.EXP.,VALLADOLID-CAMPO GRANDE | VALLADOLID UNIVERSIDAD | CABEZÓN DEL PISUERGA | CORCOS-AGUILAREJO | CUBILLAS DE SANTA MARTA | DUEÑAS | VENTA DE BAÑOS | PALENCIA | EL CARRIÓN | PIÑA | FRÓMISTA | OSORNO | ESPINOSA DE VILLAGONZALO | HERRERA DE PISUERGA | ALAR DEL REY | AGUILAR DE CAMPOO | MATAPORQUERA | REINOSA | BÁRCENA | LOS CORRALES DE BUELNA | TORRELAVEGA | RENEDO | MALIAÑO | VALDECILLA | SANTANDER
18105,REG.EXP.,VALLADOLID-CAMPO GRANDE | VALLADOLID UNIVERSIDAD | CABEZÓN DEL PISUERGA | CORCOS-AGUILAREJO | CUBILLAS DE SANTA MARTA | DUEÑAS | VENTA DE BAÑOS | PALENCIA | MONZÓN DE CAMPOS | EL CARRIÓN | AMUSCO | PIÑA | FRÓMISTA | OSORNO | ESPINOSA DE VILLAGONZALO | HERRERA DE PISUERGA | ALAR DEL REY | MAVE | AGUILAR DE CAMPOO | QUINTANILLA DE LAS TORRES | MATAPORQUERA | REINOSA | BÁRCENA | LOS CORRALES DE BUELNA | TORRELAVEGA | RENEDO | MALIAÑO | VALDECILLA | SANTANDER
18216,PROXIMDAD,PALENCIA | VENTA DE BAÑOS | DUEÑAS | CUBILLAS DE SANTA MARTA | CORCOS-AGUILAREJO | CABEZÓN DEL PISUERGA | VALLADOLID UNIVERSIDAD | VALLADOLID-CAMPO GRANDE
18002,MD,LEÓN | SAHAGÚN | VILLADA | PAREDES DE NAVA | PALENCIA | VENTA DE BAÑOS | VALLADOLID UNIVERSIDAD | VALLADOLID-CAMPO GRANDE | MEDINA DEL CAMPO | ARÉVALO | ÁVILA | HERRADÓN-LA CAÑADA | NAVALPERAL | LAS NAVAS DEL MARQUÉS | SANTA MARÍA DE LA ALAMEDA-PEGUERINOS | ROBLEDO DE CHAVELA | ZARZALEJO | EL ESCORIAL | VILLALBA DE GUADARRAMA | MADRID-PRÍNCIPE PÍO
38002,PROXIMDAD,PALENCIA | VENTA DE BAÑOS | VALLADOLID UNIVERSIDAD | VALLADOLID-CAMPO GRANDE | MEDINA DEL CAMPO
18102,REG.EXP.,SANTANDER | VALDECILLA | MALIAÑO | RENEDO | TORRELAVEGA | LOS CORRALES DE BUELNA | BÁRCENA | REINOSA | MATAPORQUERA | QUINTANILLA DE LAS TORRES | AGUILAR DE CAMPOO | MAVE | ALAR DEL REY | HERRERA DE PISUERGA | ESPINOSA DE VILLAGONZALO | OSORNO | FRÓMISTA | PIÑA | AMUSCO | EL CARRIÓN | MONZÓN DE CAMPOS | PALENCIA | VENTA DE BAÑOS | DUEÑAS | CUBILLAS DE SANTA MARTA | CORCOS-AGUILAREJO | CABEZÓN DEL PISUERGA | VALLADOLID UNIVERSIDAD | VALLADOLID-CAMPO GRANDE
38102,PROXIMDAD,PALENCIA | VENTA DE BAÑOS | DUEÑAS | CUBILLAS DE SANTA MARTA | CORCOS-AGUILAREJO | CABEZÓN DEL PISUERGA | VALLADOLID UNIVERSIDAD | VALLADOLID-CAMPO GRANDE
18308,MD,PALENCIA | VENTA DE BAÑOS | DUEÑAS | VALLADOLID UNIVERSIDAD | VALLADOLID-CAMPO GRANDE | MEDINA DEL CAMPO | CAMPILLO | EL CARPIO | FRESNO EL VIEJO | CANTALAPIEDRA | EL PEDROSO DE LA ARMUÑA | GOMECELLO | SALAMANCA | SALAMANCA-LA ALAMEDILLA
38308,PROXIMDAD,PALENCIA | VENTA DE BAÑOS | DUEÑAS | VALLADOLID UNIVERSIDAD | VALLADOLID-CAMPO GRANDE | MEDINA DEL CAMPO
18218,PROXIMDAD,PALENCIA | VENTA DE BAÑOS | DUEÑAS | CUBILLAS DE SANTA MARTA | CORCOS-AGUILAREJO | CABEZÓN DEL PISUERGA | VALLADOLID UNIVERSIDAD | VALLADOLID-CAMPO GRANDE | VIANA | VALDESTILLAS | MATAPOZUELOS | POZALDEZ | MEDINA DEL CAMPO
18212,PROXIMDAD,PALENCIA | VENTA DE BAÑOS | DUEÑAS | CUBILLAS DE SANTA MARTA | CORCOS-AGUILAREJO | CABEZÓN DEL PISUERGA | VALLADOLID UNIVERSIDAD | VALLADOLID-CAMPO GRANDE
12100,REGIONAL,GIJÓN-SANZ CRESPO | CALZADA DE ASTURIAS | OVIEDO | LLAMAQUIQUE | MIERES-PUENTE | UJO | POLA DE LENA | CAMPOMANES | PUENTE DE LOS FIERROS | LINARES-CONGOSTINAS | BUSDONGO | VILLAMANÍN | SANTA LUCÍA | LA POLA DE GORDÓN | LA ROBLA | LEÓN | PALANQUINOS | EL BURGO RANERO | SAHAGÚN | GRAJAL | VILLADA | PAREDES DE NAVA | BECERRIL | GRIJOTA | PALENCIA | VENTA DE BAÑOS | DUEÑAS | CUBILLAS DE SANTA MARTA | CORCOS-AGUILAREJO | CABEZÓN DEL PISUERGA | VALLADOLID UNIVERSIDAD | VALLADOLID-CAMPO GRANDE
18104,REG.EXP.,SANTANDER | VALDECILLA | MALIAÑO | RENEDO | TORRELAVEGA | LOS CORRALES DE BUELNA | BÁRCENA | REINOSA | MATAPORQUERA | AGUILAR DE CAMPOO | ALAR DEL REY | HERRERA DE PISUERGA | ESPINOSA DE VILLAGONZALO | OSORNO | FRÓMISTA | PIÑA | EL CARRIÓN | PALENCIA | VENTA DE BAÑOS | VALLADOLID UNIVERSIDAD | VALLADOLID-CAMPO GRANDE
38104,PROXIMDAD,PALENCIA | VENTA DE BAÑOS | VALLADOLID UNIVERSIDAD | VALLADOLID-CAMPO GRANDE
18105,REG.EXP.,VALLADOLID-CAMPO GRANDE | VALLADOLID UNIVERSIDAD | CABEZÓN DEL PISUERGA | CORCOS-AGUILAREJO | CUBILLAS DE SANTA MARTA | DUEÑAS | VENTA DE BAÑOS | PALENCIA | MONZÓN DE CAMPOS | EL CARRIÓN | AMUSCO | PIÑA | FRÓMISTA | OSORNO | ESPINOSA DE VILLAGONZALO | HERRERA DE PISUERGA | ALAR DEL REY | MAVE | AGUILAR DE CAMPOO | QUINTANILLA DE LAS TORRES | MATAPORQUERA | REINOSA | BÁRCENA | LOS CORRALES DE BUELNA | TORRELAVEGA | RENEDO | MALIAÑO | VALDECILLA | SANTANDER
18101,REG.EXP.,VALLADOLID-CAMPO GRANDE | VALLADOLID UNIVERSIDAD | CABEZÓN DEL PISUERGA | CORCOS-AGUILAREJO | CUBILLAS DE SANTA MARTA | DUEÑAS | VENTA DE BAÑOS | PALENCIA | EL CARRIÓN | PIÑA | FRÓMISTA | OSORNO | ESPINOSA DE VILLAGONZALO | HERRERA DE PISUERGA | ALAR DEL REY | AGUILAR DE CAMPOO | MATAPORQUERA | REINOSA | BÁRCENA | LOS CORRALES DE BUELNA | TORRELAVEGA | RENEDO | MALIAÑO | VALDECILLA | SANTANDER
18105,REG.EXP.,VALLADOLID-CAMPO GRANDE | VALLADOLID UNIVERSIDAD | CABEZÓN DEL PISUERGA | CORCOS-AGUILAREJO | CUBILLAS DE SANTA MARTA | DUEÑAS | VENTA DE BAÑOS | PALENCIA | MONZÓN DE CAMPOS | EL CARRIÓN | AMUSCO | PIÑA | FRÓMISTA | OSORNO | ESPINOSA DE VILLAGONZALO | HERRERA DE PISUERGA | ALAR DEL REY | MAVE | AGUILAR DE CAMPOO | QUINTANILLA DE LAS TORRES | MATAPORQUERA | REINOSA | BÁRCENA | LOS CORRALES DE BUELNA | TORRELAVEGA | RENEDO | MALIAÑO | VALDECILLA | SANTANDER
18216,PROXIMDAD,PALENCIA | VENTA DE BAÑOS | DUEÑAS | CUBILLAS DE SANTA MARTA | CORCOS-AGUILAREJO | CABEZÓN DEL PISUERGA | VALLADOLID UNIVERSIDAD | VALLADOLID-CAMPO GRANDE
18102,REG.EXP.,SANTANDER | VALDECILLA | MALIAÑO | RENEDO | TORRELAVEGA | LOS CORRALES DE BUELNA | BÁRCENA | REINOSA | MATAPORQUERA | QUINTANILLA DE LAS TORRES | AGUILAR DE CAMPOO | MAVE | ALAR DEL REY | HERRERA DE PISUERGA | ESPINOSA DE VILLAGONZALO | OSORNO | FRÓMISTA | PIÑA | AMUSCO | EL CARRIÓN | MONZÓN DE CAMPOS | PALENCIA | VENTA DE BAÑOS | DUEÑAS | CUBILLAS DE SANTA MARTA | CORCOS-AGUILAREJO | CABEZÓN DEL PISUERGA | VALLADOLID UNIVERSIDAD | VALLADOLID-CAMPO GRANDE
38102,PROXIMDAD,PALENCIA | VENTA DE BAÑOS | DUEÑAS | CUBILLAS DE SANTA MARTA | CORCOS-AGUILAREJO | CABEZÓN DEL PISUERGA | VALLADOLID UNIVERSIDAD | VALLADOLID-CAMPO GRANDE
18308,MD,PALENCIA | VENTA DE BAÑOS | DUEÑAS | VALLADOLID UNIVERSIDAD | VALLADOLID-CAMPO GRANDE | MEDINA DEL CAMPO | CAMPILLO | EL CARPIO | FRESNO EL VIEJO | CANTALAPIEDRA | EL PEDROSO DE LA ARMUÑA | GOMECELLO | SALAMANCA | SALAMANCA-LA ALAMEDILLA
38308,PROXIMDAD,PALENCIA | VENTA DE BAÑOS | DUEÑAS | VALLADOLID UNIVERSIDAD | VALLADOLID-CAMPO GRANDE | MEDINA DEL CAMPO
18218,PROXIMDAD,PALENCIA | VENTA DE BAÑOS | DUEÑAS | CUBILLAS DE SANTA MARTA | CORCOS-AGUILAREJO | CABEZÓN DEL PISUERGA | VALLADOLID UNIVERSIDAD | VALLADOLID-CAMPO GRANDE | VIANA | VALDESTILLAS | MATAPOZUELOS | POZALDEZ | MEDINA DEL CAMPO
18212,PROXIMDAD,PALENCIA | VENTA DE BAÑOS | DUEÑAS | CUBILLAS DE SANTA MARTA | CORCOS-AGUILAREJO | CABEZÓN DEL PISUERGA | VALLADOLID UNIVERSIDAD | VALLADOLID-CAMPO GRANDE
12100,REGIONAL,GIJÓN-SANZ CRESPO | CALZADA DE ASTURIAS | OVIEDO | LLAMAQUIQUE | MIERES-PUENTE | UJO | POLA DE LENA | CAMPOMANES | PUENTE DE LOS FIERROS | LINARES-CONGOSTINAS | BUSDONGO | VILLAMANÍN | SANTA LUCÍA | LA POLA DE GORDÓN | LA ROBLA | LEÓN | PALANQUINOS | EL BURGO RANERO | SAHAGÚN | GRAJAL | VILLADA | PAREDES DE NAVA | BECERRIL | GRIJOTA | PALENCIA | VENTA DE BAÑOS | DUEÑAS | CUBILLAS DE SANTA MARTA | CORCOS-AGUILAREJO | CABEZÓN DEL PISUERGA | VALLADOLID UNIVERSIDAD | VALLADOLID-CAMPO GRANDE
18066,MD,PALENCIA | VENTA DE BAÑOS | VALLADOLID-CAMPO GRANDE | MEDINA DEL CAMPO | ARÉVALO | ÁVILA | HERRADÓN-LA CAÑADA | NAVALPERAL | LAS NAVAS DEL MARQUÉS | SANTA MARÍA DE LA ALAMEDA-PEGUERINOS | ROBLEDO DE CHAVELA | ZARZALEJO | EL ESCORIAL | VILLALBA DE GUADARRAMA | MADRID-PRÍNCIPE PÍO
38066,PROXIMDAD,PALENCIA | VENTA DE BAÑOS | VALLADOLID-CAMPO GRANDE | MEDINA DEL CAMPO
18216,PROXIMDAD,PALENCIA | VENTA DE BAÑOS | DUEÑAS | CUBILLAS DE SANTA MARTA | CORCOS-AGUILAREJO | CABEZÓN DEL PISUERGA | VALLADOLID UNIVERSIDAD | VALLADOLID-CAMPO GRANDE
18002,MD,LEÓN | SAHAGÚN | VILLADA | PAREDES DE NAVA | PALENCIA | VENTA DE BAÑOS | VALLADOLID UNIVERSIDAD | VALLADOLID-CAMPO GRANDE | MEDINA DEL CAMPO | ARÉVALO | ÁVILA | HERRADÓN-LA CAÑADA | NAVALPERAL | LAS NAVAS DEL MARQUÉS | SANTA MARÍA DE LA ALAMEDA-PEGUERINOS | ROBLEDO DE CHAVELA | ZARZALEJO | EL ESCORIAL | VILLALBA DE GUADARRAMA | MADRID-PRÍNCIPE PÍO
38002,PROXIMDAD,PALENCIA | VENTA DE BAÑOS | VALLADOLID UNIVERSIDAD | VALLADOLID-CAMPO GRANDE | MEDINA DEL CAMPO
18010,MD,ALTSASU | ARAIA | AGURAIN-SALVATIERRA DE ÁLAVA | ALEGRÍA-DULANTZI | VITORIA-GASTEIZ | MIRANDA DE EBRO | PANCORBO | BRIVIESCA | BURGOS-ROSA MANZANO | VILLAQUIRÁN | QUINTANA DEL PUENTE | MAGAZ | VENTA DE BAÑOS | VALLADOLID-CAMPO GRANDE | MEDINA DEL CAMPO | ARÉVALO | ÁVILA | EL ESCORIAL | VILLALBA DE GUADARRAMA | MADRID-PRÍNCIPE PÍO
38010,PROXIMDAD,PALENCIA | VENTA DE BAÑOS | VALLADOLID-CAMPO GRANDE | MEDINA DEL CAMPO
18102,REG.EXP.,SANTANDER | VALDECILLA | MALIAÑO | RENEDO | TORRELAVEGA | LOS CORRALES DE BUELNA | BÁRCENA | REINOSA | MATAPORQUERA | QUINTANILLA DE LAS TORRES | AGUILAR DE CAMPOO | MAVE | ALAR DEL REY | HERRERA DE PISUERGA | ESPINOSA DE VILLAGONZALO | OSORNO | FRÓMISTA | PIÑA | AMUSCO | EL CARRIÓN | MONZÓN DE CAMPOS | PALENCIA | VENTA DE BAÑOS | DUEÑAS | CUBILLAS DE SANTA MARTA | CORCOS-AGUILAREJO | CABEZÓN DEL PISUERGA | VALLADOLID UNIVERSIDAD | VALLADOLID-CAMPO GRANDE
38102,PROXIMDAD,PALENCIA | VENTA DE BAÑOS | DUEÑAS | CUBILLAS DE SANTA MARTA | CORCOS-AGUILAREJO | CABEZÓN DEL PISUERGA | VALLADOLID UNIVERSIDAD | VALLADOLID-CAMPO GRANDE
18308,MD,PALENCIA | VENTA DE BAÑOS | DUEÑAS | VALLADOLID UNIVERSIDAD | VALLADOLID-CAMPO GRANDE | MEDINA DEL CAMPO | CAMPILLO | EL CARPIO | FRESNO EL VIEJO | CANTALAPIEDRA | EL PEDROSO DE LA ARMUÑA | GOMECELLO | SALAMANCA | SALAMANCA-LA ALAMEDILLA
38308,PROXIMDAD,PALENCIA | VENTA DE BAÑOS | DUEÑAS | VALLADOLID UNIVERSIDAD | VALLADOLID-CAMPO GRANDE | MEDINA DEL CAMPO
18012,MD,IRUN | LEZO-RENTERÍA | PASAIA | SAN SEBASTIÁN-DONOSTIA | HERNANI-ERDIA | ANDOAIN-CENTRO | BILLABONA-ZIZURKIL | TOLOSA | ORDIZIA | BEASAIN | ZUMARRAGA | LEGAZPI | ALTSASU | ARAIA | AGURAIN-SALVATIERRA DE ÁLAVA | ALEGRÍA-DULANTZI | VITORIA-GASTEIZ | MIRANDA DE EBRO | BRIVIESCA | BURGOS-ROSA MANZANO | VENTA DE BAÑOS | VALLADOLID-CAMPO GRANDE | MEDINA DEL CAMPO | ARÉVALO | ÁVILA | EL ESCORIAL | VILLALBA DE GUADARRAMA | MADRID-PRÍNCIPE PÍO
38112,PROXIMDAD,PALENCIA | VENTA DE BAÑOS | VALLADOLID-CAMPO GRANDE | MEDINA DEL CAMPO
18218,PROXIMDAD,PALENCIA | VENTA DE BAÑOS | DUEÑAS | CUBILLAS DE SANTA MARTA | CORCOS-AGUILAREJO | CABEZÓN DEL PISUERGA | VALLADOLID UNIVERSIDAD | VALLADOLID-CAMPO GRANDE | VIANA | VALDESTILLAS | MATAPOZUELOS | POZALDEZ | MEDINA DEL CAMPO
18212,PROXIMDAD,PALENCIA | VENTA DE BAÑOS | DUEÑAS | CUBILLAS DE SANTA MARTA | CORCOS-AGUILAREJO | CABEZÓN DEL PISUERGA | VALLADOLID UNIVERSIDAD | VALLADOLID-CAMPO GRANDE
18006,MD,LEÓN | SAHAGÚN | VILLADA | PAREDES DE NAVA | PALENCIA | VENTA DE BAÑOS | VALLADOLID-CAMPO GRANDE | MEDINA DEL CAMPO | ARÉVALO | ÁVILA | HERRADÓN-LA CAÑADA | NAVALPERAL | LAS NAVAS DEL MARQUÉS | SANTA MARÍA DE LA ALAMEDA-PEGUERINOS | ROBLEDO DE CHAVELA | ZARZALEJO | EL ESCORIAL | VILLALBA DE GUADARRAMA | MADRID-PRÍNCIPE PÍO
38006,PROXIMDAD,PALENCIA | VENTA DE BAÑOS | VALLADOLID-CAMPO GRANDE | MEDINA DEL CAMPO
18014,MD,IRUN | LEZO-RENTERÍA | PASAIA | SAN SEBASTIÁN-DONOSTIA | HERNANI-ERDIA | ANDOAIN-CENTRO | BILLABONA-ZIZURKIL | TOLOSA | ORDIZIA | BEASAIN | ZUMARRAGA | LEGAZPI | ALTSASU | ARAIA | AGURAIN-SALVATIERRA DE ÁLAVA | ALEGRÍA-DULANTZI | VITORIA-GASTEIZ | MIRANDA DE EBRO | BRIVIESCA | BURGOS-ROSA MANZANO | VENTA DE BAÑOS | VALLADOLID-CAMPO GRANDE | MEDINA DEL CAMPO | ARÉVALO | ÁVILA | GUIMORCONDO | HERRADÓN-LA CAÑADA | NAVALPERAL | LAS NAVAS DEL MARQUÉS | EL PIMPOLLAR | SANTA MARÍA DE LA ALAMEDA-PEGUERINOS | ROBLEDO DE CHAVELA | ZARZALEJO | EL ESCORIAL | VILLALBA DE GUADARRAMA | MADRID-PRÍNCIPE PÍO
38114,PROXIMDAD,PALENCIA | VENTA DE BAÑOS | VALLADOLID-CAMPO GRANDE | MEDINA DEL CAMPO
12100,REGIONAL,GIJÓN-SANZ CRESPO | CALZADA DE ASTURIAS | OVIEDO | LLAMAQUIQUE | MIERES-PUENTE | UJO | POLA DE LENA | CAMPOMANES | PUENTE DE LOS FIERROS | LINARES-CONGOSTINAS | BUSDONGO | VILLAMANÍN | SANTA LUCÍA | LA POLA DE GORDÓN | LA ROBLA | LEÓN | PALANQUINOS | EL BURGO RANERO | SAHAGÚN | GRAJAL | VILLADA | PAREDES DE NAVA | BECERRIL | GRIJOTA | PALENCIA | VENTA DE BAÑOS | DUEÑAS | CUBILLAS DE SANTA MARTA | CORCOS-AGUILAREJO | CABEZÓN DEL PISUERGA | VALLADOLID UNIVERSIDAD | VALLADOLID-CAMPO GRANDE
18104,REG.EXP.,SANTANDER | VALDECILLA | MALIAÑO | RENEDO | TORRELAVEGA | LOS CORRALES DE BUELNA | BÁRCENA | REINOSA | MATAPORQUERA | AGUILAR DE CAMPOO | ALAR DEL REY | HERRERA DE PISUERGA | ESPINOSA DE VILLAGONZALO | OSORNO | FRÓMISTA | PIÑA | EL CARRIÓN | PALENCIA | VENTA DE BAÑOS | VALLADOLID UNIVERSIDAD | VALLADOLID-CAMPO GRANDE
38104,PROXIMDAD,PALENCIA | VENTA DE BAÑOS | VALLADOLID UNIVERSIDAD | VALLADOLID-CAMPO GRANDE
18218,PROXIMDAD,PALENCIA | VENTA DE BAÑOS | DUEÑAS | CUBILLAS DE SANTA MARTA | CORCOS-AGUILAREJO | CABEZÓN DEL PISUERGA | VALLADOLID UNIVERSIDAD | VALLADOLID-CAMPO GRANDE | VIANA | VALDESTILLAS | MATAPOZUELOS | POZALDEZ | MEDINA DEL CAMPO
18101,REG.EXP.,VALLADOLID-CAMPO GRANDE | VALLADOLID UNIVERSIDAD | CABEZÓN DEL PISUERGA | CORCOS-AGUILAREJO | CUBILLAS DE SANTA MARTA | DUEÑAS | VENTA DE BAÑOS | PALENCIA | EL CARRIÓN | PIÑA | FRÓMISTA | OSORNO | ESPINOSA DE VILLAGONZALO | HERRERA DE PISUERGA | ALAR DEL REY | AGUILAR DE CAMPOO | MATAPORQUERA | REINOSA | BÁRCENA | LOS CORRALES DE BUELNA | TORRELAVEGA | RENEDO | MALIAÑO | VALDECILLA | SANTANDER
18105,REG.EXP.,VALLADOLID-CAMPO GRANDE | VALLADOLID UNIVERSIDAD | CABEZÓN DEL PISUERGA | CORCOS-AGUILAREJO | CUBILLAS DE SANTA MARTA | DUEÑAS | VENTA DE BAÑOS | PALENCIA | MONZÓN DE CAMPOS | EL CARRIÓN | AMUSCO | PIÑA | FRÓMISTA | OSORNO | ESPINOSA DE VILLAGONZALO | HERRERA DE PISUERGA | ALAR DEL REY | MAVE | AGUILAR DE CAMPOO | QUINTANILLA DE LAS TORRES | MATAPORQUERA | REINOSA | BÁRCENA | LOS CORRALES DE BUELNA | TORRELAVEGA | RENEDO | MALIAÑO | VALDECILLA | SANTANDER
18105,REG.EXP.,VALLADOLID-CAMPO GRANDE | VALLADOLID UNIVERSIDAD | CABEZÓN DEL PISUERGA | CORCOS-AGUILAREJO | CUBILLAS DE SANTA MARTA | DUEÑAS | VENTA DE BAÑOS | PALENCIA | MONZÓN DE CAMPOS | EL CARRIÓN | AMUSCO | PIÑA | FRÓMISTA | OSORNO | ESPINOSA DE VILLAGONZALO | HERRERA DE PISUERGA | ALAR DEL REY | MAVE | AGUILAR DE CAMPOO | QUINTANILLA DE LAS TORRES | MATAPORQUERA | REINOSA | BÁRCENA | LOS CORRALES DE BUELNA | TORRELAVEGA | RENEDO | MALIAÑO | VALDECILLA | SANTANDER
18308,MD,PALENCIA | VENTA DE BAÑOS | DUEÑAS | VALLADOLID UNIVERSIDAD | VALLADOLID-CAMPO GRANDE | MEDINA DEL CAMPO | CAMPILLO | EL CARPIO | FRESNO EL VIEJO | CANTALAPIEDRA | EL PEDROSO DE LA ARMUÑA | GOMECELLO | SALAMANCA | SALAMANCA-LA ALAMEDILLA
18105,REG.EXP.,VALLADOLID-CAMPO GRANDE | VALLADOLID UNIVERSIDAD | CABEZÓN DEL PISUERGA | CORCOS-AGUILAREJO | CUBILLAS DE SANTA MARTA | DUEÑAS | VENTA DE BAÑOS | PALENCIA | MONZÓN DE CAMPOS | EL CARRIÓN | AMUSCO | PIÑA | FRÓMISTA | OSORNO | ESPINOSA DE VILLAGONZALO | HERRERA DE PISUERGA | ALAR DEL REY | MAVE | AGUILAR DE CAMPOO | QUINTANILLA DE LAS TORRES | MATAPORQUERA | REINOSA | BÁRCENA | LOS CORRALES DE BUELNA | TORRELAVEGA | RENEDO | MALIAÑO | VALDECILLA | SANTANDER
18101,REG.EXP.,VALLADOLID-CAMPO GRANDE | VALLADOLID UNIVERSIDAD | CABEZÓN DEL PISUERGA | CORCOS-AGUILAREJO | CUBILLAS DE SANTA MARTA | DUEÑAS | VENTA DE BAÑOS | PALENCIA | EL CARRIÓN | PIÑA | FRÓMISTA | OSORNO | ESPINOSA DE VILLAGONZALO | HERRERA DE PISUERGA | ALAR DEL REY | AGUILAR DE CAMPOO | MATAPORQUERA | REINOSA | BÁRCENA | LOS CORRALES DE BUELNA | TORRELAVEGA | RENEDO | MALIAÑO | VALDECILLA | SANTANDER
18105,REG.EXP.,VALLADOLID-CAMPO GRANDE | VALLADOLID UNIVERSIDAD | CABEZÓN DEL PISUERGA | CORCOS-AGUILAREJO | CUBILLAS DE SANTA MARTA | DUEÑAS | VENTA DE BAÑOS | PALENCIA | MONZÓN DE CAMPOS | EL CARRIÓN | AMUSCO | PIÑA | FRÓMISTA | OSORNO | ESPINOSA DE VILLAGONZALO | HERRERA DE PISUERGA | ALAR DEL REY | MAVE | AGUILAR DE CAMPOO | QUINTANILLA DE LAS TORRES | MATAPORQUERA | REINOSA | BÁRCENA | LOS CORRALES DE BUELNA | TORRELAVEGA | RENEDO | MALIAÑO | VALDECILLA | SANTANDER
18218,PROXIMDAD,PALENCIA | VENTA DE BAÑOS | DUEÑAS | CUBILLAS DE SANTA MARTA | CORCOS-AGUILAREJO | CABEZÓN DEL PISUERGA | VALLADOLID UNIVERSIDAD | VALLADOLID-CAMPO GRANDE | VIANA | VALDESTILLAS | MATAPOZUELOS | POZALDEZ | MEDINA DEL CAMPO
18216,PROXIMDAD,PALENCIA | VENTA DE BAÑOS | DUEÑAS | CUBILLAS DE SANTA MARTA | CORCOS-AGUILAREJO | CABEZÓN DEL PISUERGA | VALLADOLID UNIVERSIDAD | VALLADOLID-CAMPO GRANDE
18102,REG.EXP.,SANTANDER | VALDECILLA | MALIAÑO | RENEDO | TORRELAVEGA | LOS CORRALES DE BUELNA | BÁRCENA | REINOSA | MATAPORQUERA | QUINTANILLA DE LAS TORRES | AGUILAR DE CAMPOO | MAVE | ALAR DEL REY | HERRERA DE PISUERGA | ESPINOSA DE VILLAGONZALO | OSORNO | FRÓMISTA | PIÑA | AMUSCO | EL CARRIÓN | MONZÓN DE CAMPOS | PALENCIA | VENTA DE BAÑOS | DUEÑAS | CUBILLAS DE SANTA MARTA | CORCOS-AGUILAREJO | CABEZÓN DEL PISUERGA | VALLADOLID UNIVERSIDAD | VALLADOLID-CAMPO GRANDE
38102,PROXIMDAD,PALENCIA | VENTA DE BAÑOS | DUEÑAS | CUBILLAS DE SANTA MARTA | CORCOS-AGUILAREJO | CABEZÓN DEL PISUERGA | VALLADOLID UNIVERSIDAD | VALLADOLID-CAMPO GRANDE
18218,PROXIMDAD,PALENCIA | VENTA DE BAÑOS | DUEÑAS | CUBILLAS DE SANTA MARTA | CORCOS-AGUILAREJO | CABEZÓN DEL PISUERGA | VALLADOLID UNIVERSIDAD | VALLADOLID-CAMPO GRANDE | VIANA | VALDESTILLAS | MATAPOZUELOS | POZALDEZ | MEDINA DEL CAMPO
18212,PROXIMDAD,PALENCIA | VENTA DE BAÑOS | DUEÑAS | CUBILLAS DE SANTA MARTA | CORCOS-AGUILAREJO | CABEZÓN DEL PISUERGA | VALLADOLID UNIVERSIDAD | VALLADOLID-CAMPO GRANDE
12100,REGIONAL,GIJÓN-SANZ CRESPO | CALZADA DE ASTURIAS | OVIEDO | LLAMAQUIQUE | MIERES-PUENTE | UJO | POLA DE LENA | CAMPOMANES | PUENTE DE LOS FIERROS | LINARES-CONGOSTINAS | BUSDONGO | VILLAMANÍN | SANTA LUCÍA | LA POLA DE GORDÓN | LA ROBLA | LEÓN | PALANQUINOS | EL BURGO RANERO | SAHAGÚN | GRAJAL | VILLADA | PAREDES DE NAVA | BECERRIL | GRIJOTA | PALENCIA | VENTA DE BAÑOS | DUEÑAS | CUBILLAS DE SANTA MARTA | CORCOS-AGUILAREJO | CABEZÓN DEL PISUERGA | VALLADOLID UNIVERSIDAD | VALLADOLID-CAMPO GRANDE
18216,PROXIMDAD,PALENCIA | VENTA DE BAÑOS | DUEÑAS | CUBILLAS DE SANTA MARTA | CORCOS-AGUILAREJO | CABEZÓN DEL PISUERGA | VALLADOLID UNIVERSIDAD | VALLADOLID-CAMPO GRANDE
18102,REG.EXP.,SANTANDER | VALDECILLA | MALIAÑO | RENEDO | TORRELAVEGA | LOS CORRALES DE BUELNA | BÁRCENA | REINOSA | MATAPORQUERA | QUINTANILLA DE LAS TORRES | AGUILAR DE CAMPOO | MAVE | ALAR DEL REY | HERRERA DE PISUERGA | ESPINOSA DE VILLAGONZALO | OSORNO | FRÓMISTA | PIÑA | AMUSCO | EL CARRIÓN | MONZÓN DE CAMPOS | PALENCIA | VENTA DE BAÑOS | DUEÑAS | CUBILLAS DE SANTA MARTA | CORCOS-AGUILAREJO | CABEZÓN DEL PISUERGA | VALLADOLID UNIVERSIDAD | VALLADOLID-CAMPO GRANDE
38102,PROXIMDAD,PALENCIA | VENTA DE BAÑOS | DUEÑAS | CUBILLAS DE SANTA MARTA | CORCOS-AGUILAREJO | CABEZÓN DEL PISUERGA | VALLADOLID UNIVERSIDAD | VALLADOLID-CAMPO GRANDE
18218,PROXIMDAD,PALENCIA | VENTA DE BAÑOS | DUEÑAS | CUBILLAS DE SANTA MARTA | CORCOS-AGUILAREJO | CABEZÓN DEL PISUERGA | VALLADOLID UNIVERSIDAD | VALLADOLID-CAMPO GRANDE | VIANA | VALDESTILLAS | MATAPOZUELOS | POZALDEZ | MEDINA DEL CAMPO
18212,PROXIMDAD,PALENCIA | VENTA DE BAÑOS | DUEÑAS | CUBILLAS DE SANTA MARTA | CORCOS-AGUILAREJO | CABEZÓN DEL PISUERGA | VALLADOLID UNIVERSIDAD | VALLADOLID-CAMPO GRANDE
12100,REGIONAL,GIJÓN-SANZ CRESPO | CALZADA DE ASTURIAS | OVIEDO | LLAMAQUIQUE | MIERES-PUENTE | UJO | POLA DE LENA | CAMPOMANES | PUENTE DE LOS FIERROS | LINARES-CONGOSTINAS | BUSDONGO | VILLAMANÍN | SANTA LUCÍA | LA POLA DE GORDÓN | LA ROBLA | LEÓN | PALANQUINOS | EL BURGO RANERO | SAHAGÚN | GRAJAL | VILLADA | PAREDES DE NAVA | BECERRIL | GRIJOTA | PALENCIA | VENTA DE BAÑOS | DUEÑAS | CUBILLAS DE SANTA MARTA | CORCOS-AGUILAREJO | CABEZÓN DEL PISUERGA | VALLADOLID UNIVERSIDAD | VALLADOLID-CAMPO GRANDE
18218,PROXIMDAD,PALENCIA | VENTA DE BAÑOS | DUEÑAS | CUBILLAS DE SANTA MARTA | CORCOS-AGUILAREJO | CABEZÓN DEL PISUERGA | VALLADOLID UNIVERSIDAD | VALLADOLID-CAMPO GRANDE | VIANA | VALDESTILLAS | MATAPOZUELOS | POZALDEZ | MEDINA DEL CAMPO
18065,MD,MADRID-PRÍNCIPE PÍO | VILLALBA DE GUADARRAMA | EL ESCORIAL | ZARZALEJO | ROBLEDO DE CHAVELA | SANTA MARÍA DE LA ALAMEDA-PEGUERINOS | LAS NAVAS DEL MARQUÉS | NAVALPERAL | HERRADÓN-LA CAÑADA | ÁVILA | ARÉVALO | MEDINA DEL CAMPO | VALLADOLID-CAMPO GRANDE | VENTA DE BAÑOS | MAGAZ | QUINTANA DEL PUENTE | VILLAQUIRÁN | BURGOS-ROSA MANZANO | BRIVIESCA | MIRANDA DE EBRO | VITORIA-GASTEIZ | ALEGRÍA-DULANTZI | AGURAIN-SALVATIERRA DE ÁLAVA | ARAIA | ALTSASU
12101,REGIONAL,VALLADOLID-CAMPO GRANDE | VALLADOLID UNIVERSIDAD | CABEZÓN DEL PISUERGA | DUEÑAS | VENTA DE BAÑOS | PALENCIA | PAREDES DE NAVA | VILLADA | GRAJAL | SAHAGÚN | EL BURGO RANERO | PALANQUINOS | LEÓN | LA ROBLA | LA POLA DE GORDÓN | SANTA LUCÍA | VILLAMANÍN | BUSDONGO | LINARES-CONGOSTINAS | PUENTE DE LOS FIERROS | CAMPOMANES | POLA DE LENA | UJO | MIERES-PUENTE | LLAMAQUIQUE | OVIEDO | CALZADA DE ASTURIAS | GIJÓN-SANZ CRESPO
18101,REG.EXP.,VALLADOLID-CAMPO GRANDE | VALLADOLID UNIVERSIDAD | CABEZÓN DEL PISUERGA | CORCOS-AGUILAREJO | CUBILLAS DE SANTA MARTA | DUEÑAS | VENTA DE BAÑOS | PALENCIA | EL CARRIÓN | PIÑA | FRÓMISTA | OSORNO | ESPINOSA DE VILLAGONZALO | HERRERA DE PISUERGA | ALAR DEL REY | AGUILAR DE CAMPOO | MATAPORQUERA | REINOSA | BÁRCENA | LOS CORRALES DE BUELNA | TORRELAVEGA | RENEDO | MALIAÑO | VALDECILLA | SANTANDER
38401,PROXIMDAD,VALLADOLID-CAMPO GRANDE | VALLADOLID UNIVERSIDAD | CABEZÓN DEL PISUERGA | CORCOS-AGUILAREJO | CUBILLAS DE SANTA MARTA | DUEÑAS | VENTA DE BAÑOS | PALENCIA
38061,PROXIMDAD,MEDINA DEL CAMPO | VALLADOLID-CAMPO GRANDE | VENTA DE BAÑOS | PALENCIA
18061,MD,MADRID-PRÍNCIPE PÍO | VILLALBA DE GUADARRAMA | EL ESCORIAL | ÁVILA | ARÉVALO | MEDINA DEL CAMPO | VALLADOLID-CAMPO GRANDE | VENTA DE BAÑOS | PALENCIA
18211,PROXIMDAD,VALLADOLID-CAMPO GRANDE | VALLADOLID UNIVERSIDAD | CABEZÓN DEL PISUERGA | CORCOS-AGUILAREJO | CUBILLAS DE SANTA MARTA | DUEÑAS | VENTA DE BAÑOS | PALENCIA
18217,PROXIMDAD,VALLADOLID-CAMPO GRANDE | VALLADOLID UNIVERSIDAD | CABEZÓN DEL PISUERGA | CORCOS-AGUILAREJO | CUBILLAS DE SANTA MARTA | DUEÑAS | VENTA DE BAÑOS | PALENCIA
18063,MD,MADRID-PRÍNCIPE PÍO | VILLALBA DE GUADARRAMA | EL ESCORIAL | ZARZALEJO | ROBLEDO DE CHAVELA | SANTA MARÍA DE LA ALAMEDA-PEGUERINOS | LAS NAVAS DEL MARQUÉS | NAVALPERAL | HERRADÓN-LA CAÑADA | ÁVILA | ARÉVALO | MEDINA DEL CAMPO | VALLADOLID-CAMPO GRANDE | VENTA DE BAÑOS | PALENCIA
38063,PROXIMDAD,MEDINA DEL CAMPO | VALLADOLID-CAMPO GRANDE | VENTA DE BAÑOS | PALENCIA
18306,MD,SALAMANCA | MORISCOS | GOMECELLO | PITIEGUA | EL PEDROSO DE LA ARMUÑA | CANTALAPIEDRA | FRESNO EL VIEJO | EL CARPIO | MEDINA DEL CAMPO | POZALDEZ | MATAPOZUELOS | VALDESTILLAS | VIANA | VALLADOLID-CAMPO GRANDE | VALLADOLID UNIVERSIDAD | VENTA DE BAÑOS | PALENCIA
38306,PROXIMDAD,MEDINA DEL CAMPO | POZALDEZ | MATAPOZUELOS | VALDESTILLAS | VIANA | VALLADOLID-CAMPO GRANDE | VALLADOLID UNIVERSIDAD | VENTA DE BAÑOS | PALENCIA
18105,REG.EXP.,VALLADOLID-CAMPO GRANDE | VALLADOLID UNIVERSIDAD | CABEZÓN DEL PISUERGA | CORCOS-AGUILAREJO | CUBILLAS DE SANTA MARTA | DUEÑAS | VENTA DE BAÑOS | PALENCIA | MONZÓN DE CAMPOS | EL CARRIÓN | AMUSCO | PIÑA | FRÓMISTA | OSORNO | ESPINOSA DE VILLAGONZALO | HERRERA DE PISUERGA | ALAR DEL REY | MAVE | AGUILAR DE CAMPOO | QUINTANILLA DE LAS TORRES | MATAPORQUERA | REINOSA | BÁRCENA | LOS CORRALES DE BUELNA | TORRELAVEGA | RENEDO | MALIAÑO | VALDECILLA | SANTANDER
38105,PROXIMDAD,VALLADOLID-CAMPO GRANDE | VALLADOLID UNIVERSIDAD | CABEZÓN DEL PISUERGA | CORCOS-AGUILAREJO | CUBILLAS DE SANTA MARTA | DUEÑAS | VENTA DE BAÑOS | PALENCIA
18003,MD,MADRID-PRÍNCIPE PÍO | VILLALBA DE GUADARRAMA | EL ESCORIAL | ÁVILA | ARÉVALO | MEDINA DEL CAMPO | VALLADOLID-CAMPO GRANDE | VENTA DE BAÑOS | PALENCIA | PAREDES DE NAVA | VILLADA | SAHAGÚN | LEÓN
38303,PROXIMDAD,MEDINA DEL CAMPO | VALLADOLID-CAMPO GRANDE | VENTA DE BAÑOS | PALENCIA
18219,PROXIMDAD,VALLADOLID-CAMPO GRANDE | VALLADOLID UNIVERSIDAD | CABEZÓN DEL PISUERGA | CORCOS-AGUILAREJO | CUBILLAS DE SANTA MARTA | DUEÑAS | VENTA DE BAÑOS | PALENCIA
38065,PROXIMDAD,MEDINA DEL CAMPO | VALLADOLID-CAMPO GRANDE | VENTA DE BAÑOS | PALENCIA
18065,MD,MADRID-PRÍNCIPE PÍO | VILLALBA DE GUADARRAMA | EL ESCORIAL | ZARZALEJO | ROBLEDO DE CHAVELA | SANTA MARÍA DE LA ALAMEDA-PEGUERINOS | LAS NAVAS DEL MARQUÉS | NAVALPERAL | HERRADÓN-LA CAÑADA | ÁVILA | ARÉVALO | MEDINA DEL CAMPO | VALLADOLID-CAMPO GRANDE | VENTA DE BAÑOS | PALENCIA
18005,MD,MADRID-PRÍNCIPE PÍO | VILLALBA DE GUADARRAMA | EL ESCORIAL | ZARZALEJO | ROBLEDO DE CHAVELA | SANTA MARÍA DE LA ALAMEDA-PEGUERINOS | LAS NAVAS DEL MARQUÉS | NAVALPERAL | HERRADÓN-LA CAÑADA | ÁVILA | ARÉVALO | MEDINA DEL CAMPO | VALLADOLID-CAMPO GRANDE | VENTA DE BAÑOS | PALENCIA | PAREDES DE NAVA | VILLADA | SAHAGÚN | LEÓN
38005,PROXIMDAD,MEDINA DEL CAMPO | VALLADOLID-CAMPO GRANDE | VENTA DE BAÑOS | PALENCIA
18007,MD,MADRID-PRÍNCIPE PÍO | VILLALBA DE GUADARRAMA | EL ESCORIAL | ZARZALEJO | ROBLEDO DE CHAVELA | SANTA MARÍA DE LA ALAMEDA-PEGUERINOS | LAS NAVAS DEL MARQUÉS | NAVALPERAL | HERRADÓN-LA CAÑADA | ÁVILA | ARÉVALO | MEDINA DEL CAMPO | VALLADOLID-CAMPO GRANDE | DUEÑAS | VENTA DE BAÑOS | PALENCIA
18101,REG.EXP.,VALLADOLID-CAMPO GRANDE | VALLADOLID UNIVERSIDAD | CABEZÓN DEL PISUERGA | CORCOS-AGUILAREJO | CUBILLAS DE SANTA MARTA | DUEÑAS | VENTA DE BAÑOS | PALENCIA | EL CARRIÓN | PIÑA | FRÓMISTA | OSORNO | ESPINOSA DE VILLAGONZALO | HERRERA DE PISUERGA | ALAR DEL REY | AGUILAR DE CAMPOO | MATAPORQUERA | REINOSA | BÁRCENA | LOS CORRALES DE BUELNA | TORRELAVEGA | RENEDO | MALIAÑO | VALDECILLA | SANTANDER
18105,REG.EXP.,VALLADOLID-CAMPO GRANDE | VALLADOLID UNIVERSIDAD | CABEZÓN DEL PISUERGA | CORCOS-AGUILAREJO | CUBILLAS DE SANTA MARTA | DUEÑAS | VENTA DE BAÑOS | PALENCIA | MONZÓN DE CAMPOS | EL CARRIÓN | AMUSCO | PIÑA | FRÓMISTA | OSORNO | ESPINOSA DE VILLAGONZALO | HERRERA DE PISUERGA | ALAR DEL REY | MAVE | AGUILAR DE CAMPOO | QUINTANILLA DE LAS TORRES | MATAPORQUERA | REINOSA | BÁRCENA | LOS CORRALES DE BUELNA | TORRELAVEGA | RENEDO | MALIAÑO | VALDECILLA | SANTANDER
18101,REG.EXP.,VALLADOLID-CAMPO GRANDE | VALLADOLID UNIVERSIDAD | CABEZÓN DEL PISUERGA | CORCOS-AGUILAREJO | CUBILLAS DE SANTA MARTA | DUEÑAS | VENTA DE BAÑOS | PALENCIA | EL CARRIÓN | PIÑA | FRÓMISTA | OSORNO | ESPINOSA DE VILLAGONZALO | HERRERA DE PISUERGA | ALAR DEL REY | AGUILAR DE CAMPOO | MATAPORQUERA | REINOSA | BÁRCENA | LOS CORRALES DE BUELNA | TORRELAVEGA | RENEDO | MALIAÑO | VALDECILLA | SANTANDER
18105,REG.EXP.,VALLADOLID-CAMPO GRANDE | VALLADOLID UNIVERSIDAD | CABEZÓN DEL PISUERGA | CORCOS-AGUILAREJO | CUBILLAS DE SANTA MARTA | DUEÑAS | VENTA DE BAÑOS | PALENCIA | MONZÓN DE CAMPOS | EL CARRIÓN | AMUSCO | PIÑA | FRÓMISTA | OSORNO | ESPINOSA DE VILLAGONZALO | HERRERA DE PISUERGA | ALAR DEL REY | MAVE | AGUILAR DE CAMPOO | QUINTANILLA DE LAS TORRES | MATAPORQUERA | REINOSA | BÁRCENA | LOS CORRALES DE BUELNA | TORRELAVEGA | RENEDO | MALIAÑO | VALDECILLA | SANTANDER
12101,REGIONAL,VALLADOLID-CAMPO GRANDE | VALLADOLID UNIVERSIDAD | CABEZÓN DEL PISUERGA | DUEÑAS | VENTA DE BAÑOS | PALENCIA | PAREDES DE NAVA | VILLADA | GRAJAL | SAHAGÚN | EL BURGO RANERO | PALANQUINOS | LEÓN | LA ROBLA | LA POLA DE GORDÓN | SANTA LUCÍA | VILLAMANÍN | BUSDONGO | LINARES-CONGOSTINAS | PUENTE DE LOS FIERROS | CAMPOMANES | POLA DE LENA | UJO | MIERES-PUENTE | LLAMAQUIQUE | OVIEDO | CALZADA DE ASTURIAS | GIJÓN-SANZ CRESPO
18003,MD,MADRID-PRÍNCIPE PÍO | VILLALBA DE GUADARRAMA | EL ESCORIAL | ÁVILA | ARÉVALO | MEDINA DEL CAMPO | VALLADOLID-CAMPO GRANDE | VENTA DE BAÑOS | PALENCIA | PAREDES DE NAVA | VILLADA | SAHAGÚN | LEÓN
18005,MD,MADRID-PRÍNCIPE PÍO | VILLALBA DE GUADARRAMA | EL ESCORIAL | ZARZALEJO | ROBLEDO DE CHAVELA | SANTA MARÍA DE LA ALAMEDA-PEGUERINOS | LAS NAVAS DEL MARQUÉS | NAVALPERAL | HERRADÓN-LA CAÑADA | ÁVILA | ARÉVALO | MEDINA DEL CAMPO | VALLADOLID-CAMPO GRANDE | VENTA DE BAÑOS | PALENCIA | PAREDES DE NAVA | VILLADA | SAHAGÚN | LEÓN
18105,REG.EXP.,VALLADOLID-CAMPO GRANDE | VALLADOLID UNIVERSIDAD | CABEZÓN DEL PISUERGA | CORCOS-AGUILAREJO | CUBILLAS DE SANTA MARTA | DUEÑAS | VENTA DE BAÑOS | PALENCIA | MONZÓN DE CAMPOS | EL CARRIÓN | AMUSCO | PIÑA | FRÓMISTA | OSORNO | ESPINOSA DE VILLAGONZALO | HERRERA DE PISUERGA | ALAR DEL REY | MAVE | AGUILAR DE CAMPOO | QUINTANILLA DE LAS TORRES | MATAPORQUERA | REINOSA | BÁRCENA | LOS CORRALES DE BUELNA | TORRELAVEGA | RENEDO | MALIAÑO | VALDECILLA | SANTANDER
18065,MD,MADRID-PRÍNCIPE PÍO | VILLALBA DE GUADARRAMA | EL ESCORIAL | ZARZALEJO | ROBLEDO DE CHAVELA | SANTA MARÍA DE LA ALAMEDA-PEGUERINOS | LAS NAVAS DEL MARQUÉS | NAVALPERAL | HERRADÓN-LA CAÑADA | ÁVILA | ARÉVALO | MEDINA DEL CAMPO | VALLADOLID-CAMPO GRANDE | VENTA DE BAÑOS | MAGAZ | QUINTANA DEL PUENTE | VILLAQUIRÁN | BURGOS-ROSA MANZANO | BRIVIESCA | MIRANDA DE EBRO | VITORIA-GASTEIZ | ALEGRÍA-DULANTZI | AGURAIN-SALVATIERRA DE ÁLAVA | ARAIA | ALTSASU
12101,REGIONAL,VALLADOLID-CAMPO GRANDE | VALLADOLID UNIVERSIDAD | CABEZÓN DEL PISUERGA | DUEÑAS | VENTA DE BAÑOS | PALENCIA | PAREDES DE NAVA | VILLADA | GRAJAL | SAHAGÚN | EL BURGO RANERO | PALANQUINOS | LEÓN | LA ROBLA | LA POLA DE GORDÓN | SANTA LUCÍA | VILLAMANÍN | BUSDONGO | LINARES-CONGOSTINAS | PUENTE DE LOS FIERROS | CAMPOMANES | POLA DE LENA | UJO | MIERES-PUENTE | LLAMAQUIQUE | OVIEDO | CALZADA DE ASTURIAS | GIJÓN-SANZ CRESPO
18003,MD,MADRID-PRÍNCIPE PÍO | VILLALBA DE GUADARRAMA | EL ESCORIAL | ÁVILA | ARÉVALO | MEDINA DEL CAMPO | VALLADOLID-CAMPO GRANDE | VENTA DE BAÑOS | PALENCIA | PAREDES DE NAVA | VILLADA | SAHAGÚN | LEÓN
18005,MD,MADRID-PRÍNCIPE PÍO | VILLALBA DE GUADARRAMA | EL ESCORIAL | ZARZALEJO | ROBLEDO DE CHAVELA | SANTA MARÍA DE LA ALAMEDA-PEGUERINOS | LAS NAVAS DEL MARQUÉS | NAVALPERAL | HERRADÓN-LA CAÑADA | ÁVILA | ARÉVALO | MEDINA DEL CAMPO | VALLADOLID-CAMPO GRANDE | VENTA DE BAÑOS | PALENCIA | PAREDES DE NAVA | VILLADA | SAHAGÚN | LEÓN
18308,MD,PALENCIA | VENTA DE BAÑOS | DUEÑAS | VALLADOLID UNIVERSIDAD | VALLADOLID-CAMPO GRANDE | MEDINA DEL CAMPO | CAMPILLO | EL CARPIO | FRESNO EL VIEJO | CANTALAPIEDRA | EL PEDROSO DE LA ARMUÑA | GOMECELLO | SALAMANCA | SALAMANCA-LA ALAMEDILLA
18101,REG.EXP.,VALLADOLID-CAMPO GRANDE | VALLADOLID UNIVERSIDAD | CABEZÓN DEL PISUERGA | CORCOS-AGUILAREJO | CUBILLAS DE SANTA MARTA | DUEÑAS | VENTA DE BAÑOS | PALENCIA | EL CARRIÓN | PIÑA | FRÓMISTA | OSORNO | ESPINOSA DE VILLAGONZALO | HERRERA DE PISUERGA | ALAR DEL REY | AGUILAR DE CAMPOO | MATAPORQUERA | REINOSA | BÁRCENA | LOS CORRALES DE BUELNA | TORRELAVEGA | RENEDO | MALIAÑO | VALDECILLA | SANTANDER
18105,REG.EXP.,VALLADOLID-CAMPO GRANDE | VALLADOLID UNIVERSIDAD | CABEZÓN DEL PISUERGA | CORCOS-AGUILAREJO | CUBILLAS DE SANTA MARTA | DUEÑAS | VENTA DE BAÑOS | PALENCIA | MONZÓN DE CAMPOS | EL CARRIÓN | AMUSCO | PIÑA | FRÓMISTA | OSORNO | ESPINOSA DE VILLAGONZALO | HERRERA DE PISUERGA | ALAR DEL REY | MAVE | AGUILAR DE CAMPOO | QUINTANILLA DE LAS TORRES | MATAPORQUERA | REINOSA | BÁRCENA | LOS CORRALES DE BUELNA | TORRELAVEGA | RENEDO | MALIAÑO | VALDECILLA | SANTANDER
18101,REG.EXP.,VALLADOLID-CAMPO GRANDE | VALLADOLID UNIVERSIDAD | CABEZÓN DEL PISUERGA | CORCOS-AGUILAREJO | CUBILLAS DE SANTA MARTA | DUEÑAS | VENTA DE BAÑOS | PALENCIA | EL CARRIÓN | PIÑA | FRÓMISTA | OSORNO | ESPINOSA DE VILLAGONZALO | HERRERA DE PISUERGA | ALAR DEL REY | AGUILAR DE CAMPOO | MATAPORQUERA | REINOSA | BÁRCENA | LOS CORRALES DE BUELNA | TORRELAVEGA | RENEDO | MALIAÑO | VALDECILLA | SANTANDER
18105,REG.EXP.,VALLADOLID-CAMPO GRANDE | VALLADOLID UNIVERSIDAD | CABEZÓN DEL PISUERGA | CORCOS-AGUILAREJO | CUBILLAS DE SANTA MARTA | DUEÑAS | VENTA DE BAÑOS | PALENCIA | MONZÓN DE CAMPOS | EL CARRIÓN | AMUSCO | PIÑA | FRÓMISTA | OSORNO | ESPINOSA DE VILLAGONZALO | HERRERA DE PISUERGA | ALAR DEL REY | MAVE | AGUILAR DE CAMPOO | QUINTANILLA DE LAS TORRES | MATAPORQUERA | REINOSA | BÁRCENA | LOS CORRALES DE BUELNA | TORRELAVEGA | RENEDO | MALIAÑO | VALDECILLA | SANTANDER
18218,PROXIMDAD,PALENCIA | VENTA DE BAÑOS | DUEÑAS | CUBILLAS DE SANTA MARTA | CORCOS-AGUILAREJO | CABEZÓN DEL PISUERGA | VALLADOLID UNIVERSIDAD | VALLADOLID-CAMPO GRANDE | VIANA | VALDESTILLAS | MATAPOZUELOS | POZALDEZ | MEDINA DEL CAMPO
18321,REG.EXP.,PUEBLA DE SANABRIA | LINAREJOS-PEDROSO | CABAÑAS DE ALISTE | SARRACÍN DE ALISTE | ABEJERA | FERRERUELA DE TÁBARA | CARBAJALES DE ALBA | ZAMORA | TORO | NAVA DEL REY | MEDINA DEL CAMPO | POZALDEZ | MATAPOZUELOS | VALDESTILLAS | VIANA | VALLADOLID-CAMPO GRANDE
18321,REG.EXP.,PUEBLA DE SANABRIA | LINAREJOS-PEDROSO | CABAÑAS DE ALISTE | SARRACÍN DE ALISTE | ABEJERA | FERRERUELA DE TÁBARA | CARBAJALES DE ALBA | ZAMORA | TORO | NAVA DEL REY | MEDINA DEL CAMPO | POZALDEZ | MATAPOZUELOS | VALDESTILLAS | VIANA | VALLADOLID-CAMPO GRANDE
18321,REG.EXP.,PUEBLA DE SANABRIA | LINAREJOS-PEDROSO | CABAÑAS DE ALISTE | SARRACÍN DE ALISTE | ABEJERA | FERRERUELA DE TÁBARA | CARBAJALES DE ALBA | ZAMORA | TORO | NAVA DEL REY | MEDINA DEL CAMPO | POZALDEZ | MATAPOZUELOS | VALDESTILLAS | VIANA | VALLADOLID-CAMPO GRANDE
18321,REG.EXP.,PUEBLA DE SANABRIA | LINAREJOS-PEDROSO | CABAÑAS DE ALISTE | SARRACÍN DE ALISTE | ABEJERA | FERRERUELA DE TÁBARA | CARBAJALES DE ALBA | ZAMORA | TORO | NAVA DEL REY | MEDINA DEL CAMPO | POZALDEZ | MATAPOZUELOS | VALDESTILLAS | VIANA | VALLADOLID-CAMPO GRANDE
18321,REG.EXP.,PUEBLA DE SANABRIA | LINAREJOS-PEDROSO | CABAÑAS DE ALISTE | SARRACÍN DE ALISTE | ABEJERA | FERRERUELA DE TÁBARA | CARBAJALES DE ALBA | ZAMORA | TORO | NAVA DEL REY | MEDINA DEL CAMPO | POZALDEZ | MATAPOZUELOS | VALDESTILLAS | VIANA | VALLADOLID-CAMPO GRANDE
18101,REG.EXP.,VALLADOLID-CAMPO GRANDE | VALLADOLID UNIVERSIDAD | CABEZÓN DEL PISUERGA | CORCOS-AGUILAREJO | CUBILLAS DE SANTA MARTA | DUEÑAS | VENTA DE BAÑOS | PALENCIA | EL CARRIÓN | PIÑA | FRÓMISTA | OSORNO | ESPINOSA DE VILLAGONZALO | HERRERA DE PISUERGA | ALAR DEL REY | AGUILAR DE CAMPOO | MATAPORQUERA | REINOSA | BÁRCENA | LOS CORRALES DE BUELNA | TORRELAVEGA | RENEDO | MALIAÑO | VALDECILLA | SANTANDER
18105,REG.EXP.,VALLADOLID-CAMPO GRANDE | VALLADOLID UNIVERSIDAD | CABEZÓN DEL PISUERGA | CORCOS-AGUILAREJO | CUBILLAS DE SANTA MARTA | DUEÑAS | VENTA DE BAÑOS | PALENCIA | MONZÓN DE CAMPOS | EL CARRIÓN | AMUSCO | PIÑA | FRÓMISTA | OSORNO | ESPINOSA DE VILLAGONZALO | HERRERA DE PISUERGA | ALAR DEL REY | MAVE | AGUILAR DE CAMPOO | QUINTANILLA DE LAS TORRES | MATAPORQUERA | REINOSA | BÁRCENA | LOS CORRALES DE BUELNA | TORRELAVEGA | RENEDO | MALIAÑO | VALDECILLA | SANTANDER
12101,REGIONAL,VALLADOLID-CAMPO GRANDE | VALLADOLID UNIVERSIDAD | CABEZÓN DEL PISUERGA | DUEÑAS | VENTA DE BAÑOS | PALENCIA | PAREDES DE NAVA | VILLADA | GRAJAL | SAHAGÚN | EL BURGO RANERO | PALANQUINOS | LEÓN | LA ROBLA | LA POLA DE GORDÓN | SANTA LUCÍA | VILLAMANÍN | BUSDONGO | LINARES-CONGOSTINAS | PUENTE DE LOS FIERROS | CAMPOMANES | POLA DE LENA | UJO | MIERES-PUENTE | LLAMAQUIQUE | OVIEDO | CALZADA DE ASTURIAS | GIJÓN-SANZ CRESPO
18101,REG.EXP.,VALLADOLID-CAMPO GRANDE | VALLADOLID UNIVERSIDAD | CABEZÓN DEL PISUERGA | CORCOS-AGUILAREJO | CUBILLAS DE SANTA MARTA | DUEÑAS | VENTA DE BAÑOS | PALENCIA | EL CARRIÓN | PIÑA | FRÓMISTA | OSORNO | ESPINOSA DE VILLAGONZALO | HERRERA DE PISUERGA | ALAR DEL REY | AGUILAR DE CAMPOO | MATAPORQUERA | REINOSA | BÁRCENA | LOS CORRALES DE BUELNA | TORRELAVEGA | RENEDO | MALIAÑO | VALDECILLA | SANTANDER
38401,PROXIMDAD,VALLADOLID-CAMPO GRANDE | VALLADOLID UNIVERSIDAD | CABEZÓN DEL PISUERGA | CORCOS-AGUILAREJO | CUBILLAS DE SANTA MARTA | DUEÑAS | VENTA DE BAÑOS | PALENCIA
18211,PROXIMDAD,VALLADOLID-CAMPO GRANDE | VALLADOLID UNIVERSIDAD | CABEZÓN DEL PISUERGA | CORCOS-AGUILAREJO | CUBILLAS DE SANTA MARTA | DUEÑAS | VENTA DE BAÑOS | PALENCIA
18217,PROXIMDAD,VALLADOLID-CAMPO GRANDE | VALLADOLID UNIVERSIDAD | CABEZÓN DEL PISUERGA | CORCOS-AGUILAREJO | CUBILLAS DE SANTA MARTA | DUEÑAS | VENTA DE BAÑOS | PALENCIA
18306,MD,SALAMANCA | MORISCOS | GOMECELLO | PITIEGUA | EL PEDROSO DE LA ARMUÑA | CANTALAPIEDRA | FRESNO EL VIEJO | EL CARPIO | MEDINA DEL CAMPO | POZALDEZ | MATAPOZUELOS | VALDESTILLAS | VIANA | VALLADOLID-CAMPO GRANDE | VALLADOLID UNIVERSIDAD | VENTA DE BAÑOS | PALENCIA
38306,PROXIMDAD,MEDINA DEL CAMPO | POZALDEZ | MATAPOZUELOS | VALDESTILLAS | VIANA | VALLADOLID-CAMPO GRANDE | VALLADOLID UNIVERSIDAD | VENTA DE BAÑOS | PALENCIA
18105,REG.EXP.,VALLADOLID-CAMPO GRANDE | VALLADOLID UNIVERSIDAD | CABEZÓN DEL PISUERGA | CORCOS-AGUILAREJO | CUBILLAS DE SANTA MARTA | DUEÑAS | VENTA DE BAÑOS | PALENCIA | MONZÓN DE CAMPOS | EL CARRIÓN | AMUSCO | PIÑA | FRÓMISTA | OSORNO | ESPINOSA DE VILLAGONZALO | HERRERA DE PISUERGA | ALAR DEL REY | MAVE | AGUILAR DE CAMPOO | QUINTANILLA DE LAS TORRES | MATAPORQUERA | REINOSA | BÁRCENA | LOS CORRALES DE BUELNA | TORRELAVEGA | RENEDO | MALIAÑO | VALDECILLA | SANTANDER
38105,PROXIMDAD,VALLADOLID-CAMPO GRANDE | VALLADOLID UNIVERSIDAD | CABEZÓN DEL PISUERGA | CORCOS-AGUILAREJO | CUBILLAS DE SANTA MARTA | DUEÑAS | VENTA DE BAÑOS | PALENCIA
18219,PROXIMDAD,VALLADOLID-CAMPO GRANDE | VALLADOLID UNIVERSIDAD | CABEZÓN DEL PISUERGA | CORCOS-AGUILAREJO | CUBILLAS DE SANTA MARTA | DUEÑAS | VENTA DE BAÑOS | PALENCIA
18105,REG.EXP.,VALLADOLID-CAMPO GRANDE | VALLADOLID UNIVERSIDAD | CABEZÓN DEL PISUERGA | CORCOS-AGUILAREJO | CUBILLAS DE SANTA MARTA | DUEÑAS | VENTA DE BAÑOS | PALENCIA | MONZÓN DE CAMPOS | EL CARRIÓN | AMUSCO | PIÑA | FRÓMISTA | OSORNO | ESPINOSA DE VILLAGONZALO | HERRERA DE PISUERGA | ALAR DEL REY | MAVE | AGUILAR DE CAMPOO | QUINTANILLA DE LAS TORRES | MATAPORQUERA | REINOSA | BÁRCENA | LOS CORRALES DE BUELNA | TORRELAVEGA | RENEDO | MALIAÑO | VALDECILLA | SANTANDER
18101,REG.EXP.,VALLADOLID-CAMPO GRANDE | VALLADOLID UNIVERSIDAD | CABEZÓN DEL PISUERGA | CORCOS-AGUILAREJO | CUBILLAS DE SANTA MARTA | DUEÑAS | VENTA DE BAÑOS | PALENCIA | EL CARRIÓN | PIÑA | FRÓMISTA | OSORNO | ESPINOSA DE VILLAGONZALO | HERRERA DE PISUERGA | ALAR DEL REY | AGUILAR DE CAMPOO | MATAPORQUERA | REINOSA | BÁRCENA | LOS CORRALES DE BUELNA | TORRELAVEGA | RENEDO | MALIAÑO | VALDECILLA | SANTANDER
18105,REG.EXP.,VALLADOLID-CAMPO GRANDE | VALLADOLID UNIVERSIDAD | CABEZÓN DEL PISUERGA | CORCOS-AGUILAREJO | CUBILLAS DE SANTA MARTA | DUEÑAS | VENTA DE BAÑOS | PALENCIA | MONZÓN DE CAMPOS | EL CARRIÓN | AMUSCO | PIÑA | FRÓMISTA | OSORNO | ESPINOSA DE VILLAGONZALO | HERRERA DE PISUERGA | ALAR DEL REY | MAVE | AGUILAR DE CAMPOO | QUINTANILLA DE LAS TORRES | MATAPORQUERA | REINOSA | BÁRCENA | LOS CORRALES DE BUELNA | TORRELAVEGA | RENEDO | MALIAÑO | VALDECILLA | SANTANDER
12101,REGIONAL,VALLADOLID-CAMPO GRANDE | VALLADOLID UNIVERSIDAD | CABEZÓN DEL PISUERGA | DUEÑAS | VENTA DE BAÑOS | PALENCIA | PAREDES DE NAVA | VILLADA | GRAJAL | SAHAGÚN | EL BURGO RANERO | PALANQUINOS | LEÓN | LA ROBLA | LA POLA DE GORDÓN | SANTA LUCÍA | VILLAMANÍN | BUSDONGO | LINARES-CONGOSTINAS | PUENTE DE LOS FIERROS | CAMPOMANES | POLA DE LENA | UJO | MIERES-PUENTE | LLAMAQUIQUE | OVIEDO | CALZADA DE ASTURIAS | GIJÓN-SANZ CRESPO
18101,REG.EXP.,VALLADOLID-CAMPO GRANDE | VALLADOLID UNIVERSIDAD | CABEZÓN DEL PISUERGA | CORCOS-AGUILAREJO | CUBILLAS DE SANTA MARTA | DUEÑAS | VENTA DE BAÑOS | PALENCIA | EL CARRIÓN | PIÑA | FRÓMISTA | OSORNO | ESPINOSA DE VILLAGONZALO | HERRERA DE PISUERGA | ALAR DEL REY | AGUILAR DE CAMPOO | MATAPORQUERA | REINOSA | BÁRCENA | LOS CORRALES DE BUELNA | TORRELAVEGA | RENEDO | MALIAÑO | VALDECILLA | SANTANDER
38401,PROXIMDAD,VALLADOLID-CAMPO GRANDE | VALLADOLID UNIVERSIDAD | CABEZÓN DEL PISUERGA | CORCOS-AGUILAREJO | CUBILLAS DE SANTA MARTA | DUEÑAS | VENTA DE BAÑOS | PALENCIA
18211,PROXIMDAD,VALLADOLID-CAMPO GRANDE | VALLADOLID UNIVERSIDAD | CABEZÓN DEL PISUERGA | CORCOS-AGUILAREJO | CUBILLAS DE SANTA MARTA | DUEÑAS | VENTA DE BAÑOS | PALENCIA
18217,PROXIMDAD,VALLADOLID-CAMPO GRANDE | VALLADOLID UNIVERSIDAD | CABEZÓN DEL PISUERGA | CORCOS-AGUILAREJO | CUBILLAS DE SANTA MARTA | DUEÑAS | VENTA DE BAÑOS | PALENCIA
18105,REG.EXP.,VALLADOLID-CAMPO GRANDE | VALLADOLID UNIVERSIDAD | CABEZÓN DEL PISUERGA | CORCOS-AGUILAREJO | CUBILLAS DE SANTA MARTA | DUEÑAS | VENTA DE BAÑOS | PALENCIA | MONZÓN DE CAMPOS | EL CARRIÓN | AMUSCO | PIÑA | FRÓMISTA | OSORNO | ESPINOSA DE VILLAGONZALO | HERRERA DE PISUERGA | ALAR DEL REY | MAVE | AGUILAR DE CAMPOO | QUINTANILLA DE LAS TORRES | MATAPORQUERA | REINOSA | BÁRCENA | LOS CORRALES DE BUELNA | TORRELAVEGA | RENEDO | MALIAÑO | VALDECILLA | SANTANDER
38105,PROXIMDAD,VALLADOLID-CAMPO GRANDE | VALLADOLID UNIVERSIDAD | CABEZÓN DEL PISUERGA | CORCOS-AGUILAREJO | CUBILLAS DE SANTA MARTA | DUEÑAS | VENTA DE BAÑOS | PALENCIA
18219,PROXIMDAD,VALLADOLID-CAMPO GRANDE | VALLADOLID UNIVERSIDAD | CABEZÓN DEL PISUERGA | CORCOS-AGUILAREJO | CUBILLAS DE SANTA MARTA | DUEÑAS | VENTA DE BAÑOS | PALENCIA
18216,PROXIMDAD,PALENCIA | VENTA DE BAÑOS | DUEÑAS | CUBILLAS DE SANTA MARTA | CORCOS-AGUILAREJO | CABEZÓN DEL PISUERGA | VALLADOLID UNIVERSIDAD | VALLADOLID-CAMPO GRANDE
18002,MD,LEÓN | SAHAGÚN | VILLADA | PAREDES DE NAVA | PALENCIA | VENTA DE BAÑOS | VALLADOLID UNIVERSIDAD | VALLADOLID-CAMPO GRANDE | MEDINA DEL CAMPO | ARÉVALO | ÁVILA | HERRADÓN-LA CAÑADA | NAVALPERAL | LAS NAVAS DEL MARQUÉS | SANTA MARÍA DE LA ALAMEDA-PEGUERINOS | ROBLEDO DE CHAVELA | ZARZALEJO | EL ESCORIAL | VILLALBA DE GUADARRAMA | MADRID-PRÍNCIPE PÍO
38002,PROXIMDAD,PALENCIA | VENTA DE BAÑOS | VALLADOLID UNIVERSIDAD | VALLADOLID-CAMPO GRANDE | MEDINA DEL CAMPO
18102,REG.EXP.,SANTANDER | VALDECILLA | MALIAÑO | RENEDO | TORRELAVEGA | LOS CORRALES DE BUELNA | BÁRCENA | REINOSA | MATAPORQUERA | QUINTANILLA DE LAS TORRES | AGUILAR DE CAMPOO | MAVE | ALAR DEL REY | HERRERA DE PISUERGA | ESPINOSA DE VILLAGONZALO | OSORNO | FRÓMISTA | PIÑA | AMUSCO | EL CARRIÓN | MONZÓN DE CAMPOS | PALENCIA | VENTA DE BAÑOS | DUEÑAS | CUBILLAS DE SANTA MARTA | CORCOS-AGUILAREJO | CABEZÓN DEL PISUERGA | VALLADOLID UNIVERSIDAD | VALLADOLID-CAMPO GRANDE
38102,PROXIMDAD,PALENCIA | VENTA DE BAÑOS | DUEÑAS | CUBILLAS DE SANTA MARTA | CORCOS-AGUILAREJO | CABEZÓN DEL PISUERGA | VALLADOLID UNIVERSIDAD | VALLADOLID-CAMPO GRANDE
18308,MD,PALENCIA | VENTA DE BAÑOS | DUEÑAS | VALLADOLID UNIVERSIDAD | VALLADOLID-CAMPO GRANDE | MEDINA DEL CAMPO | CAMPILLO | EL CARPIO | FRESNO EL VIEJO | CANTALAPIEDRA | EL PEDROSO DE LA ARMUÑA | GOMECELLO | SALAMANCA | SALAMANCA-LA ALAMEDILLA
38308,PROXIMDAD,PALENCIA | VENTA DE BAÑOS | DUEÑAS | VALLADOLID UNIVERSIDAD | VALLADOLID-CAMPO GRANDE | MEDINA DEL CAMPO
18218,PROXIMDAD,PALENCIA | VENTA DE BAÑOS | DUEÑAS | CUBILLAS DE SANTA MARTA | CORCOS-AGUILAREJO | CABEZÓN DEL PISUERGA | VALLADOLID UNIVERSIDAD | VALLADOLID-CAMPO GRANDE | VIANA | VALDESTILLAS | MATAPOZUELOS | POZALDEZ | MEDINA DEL CAMPO
18212,PROXIMDAD,PALENCIA | VENTA DE BAÑOS | DUEÑAS | CUBILLAS DE SANTA MARTA | CORCOS-AGUILAREJO | CABEZÓN DEL PISUERGA | VALLADOLID UNIVERSIDAD | VALLADOLID-CAMPO GRANDE
12100,REGIONAL,GIJÓN-SANZ CRESPO | CALZADA DE ASTURIAS | OVIEDO | LLAMAQUIQUE | MIERES-PUENTE | UJO | POLA DE LENA | CAMPOMANES | PUENTE DE LOS FIERROS | LINARES-CONGOSTINAS | BUSDONGO | VILLAMANÍN | SANTA LUCÍA | LA POLA DE GORDÓN | LA ROBLA | LEÓN | PALANQUINOS | EL BURGO RANERO | SAHAGÚN | GRAJAL | VILLADA | PAREDES DE NAVA | BECERRIL | GRIJOTA | PALENCIA | VENTA DE BAÑOS | DUEÑAS | CUBILLAS DE SANTA MARTA | CORCOS-AGUILAREJO | CABEZÓN DEL PISUERGA | VALLADOLID UNIVERSIDAD | VALLADOLID-CAMPO GRANDE
18104,REG.EXP.,SANTANDER | VALDECILLA | MALIAÑO | RENEDO | TORRELAVEGA | LOS CORRALES DE BUELNA | BÁRCENA | REINOSA | MATAPORQUERA | AGUILAR DE CAMPOO | ALAR DEL REY | HERRERA DE PISUERGA | ESPINOSA DE VILLAGONZALO | OSORNO | FRÓMISTA | PIÑA | EL CARRIÓN | PALENCIA | VENTA DE BAÑOS | VALLADOLID UNIVERSIDAD | VALLADOLID-CAMPO GRANDE
38104,PROXIMDAD,PALENCIA | VENTA DE BAÑOS | VALLADOLID UNIVERSIDAD | VALLADOLID-CAMPO GRANDE
18218,PROXIMDAD,PALENCIA | VENTA DE BAÑOS | DUEÑAS | CUBILLAS DE SANTA MARTA | CORCOS-AGUILAREJO | CABEZÓN DEL PISUERGA | VALLADOLID UNIVERSIDAD | VALLADOLID-CAMPO GRANDE | VIANA | VALDESTILLAS | MATAPOZUELOS | POZALDEZ | MEDINA DEL CAMPO
18101,REG.EXP.,VALLADOLID-CAMPO GRANDE | VALLADOLID UNIVERSIDAD | CABEZÓN DEL PISUERGA | CORCOS-AGUILAREJO | CUBILLAS DE SANTA MARTA | DUEÑAS | VENTA DE BAÑOS | PALENCIA | EL CARRIÓN | PIÑA | FRÓMISTA | OSORNO | ESPINOSA DE VILLAGONZALO | HERRERA DE PISUERGA | ALAR DEL REY | AGUILAR DE CAMPOO | MATAPORQUERA | REINOSA | BÁRCENA | LOS CORRALES DE BUELNA | TORRELAVEGA | RENEDO | MALIAÑO | VALDECILLA | SANTANDER
18105,REG.EXP.,VALLADOLID-CAMPO GRANDE | VALLADOLID UNIVERSIDAD | CABEZÓN DEL PISUERGA | CORCOS-AGUILAREJO | CUBILLAS DE SANTA MARTA | DUEÑAS | VENTA DE BAÑOS | PALENCIA | MONZÓN DE CAMPOS | EL CARRIÓN | AMUSCO | PIÑA | FRÓMISTA | OSORNO | ESPINOSA DE VILLAGONZALO | HERRERA DE PISUERGA | ALAR DEL REY | MAVE | AGUILAR DE CAMPOO | QUINTANILLA DE LAS TORRES | MATAPORQUERA | REINOSA | BÁRCENA | LOS CORRALES DE BUELNA | TORRELAVEGA | RENEDO | MALIAÑO | VALDECILLA | SANTANDER
18105,REG.EXP.,VALLADOLID-CAMPO GRANDE | VALLADOLID UNIVERSIDAD | CABEZÓN DEL PISUERGA | CORCOS-AGUILAREJO | CUBILLAS DE SANTA MARTA | DUEÑAS | VENTA DE BAÑOS | PALENCIA | MONZÓN DE CAMPOS | EL CARRIÓN | AMUSCO | PIÑA | FRÓMISTA | OSORNO | ESPINOSA DE VILLAGONZALO | HERRERA DE PISUERGA | ALAR DEL REY | MAVE | AGUILAR DE CAMPOO | QUINTANILLA DE LAS TORRES | MATAPORQUERA | REINOSA | BÁRCENA | LOS CORRALES DE BUELNA | TORRELAVEGA | RENEDO | MALIAÑO | VALDECILLA | SANTANDER
18308,MD,PALENCIA | VENTA DE BAÑOS | DUEÑAS | VALLADOLID UNIVERSIDAD | VALLADOLID-CAMPO GRANDE | MEDINA DEL CAMPO | CAMPILLO | EL CARPIO | FRESNO EL VIEJO | CANTALAPIEDRA | EL PEDROSO DE LA ARMUÑA | GOMECELLO | SALAMANCA | SALAMANCA-LA ALAMEDILLA
18105,REG.EXP.,VALLADOLID-CAMPO GRANDE | VALLADOLID UNIVERSIDAD | CABEZÓN DEL PISUERGA | CORCOS-AGUILAREJO | CUBILLAS DE SANTA MARTA | DUEÑAS | VENTA DE BAÑOS | PALENCIA | MONZÓN DE CAMPOS | EL CARRIÓN | AMUSCO | PIÑA | FRÓMISTA | OSORNO | ESPINOSA DE VILLAGONZALO | HERRERA DE PISUERGA | ALAR DEL REY | MAVE | AGUILAR DE CAMPOO | QUINTANILLA DE LAS TORRES | MATAPORQUERA | REINOSA | BÁRCENA | LOS CORRALES DE BUELNA | TORRELAVEGA | RENEDO | MALIAÑO | VALDECILLA | SANTANDER
18101,REG.EXP.,VALLADOLID-CAMPO GRANDE | VALLADOLID UNIVERSIDAD | CABEZÓN DEL PISUERGA | CORCOS-AGUILAREJO | CUBILLAS DE SANTA MARTA | DUEÑAS | VENTA DE BAÑOS | PALENCIA | EL CARRIÓN | PIÑA | FRÓMISTA | OSORNO | ESPINOSA DE VILLAGONZALO | HERRERA DE PISUERGA | ALAR DEL REY | AGUILAR DE CAMPOO | MATAPORQUERA | REINOSA | BÁRCENA | LOS CORRALES DE BUELNA | TORRELAVEGA | RENEDO | MALIAÑO | VALDECILLA | SANTANDER
18105,REG.EXP.,VALLADOLID-CAMPO GRANDE | VALLADOLID UNIVERSIDAD | CABEZÓN DEL PISUERGA | CORCOS-AGUILAREJO | CUBILLAS DE SANTA MARTA | DUEÑAS | VENTA DE BAÑOS | PALENCIA | MONZÓN DE CAMPOS | EL CARRIÓN | AMUSCO | PIÑA | FRÓMISTA | OSORNO | ESPINOSA DE VILLAGONZALO | HERRERA DE PISUERGA | ALAR DEL REY | MAVE | AGUILAR DE CAMPOO | QUINTANILLA DE LAS TORRES | MATAPORQUERA | REINOSA | BÁRCENA | LOS CORRALES DE BUELNA | TORRELAVEGA | RENEDO | MALIAÑO | VALDECILLA | SANTANDER
18218,PROXIMDAD,PALENCIA | VENTA DE BAÑOS | DUEÑAS | CUBILLAS DE SANTA MARTA | CORCOS-AGUILAREJO | CABEZÓN DEL PISUERGA | VALLADOLID UNIVERSIDAD | VALLADOLID-CAMPO GRANDE | VIANA | VALDESTILLAS | MATAPOZUELOS | POZALDEZ | MEDINA DEL CAMPO
12101,REGIONAL,VALLADOLID-CAMPO GRANDE | VALLADOLID UNIVERSIDAD | CABEZÓN DEL PISUERGA | DUEÑAS | VENTA DE BAÑOS | PALENCIA | PAREDES DE NAVA | VILLADA | GRAJAL | SAHAGÚN | EL BURGO RANERO | PALANQUINOS | LEÓN | LA ROBLA | LA POLA DE GORDÓN | SANTA LUCÍA | VILLAMANÍN | BUSDONGO | LINARES-CONGOSTINAS | PUENTE DE LOS FIERROS | CAMPOMANES | POLA DE LENA | UJO | MIERES-PUENTE | LLAMAQUIQUE | OVIEDO | CALZADA DE ASTURIAS | GIJÓN-SANZ CRESPO
18101,REG.EXP.,VALLADOLID-CAMPO GRANDE | VALLADOLID UNIVERSIDAD | CABEZÓN DEL PISUERGA | CORCOS-AGUILAREJO | CUBILLAS DE SANTA MARTA | DUEÑAS | VENTA DE BAÑOS | PALENCIA | EL CARRIÓN | PIÑA | FRÓMISTA | OSORNO | ESPINOSA DE VILLAGONZALO | HERRERA DE PISUERGA | ALAR DEL REY | AGUILAR DE CAMPOO | MATAPORQUERA | REINOSA | BÁRCENA | LOS CORRALES DE BUELNA | TORRELAVEGA | RENEDO | MALIAÑO | VALDECILLA | SANTANDER
38401,PROXIMDAD,VALLADOLID-CAMPO GRANDE | VALLADOLID UNIVERSIDAD | CABEZÓN DEL PISUERGA | CORCOS-AGUILAREJO | CUBILLAS DE SANTA MARTA | DUEÑAS | VENTA DE BAÑOS | PALENCIA
18211,PROXIMDAD,VALLADOLID-CAMPO GRANDE | VALLADOLID UNIVERSIDAD | CABEZÓN DEL PISUERGA | CORCOS-AGUILAREJO | CUBILLAS DE SANTA MARTA | DUEÑAS | VENTA DE BAÑOS | PALENCIA
18217,PROXIMDAD,VALLADOLID-CAMPO GRANDE | VALLADOLID UNIVERSIDAD | CABEZÓN DEL PISUERGA | CORCOS-AGUILAREJO | CUBILLAS DE SANTA MARTA | DUEÑAS | VENTA DE BAÑOS | PALENCIA
18105,REG.EXP.,VALLADOLID-CAMPO GRANDE | VALLADOLID UNIVERSIDAD | CABEZÓN DEL PISUERGA | CORCOS-AGUILAREJO | CUBILLAS DE SANTA MARTA | DUEÑAS | VENTA DE BAÑOS | PALENCIA | MONZÓN DE CAMPOS | EL CARRIÓN | AMUSCO | PIÑA | FRÓMISTA | OSORNO | ESPINOSA DE VILLAGONZALO | HERRERA DE PISUERGA | ALAR DEL REY | MAVE | AGUILAR DE CAMPOO | QUINTANILLA DE LAS TORRES | MATAPORQUERA | REINOSA | BÁRCENA | LOS CORRALES DE BUELNA | TORRELAVEGA | RENEDO | MALIAÑO | VALDECILLA | SANTANDER
38105,PROXIMDAD,VALLADOLID-CAMPO GRANDE | VALLADOLID UNIVERSIDAD | CABEZÓN DEL PISUERGA | CORCOS-AGUILAREJO | CUBILLAS DE SANTA MARTA | DUEÑAS | VENTA DE BAÑOS | PALENCIA
18219,PROXIMDAD,VALLADOLID-CAMPO GRANDE | VALLADOLID UNIVERSIDAD | CABEZÓN DEL PISUERGA | CORCOS-AGUILAREJO | CUBILLAS DE SANTA MARTA | DUEÑAS | VENTA DE BAÑOS | PALENCIA
18101,REG.EXP.,VALLADOLID-CAMPO GRANDE | VALLADOLID UNIVERSIDAD | CABEZÓN DEL PISUERGA | CORCOS-AGUILAREJO | CUBILLAS DE SANTA MARTA | DUEÑAS | VENTA DE BAÑOS | PALENCIA | EL CARRIÓN | PIÑA | FRÓMISTA | OSORNO | ESPINOSA DE VILLAGONZALO | HERRERA DE PISUERGA | ALAR DEL REY | AGUILAR DE CAMPOO | MATAPORQUERA | REINOSA | BÁRCENA | LOS CORRALES DE BUELNA | TORRELAVEGA | RENEDO | MALIAÑO | VALDECILLA | SANTANDER
38401,PROXIMDAD,VALLADOLID-CAMPO GRANDE | VALLADOLID UNIVERSIDAD | CABEZÓN DEL PISUERGA | CORCOS-AGUILAREJO | CUBILLAS DE SANTA MARTA | DUEÑAS | VENTA DE BAÑOS | PALENCIA
18211,PROXIMDAD,VALLADOLID-CAMPO GRANDE | VALLADOLID UNIVERSIDAD | CABEZÓN DEL PISUERGA | CORCOS-AGUILAREJO | CUBILLAS DE SANTA MARTA | DUEÑAS | VENTA DE BAÑOS | PALENCIA
18217,PROXIMDAD,VALLADOLID-CAMPO GRANDE | VALLADOLID UNIVERSIDAD | CABEZÓN DEL PISUERGA | CORCOS-AGUILAREJO | CUBILLAS DE SANTA MARTA | DUEÑAS | VENTA DE BAÑOS | PALENCIA
18105,REG.EXP.,VALLADOLID-CAMPO GRANDE | VALLADOLID UNIVERSIDAD | CABEZÓN DEL PISUERGA | CORCOS-AGUILAREJO | CUBILLAS DE SANTA MARTA | DUEÑAS | VENTA DE BAÑOS | PALENCIA | MONZÓN DE CAMPOS | EL CARRIÓN | AMUSCO | PIÑA | FRÓMISTA | OSORNO | ESPINOSA DE VILLAGONZALO | HERRERA DE PISUERGA | ALAR DEL REY | MAVE | AGUILAR DE CAMPOO | QUINTANILLA DE LAS TORRES | MATAPORQUERA | REINOSA | BÁRCENA | LOS CORRALES DE BUELNA | TORRELAVEGA | RENEDO | MALIAÑO | VALDECILLA | SANTANDER
38105,PROXIMDAD,VALLADOLID-CAMPO GRANDE | VALLADOLID UNIVERSIDAD | CABEZÓN DEL PISUERGA | CORCOS-AGUILAREJO | CUBILLAS DE SANTA MARTA | DUEÑAS | VENTA DE BAÑOS | PALENCIA
18219,PROXIMDAD,VALLADOLID-CAMPO GRANDE | VALLADOLID UNIVERSIDAD | CABEZÓN DEL PISUERGA | CORCOS-AGUILAREJO | CUBILLAS DE SANTA MARTA | DUEÑAS | VENTA DE BAÑOS | PALENCIA
18218,PROXIMDAD,PALENCIA | VENTA DE BAÑOS | DUEÑAS | CUBILLAS DE SANTA MARTA | CORCOS-AGUILAREJO | CABEZÓN DEL PISUERGA | VALLADOLID UNIVERSIDAD | VALLADOLID-CAMPO GRANDE | VIANA | VALDESTILLAS | MATAPOZUELOS | POZALDEZ | MEDINA DEL CAMPO
12101,REGIONAL,VALLADOLID-CAMPO GRANDE | VALLADOLID UNIVERSIDAD | CABEZÓN DEL PISUERGA | DUEÑAS | VENTA DE BAÑOS | PALENCIA | PAREDES DE NAVA | VILLADA | GRAJAL | SAHAGÚN | EL BURGO RANERO | PALANQUINOS | LEÓN | LA ROBLA | LA POLA DE GORDÓN | SANTA LUCÍA | VILLAMANÍN | BUSDONGO | LINARES-CONGOSTINAS | PUENTE DE LOS FIERROS | CAMPOMANES | POLA DE LENA | UJO | MIERES-PUENTE | LLAMAQUIQUE | OVIEDO | CALZADA DE ASTURIAS | GIJÓN-SANZ CRESPO
18101,REG.EXP.,VALLADOLID-CAMPO GRANDE | VALLADOLID UNIVERSIDAD | CABEZÓN DEL PISUERGA | CORCOS-AGUILAREJO | CUBILLAS DE SANTA MARTA | DUEÑAS | VENTA DE BAÑOS | PALENCIA | EL CARRIÓN | PIÑA | FRÓMISTA | OSORNO | ESPINOSA DE VILLAGONZALO | HERRERA DE PISUERGA | ALAR DEL REY | AGUILAR DE CAMPOO | MATAPORQUERA | REINOSA | BÁRCENA | LOS CORRALES DE BUELNA | TORRELAVEGA | RENEDO | MALIAÑO | VALDECILLA | SANTANDER
38401,PROXIMDAD,VALLADOLID-CAMPO GRANDE | VALLADOLID UNIVERSIDAD | CABEZÓN DEL PISUERGA | CORCOS-AGUILAREJO | CUBILLAS DE SANTA MARTA | DUEÑAS | VENTA DE BAÑOS | PALENCIA
18211,PROXIMDAD,VALLADOLID-CAMPO GRANDE | VALLADOLID UNIVERSIDAD | CABEZÓN DEL PISUERGA | CORCOS-AGUILAREJO | CUBILLAS DE SANTA MARTA | DUEÑAS | VENTA DE BAÑOS | PALENCIA
18217,PROXIMDAD,VALLADOLID-CAMPO GRANDE | VALLADOLID UNIVERSIDAD | CABEZÓN DEL PISUERGA | CORCOS-AGUILAREJO | CUBILLAS DE SANTA MARTA | DUEÑAS | VENTA DE BAÑOS | PALENCIA
18306,MD,SALAMANCA | MORISCOS | GOMECELLO | PITIEGUA | EL PEDROSO DE LA ARMUÑA | CANTALAPIEDRA | FRESNO EL VIEJO | EL CARPIO | MEDINA DEL CAMPO | POZALDEZ | MATAPOZUELOS | VALDESTILLAS | VIANA | VALLADOLID-CAMPO GRANDE | VALLADOLID UNIVERSIDAD | VENTA DE BAÑOS | PALENCIA
38306,PROXIMDAD,MEDINA DEL CAMPO | POZALDEZ | MATAPOZUELOS | VALDESTILLAS | VIANA | VALLADOLID-CAMPO GRANDE | VALLADOLID UNIVERSIDAD | VENTA DE BAÑOS | PALENCIA
18105,REG.EXP.,VALLADOLID-CAMPO GRANDE | VALLADOLID UNIVERSIDAD | CABEZÓN DEL PISUERGA | CORCOS-AGUILAREJO | CUBILLAS DE SANTA MARTA | DUEÑAS | VENTA DE BAÑOS | PALENCIA | MONZÓN DE CAMPOS | EL CARRIÓN | AMUSCO | PIÑA | FRÓMISTA | OSORNO | ESPINOSA DE VILLAGONZALO | HERRERA DE PISUERGA | ALAR DEL REY | MAVE | AGUILAR DE CAMPOO | QUINTANILLA DE LAS TORRES | MATAPORQUERA | REINOSA | BÁRCENA | LOS CORRALES DE BUELNA | TORRELAVEGA | RENEDO | MALIAÑO | VALDECILLA | SANTANDER
38105,PROXIMDAD,VALLADOLID-CAMPO GRANDE | VALLADOLID UNIVERSIDAD | CABEZÓN DEL PISUERGA | CORCOS-AGUILAREJO | CUBILLAS DE SANTA MARTA | DUEÑAS | VENTA DE BAÑOS | PALENCIA
18219,PROXIMDAD,VALLADOLID-CAMPO GRANDE | VALLADOLID UNIVERSIDAD | CABEZÓN DEL PISUERGA | CORCOS-AGUILAREJO | CUBILLAS DE SANTA MARTA | DUEÑAS | VENTA DE BAÑOS | PALENCIA
18101,REG.EXP.,VALLADOLID-CAMPO GRANDE | VALLADOLID UNIVERSIDAD | CABEZÓN DEL PISUERGA | CORCOS-AGUILAREJO | CUBILLAS DE SANTA MARTA | DUEÑAS | VENTA DE BAÑOS | PALENCIA | EL CARRIÓN | PIÑA | FRÓMISTA | OSORNO | ESPINOSA DE VILLAGONZALO | HERRERA DE PISUERGA | ALAR DEL REY | AGUILAR DE CAMPOO | MATAPORQUERA | REINOSA | BÁRCENA | LOS CORRALES DE BUELNA | TORRELAVEGA | RENEDO | MALIAÑO | VALDECILLA | SANTANDER
18105,REG.EXP.,VALLADOLID-CAMPO GRANDE | VALLADOLID UNIVERSIDAD | CABEZÓN DEL PISUERGA | CORCOS-AGUILAREJO | CUBILLAS DE SANTA MARTA | DUEÑAS | VENTA DE BAÑOS | PALENCIA | MONZÓN DE CAMPOS | EL CARRIÓN | AMUSCO | PIÑA | FRÓMISTA | OSORNO | ESPINOSA DE VILLAGONZALO | HERRERA DE PISUERGA | ALAR DEL REY | MAVE | AGUILAR DE CAMPOO | QUINTANILLA DE LAS TORRES | MATAPORQUERA | REINOSA | BÁRCENA | LOS CORRALES DE BUELNA | TORRELAVEGA | RENEDO | MALIAÑO | VALDECILLA | SANTANDER
18101,REG.EXP.,VALLADOLID-CAMPO GRANDE | VALLADOLID UNIVERSIDAD | CABEZÓN DEL PISUERGA | CORCOS-AGUILAREJO | CUBILLAS DE SANTA MARTA | DUEÑAS | VENTA DE BAÑOS | PALENCIA | EL CARRIÓN | PIÑA | FRÓMISTA | OSORNO | ESPINOSA DE VILLAGONZALO | HERRERA DE PISUERGA | ALAR DEL REY | AGUILAR DE CAMPOO | MATAPORQUERA | REINOSA | BÁRCENA | LOS CORRALES DE BUELNA | TORRELAVEGA | RENEDO | MALIAÑO | VALDECILLA | SANTANDER
18105,REG.EXP.,VALLADOLID-CAMPO GRANDE | VALLADOLID UNIVERSIDAD | CABEZÓN DEL PISUERGA | CORCOS-AGUILAREJO | CUBILLAS DE SANTA MARTA | DUEÑAS | VENTA DE BAÑOS | PALENCIA | MONZÓN DE CAMPOS | EL CARRIÓN | AMUSCO | PIÑA | FRÓMISTA | OSORNO | ESPINOSA DE VILLAGONZALO | HERRERA DE PISUERGA | ALAR DEL REY | MAVE | AGUILAR DE CAMPOO | QUINTANILLA DE LAS TORRES | MATAPORQUERA | REINOSA | BÁRCENA | LOS CORRALES DE BUELNA | TORRELAVEGA | RENEDO | MALIAÑO | VALDECILLA | SANTANDER
12101,REGIONAL,VALLADOLID-CAMPO GRANDE | VALLADOLID UNIVERSIDAD | CABEZÓN DEL PISUERGA | DUEÑAS | VENTA DE BAÑOS | PALENCIA | PAREDES DE NAVA | VILLADA | GRAJAL | SAHAGÚN | EL BURGO RANERO | PALANQUINOS | LEÓN | LA ROBLA | LA POLA DE GORDÓN | SANTA LUCÍA | VILLAMANÍN | BUSDONGO | LINARES-CONGOSTINAS | PUENTE DE LOS FIERROS | CAMPOMANES | POLA DE LENA | UJO | MIERES-PUENTE | LLAMAQUIQUE | OVIEDO | CALZADA DE ASTURIAS | GIJÓN-SANZ CRESPO
18105,REG.EXP.,VALLADOLID-CAMPO GRANDE | VALLADOLID UNIVERSIDAD | CABEZÓN DEL PISUERGA | CORCOS-AGUILAREJO | CUBILLAS DE SANTA MARTA | DUEÑAS | VENTA DE BAÑOS | PALENCIA | MONZÓN DE CAMPOS | EL CARRIÓN | AMUSCO | PIÑA | FRÓMISTA | OSORNO | ESPINOSA DE VILLAGONZALO | HERRERA DE PISUERGA | ALAR DEL REY | MAVE | AGUILAR DE CAMPOO | QUINTANILLA DE LAS TORRES | MATAPORQUERA | REINOSA | BÁRCENA | LOS CORRALES DE BUELNA | TORRELAVEGA | RENEDO | MALIAÑO | VALDECILLA | SANTANDER
12101,REGIONAL,VALLADOLID-CAMPO GRANDE | VALLADOLID UNIVERSIDAD | CABEZÓN DEL PISUERGA | DUEÑAS | VENTA DE BAÑOS | PALENCIA | PAREDES DE NAVA | VILLADA | GRAJAL | SAHAGÚN | EL BURGO RANERO | PALANQUINOS | LEÓN | LA ROBLA | LA POLA DE GORDÓN | SANTA LUCÍA | VILLAMANÍN | BUSDONGO | LINARES-CONGOSTINAS | PUENTE DE LOS FIERROS | CAMPOMANES | POLA DE LENA | UJO | MIERES-PUENTE | LLAMAQUIQUE | OVIEDO | CALZADA DE ASTURIAS | GIJÓN-SANZ CRESPO
18308,MD,PALENCIA | VENTA DE BAÑOS | DUEÑAS | VALLADOLID UNIVERSIDAD | VALLADOLID-CAMPO GRANDE | MEDINA DEL CAMPO | CAMPILLO | EL CARPIO | FRESNO EL VIEJO | CANTALAPIEDRA | EL PEDROSO DE LA ARMUÑA | GOMECELLO | SALAMANCA | SALAMANCA-LA ALAMEDILLA
18101,REG.EXP.,VALLADOLID-CAMPO GRANDE | VALLADOLID UNIVERSIDAD | CABEZÓN DEL PISUERGA | CORCOS-AGUILAREJO | CUBILLAS DE SANTA MARTA | DUEÑAS | VENTA DE BAÑOS | PALENCIA | EL CARRIÓN | PIÑA | FRÓMISTA | OSORNO | ESPINOSA DE VILLAGONZALO | HERRERA DE PISUERGA | ALAR DEL REY | AGUILAR DE CAMPOO | MATAPORQUERA | REINOSA | BÁRCENA | LOS CORRALES DE BUELNA | TORRELAVEGA | RENEDO | MALIAÑO | VALDECILLA | SANTANDER
18105,REG.EXP.,VALLADOLID-CAMPO GRANDE | VALLADOLID UNIVERSIDAD | CABEZÓN DEL PISUERGA | CORCOS-AGUILAREJO | CUBILLAS DE SANTA MARTA | DUEÑAS | VENTA DE BAÑOS | PALENCIA | MONZÓN DE CAMPOS | EL CARRIÓN | AMUSCO | PIÑA | FRÓMISTA | OSORNO | ESPINOSA DE VILLAGONZALO | HERRERA DE PISUERGA | ALAR DEL REY | MAVE | AGUILAR DE CAMPOO | QUINTANILLA DE LAS TORRES | MATAPORQUERA | REINOSA | BÁRCENA | LOS CORRALES DE BUELNA | TORRELAVEGA | RENEDO | MALIAÑO | VALDECILLA | SANTANDER
18101,REG.EXP.,VALLADOLID-CAMPO GRANDE | VALLADOLID UNIVERSIDAD | CABEZÓN DEL PISUERGA | CORCOS-AGUILAREJO | CUBILLAS DE SANTA MARTA | DUEÑAS | VENTA DE BAÑOS | PALENCIA | EL CARRIÓN | PIÑA | FRÓMISTA | OSORNO | ESPINOSA DE VILLAGONZALO | HERRERA DE PISUERGA | ALAR DEL REY | AGUILAR DE CAMPOO | MATAPORQUERA | REINOSA | BÁRCENA | LOS CORRALES DE BUELNA | TORRELAVEGA | RENEDO | MALIAÑO | VALDECILLA | SANTANDER
18105,REG.EXP.,VALLADOLID-CAMPO GRANDE | VALLADOLID UNIVERSIDAD | CABEZÓN DEL PISUERGA | CORCOS-AGUILAREJO | CUBILLAS DE SANTA MARTA | DUEÑAS | VENTA DE BAÑOS | PALENCIA | MONZÓN DE CAMPOS | EL CARRIÓN | AMUSCO | PIÑA | FRÓMISTA | OSORNO | ESPINOSA DE VILLAGONZALO | HERRERA DE PISUERGA | ALAR DEL REY | MAVE | AGUILAR DE CAMPOO | QUINTANILLA DE LAS TORRES | MATAPORQUERA | REINOSA | BÁRCENA | LOS CORRALES DE BUELNA | TORRELAVEGA | RENEDO | MALIAÑO | VALDECILLA | SANTANDER
18218,PROXIMDAD,PALENCIA | VENTA DE BAÑOS | DUEÑAS | CUBILLAS DE SANTA MARTA | CORCOS-AGUILAREJO | CABEZÓN DEL PISUERGA | VALLADOLID UNIVERSIDAD | VALLADOLID-CAMPO GRANDE | VIANA | VALDESTILLAS | MATAPOZUELOS | POZALDEZ | MEDINA DEL CAMPO
18105,REG.EXP.,VALLADOLID-CAMPO GRANDE | VALLADOLID UNIVERSIDAD | CABEZÓN DEL PISUERGA | CORCOS-AGUILAREJO | CUBILLAS DE SANTA MARTA | DUEÑAS | VENTA DE BAÑOS | PALENCIA | MONZÓN DE CAMPOS | EL CARRIÓN | AMUSCO | PIÑA | FRÓMISTA | OSORNO | ESPINOSA DE VILLAGONZALO | HERRERA DE PISUERGA | ALAR DEL REY | MAVE | AGUILAR DE CAMPOO | QUINTANILLA DE LAS TORRES | MATAPORQUERA | REINOSA | BÁRCENA | LOS CORRALES DE BUELNA | TORRELAVEGA | RENEDO | MALIAÑO | VALDECILLA | SANTANDER
18102,REG.EXP.,SANTANDER | VALDECILLA | MALIAÑO | RENEDO | TORRELAVEGA | LOS CORRALES DE BUELNA | BÁRCENA | REINOSA | MATAPORQUERA | QUINTANILLA DE LAS TORRES | AGUILAR DE CAMPOO | MAVE | ALAR DEL REY | HERRERA DE PISUERGA | ESPINOSA DE VILLAGONZALO | OSORNO | FRÓMISTA | PIÑA | AMUSCO | EL CARRIÓN | MONZÓN DE CAMPOS | PALENCIA | VENTA DE BAÑOS | DUEÑAS | CUBILLAS DE SANTA MARTA | CORCOS-AGUILAREJO | CABEZÓN DEL PISUERGA | VALLADOLID UNIVERSIDAD | VALLADOLID-CAMPO GRANDE
18102,REG.EXP.,SANTANDER | VALDECILLA | MALIAÑO | RENEDO | TORRELAVEGA | LOS CORRALES DE BUELNA | BÁRCENA | REINOSA | MATAPORQUERA | QUINTANILLA DE LAS TORRES | AGUILAR DE CAMPOO | MAVE | ALAR DEL REY | HERRERA DE PISUERGA | ESPINOSA DE VILLAGONZALO | OSORNO | FRÓMISTA | PIÑA | AMUSCO | EL CARRIÓN | MONZÓN DE CAMPOS | PALENCIA | VENTA DE BAÑOS | DUEÑAS | CUBILLAS DE SANTA MARTA | CORCOS-AGUILAREJO | CABEZÓN DEL PISUERGA | VALLADOLID UNIVERSIDAD | VALLADOLID-CAMPO GRANDE
18105,REG.EXP.,VALLADOLID-CAMPO GRANDE | VALLADOLID UNIVERSIDAD | CABEZÓN DEL PISUERGA | CORCOS-AGUILAREJO | CUBILLAS DE SANTA MARTA | DUEÑAS | VENTA DE BAÑOS | PALENCIA | MONZÓN DE CAMPOS | EL CARRIÓN | AMUSCO | PIÑA | FRÓMISTA | OSORNO | ESPINOSA DE VILLAGONZALO | HERRERA DE PISUERGA | ALAR DEL REY | MAVE | AGUILAR DE CAMPOO | QUINTANILLA DE LAS TORRES | MATAPORQUERA | REINOSA | BÁRCENA | LOS CORRALES DE BUELNA | TORRELAVEGA | RENEDO | MALIAÑO | VALDECILLA | SANTANDER
18102,REG.EXP.,SANTANDER | VALDECILLA | MALIAÑO | RENEDO | TORRELAVEGA | LOS CORRALES DE BUELNA | BÁRCENA | REINOSA | MATAPORQUERA | QUINTANILLA DE LAS TORRES | AGUILAR DE CAMPOO | MAVE | ALAR DEL REY | HERRERA DE PISUERGA | ESPINOSA DE VILLAGONZALO | OSORNO | FRÓMISTA | PIÑA | AMUSCO | EL CARRIÓN | MONZÓN DE CAMPOS | PALENCIA | VENTA DE BAÑOS | DUEÑAS | CUBILLAS DE SANTA MARTA | CORCOS-AGUILAREJO | CABEZÓN DEL PISUERGA | VALLADOLID UNIVERSIDAD | VALLADOLID-CAMPO GRANDE
18102,REG.EXP.,SANTANDER | VALDECILLA | MALIAÑO | RENEDO | TORRELAVEGA | LOS CORRALES DE BUELNA | BÁRCENA | REINOSA | MATAPORQUERA | QUINTANILLA DE LAS TORRES | AGUILAR DE CAMPOO | MAVE | ALAR DEL REY | HERRERA DE PISUERGA | ESPINOSA DE VILLAGONZALO | OSORNO | FRÓMISTA | PIÑA | AMUSCO | EL CARRIÓN | MONZÓN DE CAMPOS | PALENCIA | VENTA DE BAÑOS | DUEÑAS | CUBILLAS DE SANTA MARTA | CORCOS-AGUILAREJO | CABEZÓN DEL PISUERGA | VALLADOLID UNIVERSIDAD | VALLADOLID-CAMPO GRANDE
18105,REG.EXP.,VALLADOLID-CAMPO GRANDE | VALLADOLID UNIVERSIDAD | CABEZÓN DEL PISUERGA | CORCOS-AGUILAREJO | CUBILLAS DE SANTA MARTA | DUEÑAS | VENTA DE BAÑOS | PALENCIA | MONZÓN DE CAMPOS | EL CARRIÓN | AMUSCO | PIÑA | FRÓMISTA | OSORNO | ESPINOSA DE VILLAGONZALO | HERRERA DE PISUERGA | ALAR DEL REY | MAVE | AGUILAR DE CAMPOO | QUINTANILLA DE LAS TORRES | MATAPORQUERA | REINOSA | BÁRCENA | LOS CORRALES DE BUELNA | TORRELAVEGA | RENEDO | MALIAÑO | VALDECILLA | SANTANDER
18105,REG.EXP.,VALLADOLID-CAMPO GRANDE | VALLADOLID UNIVERSIDAD | CABEZÓN DEL PISUERGA | CORCOS-AGUILAREJO | CUBILLAS DE SANTA MARTA | DUEÑAS | VENTA DE BAÑOS | PALENCIA | MONZÓN DE CAMPOS | EL CARRIÓN | AMUSCO | PIÑA | FRÓMISTA | OSORNO | ESPINOSA DE VILLAGONZALO | HERRERA DE PISUERGA | ALAR DEL REY | MAVE | AGUILAR DE CAMPOO | QUINTANILLA DE LAS TORRES | MATAPORQUERA | REINOSA | BÁRCENA | LOS CORRALES DE BUELNA | TORRELAVEGA | RENEDO | MALIAÑO | VALDECILLA | SANTANDER
18105,REG.EXP.,VALLADOLID-CAMPO GRANDE | VALLADOLID UNIVERSIDAD | CABEZÓN DEL PISUERGA | CORCOS-AGUILAREJO | CUBILLAS DE SANTA MARTA | DUEÑAS | VENTA DE BAÑOS | PALENCIA | MONZÓN DE CAMPOS | EL CARRIÓN | AMUSCO | PIÑA | FRÓMISTA | OSORNO | ESPINOSA DE VILLAGONZALO | HERRERA DE PISUERGA | ALAR DEL REY | MAVE | AGUILAR DE CAMPOO | QUINTANILLA DE LAS TORRES | MATAPORQUERA | REINOSA | BÁRCENA | LOS CORRALES DE BUELNA | TORRELAVEGA | RENEDO | MALIAÑO | VALDECILLA | SANTANDER
18105,REG.EXP.,VALLADOLID-CAMPO GRANDE | VALLADOLID UNIVERSIDAD | CABEZÓN DEL PISUERGA | CORCOS-AGUILAREJO | CUBILLAS DE SANTA MARTA | DUEÑAS | VENTA DE BAÑOS | PALENCIA | MONZÓN DE CAMPOS | EL CARRIÓN | AMUSCO | PIÑA | FRÓMISTA | OSORNO | ESPINOSA DE VILLAGONZALO | HERRERA DE PISUERGA | ALAR DEL REY | MAVE | AGUILAR DE CAMPOO | QUINTANILLA DE LAS TORRES | MATAPORQUERA | REINOSA | BÁRCENA | LOS CORRALES DE BUELNA | TORRELAVEGA | RENEDO | MALIAÑO | VALDECILLA | SANTANDER
18102,REG.EXP.,SANTANDER | VALDECILLA | MALIAÑO | RENEDO | TORRELAVEGA | LOS CORRALES DE BUELNA | BÁRCENA | REINOSA | MATAPORQUERA | QUINTANILLA DE LAS TORRES | AGUILAR DE CAMPOO | MAVE | ALAR DEL REY | HERRERA DE PISUERGA | ESPINOSA DE VILLAGONZALO | OSORNO | FRÓMISTA | PIÑA | AMUSCO | EL CARRIÓN | MONZÓN DE CAMPOS | PALENCIA | VENTA DE BAÑOS | DUEÑAS | CUBILLAS DE SANTA MARTA | CORCOS-AGUILAREJO | CABEZÓN DEL PISUERGA | VALLADOLID UNIVERSIDAD | VALLADOLID-CAMPO GRANDE
18102,REG.EXP.,SANTANDER | VALDECILLA | MALIAÑO | RENEDO | TORRELAVEGA | LOS CORRALES DE BUELNA | BÁRCENA | REINOSA | MATAPORQUERA | QUINTANILLA DE LAS TORRES | AGUILAR DE CAMPOO | MAVE | ALAR DEL REY | HERRERA DE PISUERGA | ESPINOSA DE VILLAGONZALO | OSORNO | FRÓMISTA | PIÑA | AMUSCO | EL CARRIÓN | MONZÓN DE CAMPOS | PALENCIA | VENTA DE BAÑOS | DUEÑAS | CUBILLAS DE SANTA MARTA | CORCOS-AGUILAREJO | CABEZÓN DEL PISUERGA | VALLADOLID UNIVERSIDAD | VALLADOLID-CAMPO GRANDE
18102,REG.EXP.,SANTANDER | VALDECILLA | MALIAÑO | RENEDO | TORRELAVEGA | LOS CORRALES DE BUELNA | BÁRCENA | REINOSA | MATAPORQUERA | QUINTANILLA DE LAS TORRES | AGUILAR DE CAMPOO | MAVE | ALAR DEL REY | HERRERA DE PISUERGA | ESPINOSA DE VILLAGONZALO | OSORNO | FRÓMISTA | PIÑA | AMUSCO | EL CARRIÓN | MONZÓN DE CAMPOS | PALENCIA | VENTA DE BAÑOS | DUEÑAS | CUBILLAS DE SANTA MARTA | CORCOS-AGUILAREJO | CABEZÓN DEL PISUERGA | VALLADOLID UNIVERSIDAD | VALLADOLID-CAMPO GRANDE
18105,REG.EXP.,VALLADOLID-CAMPO GRANDE | VALLADOLID UNIVERSIDAD | CABEZÓN DEL PISUERGA | CORCOS-AGUILAREJO | CUBILLAS DE SANTA MARTA | DUEÑAS | VENTA DE BAÑOS | PALENCIA | MONZÓN DE CAMPOS | EL CARRIÓN | AMUSCO | PIÑA | FRÓMISTA | OSORNO | ESPINOSA DE VILLAGONZALO | HERRERA DE PISUERGA | ALAR DEL REY | MAVE | AGUILAR DE CAMPOO | QUINTANILLA DE LAS TORRES | MATAPORQUERA | REINOSA | BÁRCENA | LOS CORRALES DE BUELNA | TORRELAVEGA | RENEDO | MALIAÑO | VALDECILLA | SANTANDER
18105,REG.EXP.,VALLADOLID-CAMPO GRANDE | VALLADOLID UNIVERSIDAD | CABEZÓN DEL PISUERGA | CORCOS-AGUILAREJO | CUBILLAS DE SANTA MARTA | DUEÑAS | VENTA DE BAÑOS | PALENCIA | MONZÓN DE CAMPOS | EL CARRIÓN | AMUSCO | PIÑA | FRÓMISTA | OSORNO | ESPINOSA DE VILLAGONZALO | HERRERA DE PISUERGA | ALAR DEL REY | MAVE | AGUILAR DE CAMPOO | QUINTANILLA DE LAS TORRES | MATAPORQUERA | REINOSA | BÁRCENA | LOS CORRALES DE BUELNA | TORRELAVEGA | RENEDO | MALIAÑO | VALDECILLA | SANTANDER
18105,REG.EXP.,VALLADOLID-CAMPO GRANDE | VALLADOLID UNIVERSIDAD | CABEZÓN DEL PISUERGA | CORCOS-AGUILAREJO | CUBILLAS DE SANTA MARTA | DUEÑAS | VENTA DE BAÑOS | PALENCIA | MONZÓN DE CAMPOS | EL CARRIÓN | AMUSCO | PIÑA | FRÓMISTA | OSORNO | ESPINOSA DE VILLAGONZALO | HERRERA DE PISUERGA | ALAR DEL REY | MAVE | AGUILAR DE CAMPOO | QUINTANILLA DE LAS TORRES | MATAPORQUERA | REINOSA | BÁRCENA | LOS CORRALES DE BUELNA | TORRELAVEGA | RENEDO | MALIAÑO | VALDECILLA | SANTANDER
18105,REG.EXP.,VALLADOLID-CAMPO GRANDE | VALLADOLID UNIVERSIDAD | CABEZÓN DEL PISUERGA | CORCOS-AGUILAREJO | CUBILLAS DE SANTA MARTA | DUEÑAS | VENTA DE BAÑOS | PALENCIA | MONZÓN DE CAMPOS | EL CARRIÓN | AMUSCO | PIÑA | FRÓMISTA | OSORNO | ESPINOSA DE VILLAGONZALO | HERRERA DE PISUERGA | ALAR DEL REY | MAVE | AGUILAR DE CAMPOO | QUINTANILLA DE LAS TORRES | MATAPORQUERA | REINOSA | BÁRCENA | LOS CORRALES DE BUELNA | TORRELAVEGA | RENEDO | MALIAÑO | VALDECILLA | SANTANDER
18105,REG.EXP.,VALLADOLID-CAMPO GRANDE | VALLADOLID UNIVERSIDAD | CABEZÓN DEL PISUERGA | CORCOS-AGUILAREJO | CUBILLAS DE SANTA MARTA | DUEÑAS | VENTA DE BAÑOS | PALENCIA | MONZÓN DE CAMPOS | EL CARRIÓN | AMUSCO | PIÑA | FRÓMISTA | OSORNO | ESPINOSA DE VILLAGONZALO | HERRERA DE PISUERGA | ALAR DEL REY | MAVE | AGUILAR DE CAMPOO | QUINTANILLA DE LAS TORRES | MATAPORQUERA | REINOSA | BÁRCENA | LOS CORRALES DE BUELNA | TORRELAVEGA | RENEDO | MALIAÑO | VALDECILLA | SANTANDER
18101,REG.EXP.,VALLADOLID-CAMPO GRANDE | VALLADOLID UNIVERSIDAD | CABEZÓN DEL PISUERGA | CORCOS-AGUILAREJO | CUBILLAS DE SANTA MARTA | DUEÑAS | VENTA DE BAÑOS | PALENCIA | EL CARRIÓN | PIÑA | FRÓMISTA | OSORNO | ESPINOSA DE VILLAGONZALO | HERRERA DE PISUERGA | ALAR DEL REY | AGUILAR DE CAMPOO | MATAPORQUERA | REINOSA | BÁRCENA | LOS CORRALES DE BUELNA | TORRELAVEGA | RENEDO | MALIAÑO | VALDECILLA | SANTANDER
18105,REG.EXP.,VALLADOLID-CAMPO GRANDE | VALLADOLID UNIVERSIDAD | CABEZÓN DEL PISUERGA | CORCOS-AGUILAREJO | CUBILLAS DE SANTA MARTA | DUEÑAS | VENTA DE BAÑOS | PALENCIA | MONZÓN DE CAMPOS | EL CARRIÓN | AMUSCO | PIÑA | FRÓMISTA | OSORNO | ESPINOSA DE VILLAGONZALO | HERRERA DE PISUERGA | ALAR DEL REY | MAVE | AGUILAR DE CAMPOO | QUINTANILLA DE LAS TORRES | MATAPORQUERA | REINOSA | BÁRCENA | LOS CORRALES DE BUELNA | TORRELAVEGA | RENEDO | MALIAÑO | VALDECILLA | SANTANDER
18102,REG.EXP.,SANTANDER | VALDECILLA | MALIAÑO | RENEDO | TORRELAVEGA | LOS CORRALES DE BUELNA | BÁRCENA | REINOSA | MATAPORQUERA | QUINTANILLA DE LAS TORRES | AGUILAR DE CAMPOO | MAVE | ALAR DEL REY | HERRERA DE PISUERGA | ESPINOSA DE VILLAGONZALO | OSORNO | FRÓMISTA | PIÑA | AMUSCO | EL CARRIÓN | MONZÓN DE CAMPOS | PALENCIA | VENTA DE BAÑOS | DUEÑAS | CUBILLAS DE SANTA MARTA | CORCOS-AGUILAREJO | CABEZÓN DEL PISUERGA | VALLADOLID UNIVERSIDAD | VALLADOLID-CAMPO GRANDE
18104,REG.EXP.,SANTANDER | VALDECILLA | MALIAÑO | RENEDO | TORRELAVEGA | LOS CORRALES DE BUELNA | BÁRCENA | REINOSA | MATAPORQUERA | AGUILAR DE CAMPOO | ALAR DEL REY | HERRERA DE PISUERGA | ESPINOSA DE VILLAGONZALO | OSORNO | FRÓMISTA | PIÑA | EL CARRIÓN | PALENCIA | VENTA DE BAÑOS | VALLADOLID UNIVERSIDAD | VALLADOLID-CAMPO GRANDE
18102,REG.EXP.,SANTANDER | VALDECILLA | MALIAÑO | RENEDO | TORRELAVEGA | LOS CORRALES DE BUELNA | BÁRCENA | REINOSA | MATAPORQUERA | QUINTANILLA DE LAS TORRES | AGUILAR DE CAMPOO | MAVE | ALAR DEL REY | HERRERA DE PISUERGA | ESPINOSA DE VILLAGONZALO | OSORNO | FRÓMISTA | PIÑA | AMUSCO | EL CARRIÓN | MONZÓN DE CAMPOS | PALENCIA | VENTA DE BAÑOS | DUEÑAS | CUBILLAS DE SANTA MARTA | CORCOS-AGUILAREJO | CABEZÓN DEL PISUERGA | VALLADOLID UNIVERSIDAD | VALLADOLID-CAMPO GRANDE
18104,REG.EXP.,SANTANDER | VALDECILLA | MALIAÑO | RENEDO | TORRELAVEGA | LOS CORRALES DE BUELNA | BÁRCENA | REINOSA | MATAPORQUERA | AGUILAR DE CAMPOO | ALAR DEL REY | HERRERA DE PISUERGA | ESPINOSA DE VILLAGONZALO | OSORNO | FRÓMISTA | PIÑA | EL CARRIÓN | PALENCIA | VENTA DE BAÑOS | VALLADOLID UNIVERSIDAD | VALLADOLID-CAMPO GRANDE
18102,REG.EXP.,SANTANDER | VALDECILLA | MALIAÑO | RENEDO | TORRELAVEGA | LOS CORRALES DE BUELNA | BÁRCENA | REINOSA | MATAPORQUERA | QUINTANILLA DE LAS TORRES | AGUILAR DE CAMPOO | MAVE | ALAR DEL REY | HERRERA DE PISUERGA | ESPINOSA DE VILLAGONZALO | OSORNO | FRÓMISTA | PIÑA | AMUSCO | EL CARRIÓN | MONZÓN DE CAMPOS | PALENCIA | VENTA DE BAÑOS | DUEÑAS | CUBILLAS DE SANTA MARTA | CORCOS-AGUILAREJO | CABEZÓN DEL PISUERGA | VALLADOLID UNIVERSIDAD | VALLADOLID-CAMPO GRANDE
18102,REG.EXP.,SANTANDER | VALDECILLA | MALIAÑO | RENEDO | TORRELAVEGA | LOS CORRALES DE BUELNA | BÁRCENA | REINOSA | MATAPORQUERA | QUINTANILLA DE LAS TORRES | AGUILAR DE CAMPOO | MAVE | ALAR DEL REY | HERRERA DE PISUERGA | ESPINOSA DE VILLAGONZALO | OSORNO | FRÓMISTA | PIÑA | AMUSCO | EL CARRIÓN | MONZÓN DE CAMPOS | PALENCIA | VENTA DE BAÑOS | DUEÑAS | CUBILLAS DE SANTA MARTA | CORCOS-AGUILAREJO | CABEZÓN DEL PISUERGA | VALLADOLID UNIVERSIDAD | VALLADOLID-CAMPO GRANDE
18102,REG.EXP.,SANTANDER | VALDECILLA | MALIAÑO | RENEDO | TORRELAVEGA | LOS CORRALES DE BUELNA | BÁRCENA | REINOSA | MATAPORQUERA | QUINTANILLA DE LAS TORRES | AGUILAR DE CAMPOO | MAVE | ALAR DEL REY | HERRERA DE PISUERGA | ESPINOSA DE VILLAGONZALO | OSORNO | FRÓMISTA | PIÑA | AMUSCO | EL CARRIÓN | MONZÓN DE CAMPOS | PALENCIA | VENTA DE BAÑOS | DUEÑAS | CUBILLAS DE SANTA MARTA | CORCOS-AGUILAREJO | CABEZÓN DEL PISUERGA | VALLADOLID UNIVERSIDAD | VALLADOLID-CAMPO GRANDE
18104,REG.EXP.,SANTANDER | VALDECILLA | MALIAÑO | RENEDO | TORRELAVEGA | LOS CORRALES DE BUELNA | BÁRCENA | REINOSA | MATAPORQUERA | AGUILAR DE CAMPOO | ALAR DEL REY | HERRERA DE PISUERGA | ESPINOSA DE VILLAGONZALO | OSORNO | FRÓMISTA | PIÑA | EL CARRIÓN | PALENCIA | VENTA DE BAÑOS | VALLADOLID UNIVERSIDAD | VALLADOLID-CAMPO GRANDE
18102,REG.EXP.,SANTANDER | VALDECILLA | MALIAÑO | RENEDO | TORRELAVEGA | LOS CORRALES DE BUELNA | BÁRCENA | REINOSA | MATAPORQUERA | QUINTANILLA DE LAS TORRES | AGUILAR DE CAMPOO | MAVE | ALAR DEL REY | HERRERA DE PISUERGA | ESPINOSA DE VILLAGONZALO | OSORNO | FRÓMISTA | PIÑA | AMUSCO | EL CARRIÓN | MONZÓN DE CAMPOS | PALENCIA | VENTA DE BAÑOS | DUEÑAS | CUBILLAS DE SANTA MARTA | CORCOS-AGUILAREJO | CABEZÓN DEL PISUERGA | VALLADOLID UNIVERSIDAD | VALLADOLID-CAMPO GRANDE
18104,REG.EXP.,SANTANDER | VALDECILLA | MALIAÑO | RENEDO | TORRELAVEGA | LOS CORRALES DE BUELNA | BÁRCENA | REINOSA | MATAPORQUERA | AGUILAR DE CAMPOO | ALAR DEL REY | HERRERA DE PISUERGA | ESPINOSA DE VILLAGONZALO | OSORNO | FRÓMISTA | PIÑA | EL CARRIÓN | PALENCIA | VENTA DE BAÑOS | VALLADOLID UNIVERSIDAD | VALLADOLID-CAMPO GRANDE
18102,REG.EXP.,SANTANDER | VALDECILLA | MALIAÑO | RENEDO | TORRELAVEGA | LOS CORRALES DE BUELNA | BÁRCENA | REINOSA | MATAPORQUERA | QUINTANILLA DE LAS TORRES | AGUILAR DE CAMPOO | MAVE | ALAR DEL REY | HERRERA DE PISUERGA | ESPINOSA DE VILLAGONZALO | OSORNO | FRÓMISTA | PIÑA | AMUSCO | EL CARRIÓN | MONZÓN DE CAMPOS | PALENCIA | VENTA DE BAÑOS | DUEÑAS | CUBILLAS DE SANTA MARTA | CORCOS-AGUILAREJO | CABEZÓN DEL PISUERGA | VALLADOLID UNIVERSIDAD | VALLADOLID-CAMPO GRANDE
18105,REG.EXP.,VALLADOLID-CAMPO GRANDE | VALLADOLID UNIVERSIDAD | CABEZÓN DEL PISUERGA | CORCOS-AGUILAREJO | CUBILLAS DE SANTA MARTA | DUEÑAS | VENTA DE BAÑOS | PALENCIA | MONZÓN DE CAMPOS | EL CARRIÓN | AMUSCO | PIÑA | FRÓMISTA | OSORNO | ESPINOSA DE VILLAGONZALO | HERRERA DE PISUERGA | ALAR DEL REY | MAVE | AGUILAR DE CAMPOO | QUINTANILLA DE LAS TORRES | MATAPORQUERA | REINOSA | BÁRCENA | LOS CORRALES DE BUELNA | TORRELAVEGA | RENEDO | MALIAÑO | VALDECILLA | SANTANDER
18102,REG.EXP.,SANTANDER | VALDECILLA | MALIAÑO | RENEDO | TORRELAVEGA | LOS CORRALES DE BUELNA | BÁRCENA | REINOSA | MATAPORQUERA | QUINTANILLA DE LAS TORRES | AGUILAR DE CAMPOO | MAVE | ALAR DEL REY | HERRERA DE PISUERGA | ESPINOSA DE VILLAGONZALO | OSORNO | FRÓMISTA | PIÑA | AMUSCO | EL CARRIÓN | MONZÓN DE CAMPOS | PALENCIA | VENTA DE BAÑOS | DUEÑAS | CUBILLAS DE SANTA MARTA | CORCOS-AGUILAREJO | CABEZÓN DEL PISUERGA | VALLADOLID UNIVERSIDAD | VALLADOLID-CAMPO GRANDE
18104,REG.EXP.,SANTANDER | VALDECILLA | MALIAÑO | RENEDO | TORRELAVEGA | LOS CORRALES DE BUELNA | BÁRCENA | REINOSA | MATAPORQUERA | AGUILAR DE CAMPOO | ALAR DEL REY | HERRERA DE PISUERGA | ESPINOSA DE VILLAGONZALO | OSORNO | FRÓMISTA | PIÑA | EL CARRIÓN | PALENCIA | VENTA DE BAÑOS | VALLADOLID UNIVERSIDAD | VALLADOLID-CAMPO GRANDE
18102,REG.EXP.,SANTANDER | VALDECILLA | MALIAÑO | RENEDO | TORRELAVEGA | LOS CORRALES DE BUELNA | BÁRCENA | REINOSA | MATAPORQUERA | QUINTANILLA DE LAS TORRES | AGUILAR DE CAMPOO | MAVE | ALAR DEL REY | HERRERA DE PISUERGA | ESPINOSA DE VILLAGONZALO | OSORNO | FRÓMISTA | PIÑA | AMUSCO | EL CARRIÓN | MONZÓN DE CAMPOS | PALENCIA | VENTA DE BAÑOS | DUEÑAS | CUBILLAS DE SANTA MARTA | CORCOS-AGUILAREJO | CABEZÓN DEL PISUERGA | VALLADOLID UNIVERSIDAD | VALLADOLID-CAMPO GRANDE
18102,REG.EXP.,SANTANDER | VALDECILLA | MALIAÑO | RENEDO | TORRELAVEGA | LOS CORRALES DE BUELNA | BÁRCENA | REINOSA | MATAPORQUERA | QUINTANILLA DE LAS TORRES | AGUILAR DE CAMPOO | MAVE | ALAR DEL REY | HERRERA DE PISUERGA | ESPINOSA DE VILLAGONZALO | OSORNO | FRÓMISTA | PIÑA | AMUSCO | EL CARRIÓN | MONZÓN DE CAMPOS | PALENCIA | VENTA DE BAÑOS | DUEÑAS | CUBILLAS DE SANTA MARTA | CORCOS-AGUILAREJO | CABEZÓN DEL PISUERGA | VALLADOLID UNIVERSIDAD | VALLADOLID-CAMPO GRANDE
18102,REG.EXP.,SANTANDER | VALDECILLA | MALIAÑO | RENEDO | TORRELAVEGA | LOS CORRALES DE BUELNA | BÁRCENA | REINOSA | MATAPORQUERA | QUINTANILLA DE LAS TORRES | AGUILAR DE CAMPOO | MAVE | ALAR DEL REY | HERRERA DE PISUERGA | ESPINOSA DE VILLAGONZALO | OSORNO | FRÓMISTA | PIÑA | AMUSCO | EL CARRIÓN | MONZÓN DE CAMPOS | PALENCIA | VENTA DE BAÑOS | DUEÑAS | CUBILLAS DE SANTA MARTA | CORCOS-AGUILAREJO | CABEZÓN DEL PISUERGA | VALLADOLID UNIVERSIDAD | VALLADOLID-CAMPO GRANDE
18104,REG.EXP.,SANTANDER | VALDECILLA | MALIAÑO | RENEDO | TORRELAVEGA | LOS CORRALES DE BUELNA | BÁRCENA | REINOSA | MATAPORQUERA | AGUILAR DE CAMPOO | ALAR DEL REY | HERRERA DE PISUERGA | ESPINOSA DE VILLAGONZALO | OSORNO | FRÓMISTA | PIÑA | EL CARRIÓN | PALENCIA | VENTA DE BAÑOS | VALLADOLID UNIVERSIDAD | VALLADOLID-CAMPO GRANDE
18102,REG.EXP.,SANTANDER | VALDECILLA | MALIAÑO | RENEDO | TORRELAVEGA | LOS CORRALES DE BUELNA | BÁRCENA | REINOSA | MATAPORQUERA | QUINTANILLA DE LAS TORRES | AGUILAR DE CAMPOO | MAVE | ALAR DEL REY | HERRERA DE PISUERGA | ESPINOSA DE VILLAGONZALO | OSORNO | FRÓMISTA | PIÑA | AMUSCO | EL CARRIÓN | MONZÓN DE CAMPOS | PALENCIA | VENTA DE BAÑOS | DUEÑAS | CUBILLAS DE SANTA MARTA | CORCOS-AGUILAREJO | CABEZÓN DEL PISUERGA | VALLADOLID UNIVERSIDAD | VALLADOLID-CAMPO GRANDE
18104,REG.EXP.,SANTANDER | VALDECILLA | MALIAÑO | RENEDO | TORRELAVEGA | LOS CORRALES DE BUELNA | BÁRCENA | REINOSA | MATAPORQUERA | AGUILAR DE CAMPOO | ALAR DEL REY | HERRERA DE PISUERGA | ESPINOSA DE VILLAGONZALO | OSORNO | FRÓMISTA | PIÑA | EL CARRIÓN | PALENCIA | VENTA DE BAÑOS | VALLADOLID UNIVERSIDAD | VALLADOLID-CAMPO GRANDE
18102,REG.EXP.,SANTANDER | VALDECILLA | MALIAÑO | RENEDO | TORRELAVEGA | LOS CORRALES DE BUELNA | BÁRCENA | REINOSA | MATAPORQUERA | QUINTANILLA DE LAS TORRES | AGUILAR DE CAMPOO | MAVE | ALAR DEL REY | HERRERA DE PISUERGA | ESPINOSA DE VILLAGONZALO | OSORNO | FRÓMISTA | PIÑA | AMUSCO | EL CARRIÓN | MONZÓN DE CAMPOS | PALENCIA | VENTA DE BAÑOS | DUEÑAS | CUBILLAS DE SANTA MARTA | CORCOS-AGUILAREJO | CABEZÓN DEL PISUERGA | VALLADOLID UNIVERSIDAD | VALLADOLID-CAMPO GRANDE
18104,REG.EXP.,SANTANDER | VALDECILLA | MALIAÑO | RENEDO | TORRELAVEGA | LOS CORRALES DE BUELNA | BÁRCENA | REINOSA | MATAPORQUERA | AGUILAR DE CAMPOO | ALAR DEL REY | HERRERA DE PISUERGA | ESPINOSA DE VILLAGONZALO | OSORNO | FRÓMISTA | PIÑA | EL CARRIÓN | PALENCIA | VENTA DE BAÑOS | VALLADOLID UNIVERSIDAD | VALLADOLID-CAMPO GRANDE
18105,REG.EXP.,VALLADOLID-CAMPO GRANDE | VALLADOLID UNIVERSIDAD | CABEZÓN DEL PISUERGA | CORCOS-AGUILAREJO | CUBILLAS DE SANTA MARTA | DUEÑAS | VENTA DE BAÑOS | PALENCIA | MONZÓN DE CAMPOS | EL CARRIÓN | AMUSCO | PIÑA | FRÓMISTA | OSORNO | ESPINOSA DE VILLAGONZALO | HERRERA DE PISUERGA | ALAR DEL REY | MAVE | AGUILAR DE CAMPOO | QUINTANILLA DE LAS TORRES | MATAPORQUERA | REINOSA | BÁRCENA | LOS CORRALES DE BUELNA | TORRELAVEGA | RENEDO | MALIAÑO | VALDECILLA | SANTANDER
18102,REG.EXP.,SANTANDER | VALDECILLA | MALIAÑO | RENEDO | TORRELAVEGA | LOS CORRALES DE BUELNA | BÁRCENA | REINOSA | MATAPORQUERA | QUINTANILLA DE LAS TORRES | AGUILAR DE CAMPOO | MAVE | ALAR DEL REY | HERRERA DE PISUERGA | ESPINOSA DE VILLAGONZALO | OSORNO | FRÓMISTA | PIÑA | AMUSCO | EL CARRIÓN | MONZÓN DE CAMPOS | PALENCIA | VENTA DE BAÑOS | DUEÑAS | CUBILLAS DE SANTA MARTA | CORCOS-AGUILAREJO | CABEZÓN DEL PISUERGA | VALLADOLID UNIVERSIDAD | VALLADOLID-CAMPO GRANDE
18104,REG.EXP.,SANTANDER | VALDECILLA | MALIAÑO | RENEDO | TORRELAVEGA | LOS CORRALES DE BUELNA | BÁRCENA | REINOSA | MATAPORQUERA | AGUILAR DE CAMPOO | ALAR DEL REY | HERRERA DE PISUERGA | ESPINOSA DE VILLAGONZALO | OSORNO | FRÓMISTA | PIÑA | EL CARRIÓN | PALENCIA | VENTA DE BAÑOS | VALLADOLID UNIVERSIDAD | VALLADOLID-CAMPO GRANDE
18102,REG.EXP.,SANTANDER | VALDECILLA | MALIAÑO | RENEDO | TORRELAVEGA | LOS CORRALES DE BUELNA | BÁRCENA | REINOSA | MATAPORQUERA | QUINTANILLA DE LAS TORRES | AGUILAR DE CAMPOO | MAVE | ALAR DEL REY | HERRERA DE PISUERGA | ESPINOSA DE VILLAGONZALO | OSORNO | FRÓMISTA | PIÑA | AMUSCO | EL CARRIÓN | MONZÓN DE CAMPOS | PALENCIA | VENTA DE BAÑOS | DUEÑAS | CUBILLAS DE SANTA MARTA | CORCOS-AGUILAREJO | CABEZÓN DEL PISUERGA | VALLADOLID UNIVERSIDAD | VALLADOLID-CAMPO GRANDE
18104,REG.EXP.,SANTANDER | VALDECILLA | MALIAÑO | RENEDO | TORRELAVEGA | LOS CORRALES DE BUELNA | BÁRCENA | REINOSA | MATAPORQUERA | AGUILAR DE CAMPOO | ALAR DEL REY | HERRERA DE PISUERGA | ESPINOSA DE VILLAGONZALO | OSORNO | FRÓMISTA | PIÑA | EL CARRIÓN | PALENCIA | VENTA DE BAÑOS | VALLADOLID UNIVERSIDAD | VALLADOLID-CAMPO GRANDE
18101,REG.EXP.,VALLADOLID-CAMPO GRANDE | VALLADOLID UNIVERSIDAD | CABEZÓN DEL PISUERGA | CORCOS-AGUILAREJO | CUBILLAS DE SANTA MARTA | DUEÑAS | VENTA DE BAÑOS | PALENCIA | EL CARRIÓN | PIÑA | FRÓMISTA | OSORNO | ESPINOSA DE VILLAGONZALO | HERRERA DE PISUERGA | ALAR DEL REY | AGUILAR DE CAMPOO | MATAPORQUERA | REINOSA | BÁRCENA | LOS CORRALES DE BUELNA | TORRELAVEGA | RENEDO | MALIAÑO | VALDECILLA | SANTANDER
18105,REG.EXP.,VALLADOLID-CAMPO GRANDE | VALLADOLID UNIVERSIDAD | CABEZÓN DEL PISUERGA | CORCOS-AGUILAREJO | CUBILLAS DE SANTA MARTA | DUEÑAS | VENTA DE BAÑOS | PALENCIA | MONZÓN DE CAMPOS | EL CARRIÓN | AMUSCO | PIÑA | FRÓMISTA | OSORNO | ESPINOSA DE VILLAGONZALO | HERRERA DE PISUERGA | ALAR DEL REY | MAVE | AGUILAR DE CAMPOO | QUINTANILLA DE LAS TORRES | MATAPORQUERA | REINOSA | BÁRCENA | LOS CORRALES DE BUELNA | TORRELAVEGA | RENEDO | MALIAÑO | VALDECILLA | SANTANDER
12101,REGIONAL,VALLADOLID-CAMPO GRANDE | VALLADOLID UNIVERSIDAD | CABEZÓN DEL PISUERGA | DUEÑAS | VENTA DE BAÑOS | PALENCIA | PAREDES DE NAVA | VILLADA | GRAJAL | SAHAGÚN | EL BURGO RANERO | PALANQUINOS | LEÓN | LA ROBLA | LA POLA DE GORDÓN | SANTA LUCÍA | VILLAMANÍN | BUSDONGO | LINARES-CONGOSTINAS | PUENTE DE LOS FIERROS | CAMPOMANES | POLA DE LENA | UJO | MIERES-PUENTE | LLAMAQUIQUE | OVIEDO | CALZADA DE ASTURIAS | GIJÓN-SANZ CRESPO
18101,REG.EXP.,VALLADOLID-CAMPO GRANDE | VALLADOLID UNIVERSIDAD | CABEZÓN DEL PISUERGA | CORCOS-AGUILAREJO | CUBILLAS DE SANTA MARTA | DUEÑAS | VENTA DE BAÑOS | PALENCIA | EL CARRIÓN | PIÑA | FRÓMISTA | OSORNO | ESPINOSA DE VILLAGONZALO | HERRERA DE PISUERGA | ALAR DEL REY | AGUILAR DE CAMPOO | MATAPORQUERA | REINOSA | BÁRCENA | LOS CORRALES DE BUELNA | TORRELAVEGA | RENEDO | MALIAÑO | VALDECILLA | SANTANDER
38401,PROXIMDAD,VALLADOLID-CAMPO GRANDE | VALLADOLID UNIVERSIDAD | CABEZÓN DEL PISUERGA | CORCOS-AGUILAREJO | CUBILLAS DE SANTA MARTA | DUEÑAS | VENTA DE BAÑOS | PALENCIA
18211,PROXIMDAD,VALLADOLID-CAMPO GRANDE | VALLADOLID UNIVERSIDAD | CABEZÓN DEL PISUERGA | CORCOS-AGUILAREJO | CUBILLAS DE SANTA MARTA | DUEÑAS | VENTA DE BAÑOS | PALENCIA
18217,PROXIMDAD,VALLADOLID-CAMPO GRANDE | VALLADOLID UNIVERSIDAD | CABEZÓN DEL PISUERGA | CORCOS-AGUILAREJO | CUBILLAS DE SANTA MARTA | DUEÑAS | VENTA DE BAÑOS | PALENCIA
18105,REG.EXP.,VALLADOLID-CAMPO GRANDE | VALLADOLID UNIVERSIDAD | CABEZÓN DEL PISUERGA | CORCOS-AGUILAREJO | CUBILLAS DE SANTA MARTA | DUEÑAS | VENTA DE BAÑOS | PALENCIA | MONZÓN DE CAMPOS | EL CARRIÓN | AMUSCO | PIÑA | FRÓMISTA | OSORNO | ESPINOSA DE VILLAGONZALO | HERRERA DE PISUERGA | ALAR DEL REY | MAVE | AGUILAR DE CAMPOO | QUINTANILLA DE LAS TORRES | MATAPORQUERA | REINOSA | BÁRCENA | LOS CORRALES DE BUELNA | TORRELAVEGA | RENEDO | MALIAÑO | VALDECILLA | SANTANDER
38105,PROXIMDAD,VALLADOLID-CAMPO GRANDE | VALLADOLID UNIVERSIDAD | CABEZÓN DEL PISUERGA | CORCOS-AGUILAREJO | CUBILLAS DE SANTA MARTA | DUEÑAS | VENTA DE BAÑOS | PALENCIA
18219,PROXIMDAD,VALLADOLID-CAMPO GRANDE | VALLADOLID UNIVERSIDAD | CABEZÓN DEL PISUERGA | CORCOS-AGUILAREJO | CUBILLAS DE SANTA MARTA | DUEÑAS | VENTA DE BAÑOS | PALENCIA
18007,MD,MADRID-PRÍNCIPE PÍO | VILLALBA DE GUADARRAMA | EL ESCORIAL | ZARZALEJO | ROBLEDO DE CHAVELA | SANTA MARÍA DE LA ALAMEDA-PEGUERINOS | LAS NAVAS DEL MARQUÉS | NAVALPERAL | HERRADÓN-LA CAÑADA | ÁVILA | ARÉVALO | MEDINA DEL CAMPO | VALLADOLID-CAMPO GRANDE | DUEÑAS | VENTA DE BAÑOS | PALENCIA
18216,PROXIMDAD,PALENCIA | VENTA DE BAÑOS | DUEÑAS | CUBILLAS DE SANTA MARTA | CORCOS-AGUILAREJO | CABEZÓN DEL PISUERGA | VALLADOLID UNIVERSIDAD | VALLADOLID-CAMPO GRANDE
18102,REG.EXP.,SANTANDER | VALDECILLA | MALIAÑO | RENEDO | TORRELAVEGA | LOS CORRALES DE BUELNA | BÁRCENA | REINOSA | MATAPORQUERA | QUINTANILLA DE LAS TORRES | AGUILAR DE CAMPOO | MAVE | ALAR DEL REY | HERRERA DE PISUERGA | ESPINOSA DE VILLAGONZALO | OSORNO | FRÓMISTA | PIÑA | AMUSCO | EL CARRIÓN | MONZÓN DE CAMPOS | PALENCIA | VENTA DE BAÑOS | DUEÑAS | CUBILLAS DE SANTA MARTA | CORCOS-AGUILAREJO | CABEZÓN DEL PISUERGA | VALLADOLID UNIVERSIDAD | VALLADOLID-CAMPO GRANDE
38102,PROXIMDAD,PALENCIA | VENTA DE BAÑOS | DUEÑAS | CUBILLAS DE SANTA MARTA | CORCOS-AGUILAREJO | CABEZÓN DEL PISUERGA | VALLADOLID UNIVERSIDAD | VALLADOLID-CAMPO GRANDE
18308,MD,PALENCIA | VENTA DE BAÑOS | DUEÑAS | VALLADOLID UNIVERSIDAD | VALLADOLID-CAMPO GRANDE | MEDINA DEL CAMPO | CAMPILLO | EL CARPIO | FRESNO EL VIEJO | CANTALAPIEDRA | EL PEDROSO DE LA ARMUÑA | GOMECELLO | SALAMANCA | SALAMANCA-LA ALAMEDILLA
38308,PROXIMDAD,PALENCIA | VENTA DE BAÑOS | DUEÑAS | VALLADOLID UNIVERSIDAD | VALLADOLID-CAMPO GRANDE | MEDINA DEL CAMPO
18218,PROXIMDAD,PALENCIA | VENTA DE BAÑOS | DUEÑAS | CUBILLAS DE SANTA MARTA | CORCOS-AGUILAREJO | CABEZÓN DEL PISUERGA | VALLADOLID UNIVERSIDAD | VALLADOLID-CAMPO GRANDE | VIANA | VALDESTILLAS | MATAPOZUELOS | POZALDEZ | MEDINA DEL CAMPO
18212,PROXIMDAD,PALENCIA | VENTA DE BAÑOS | DUEÑAS | CUBILLAS DE SANTA MARTA | CORCOS-AGUILAREJO | CABEZÓN DEL PISUERGA | VALLADOLID UNIVERSIDAD | VALLADOLID-CAMPO GRANDE
12100,REGIONAL,GIJÓN-SANZ CRESPO | CALZADA DE ASTURIAS | OVIEDO | LLAMAQUIQUE | MIERES-PUENTE | UJO | POLA DE LENA | CAMPOMANES | PUENTE DE LOS FIERROS | LINARES-CONGOSTINAS | BUSDONGO | VILLAMANÍN | SANTA LUCÍA | LA POLA DE GORDÓN | LA ROBLA | LEÓN | PALANQUINOS | EL BURGO RANERO | SAHAGÚN | GRAJAL | VILLADA | PAREDES DE NAVA | BECERRIL | GRIJOTA | PALENCIA | VENTA DE BAÑOS | DUEÑAS | CUBILLAS DE SANTA MARTA | CORCOS-AGUILAREJO | CABEZÓN DEL PISUERGA | VALLADOLID UNIVERSIDAD | VALLADOLID-CAMPO GRANDE
18105,REG.EXP.,VALLADOLID-CAMPO GRANDE | VALLADOLID UNIVERSIDAD | CABEZÓN DEL PISUERGA | CORCOS-AGUILAREJO | CUBILLAS DE SANTA MARTA | DUEÑAS | VENTA DE BAÑOS | PALENCIA | MONZÓN DE CAMPOS | EL CARRIÓN | AMUSCO | PIÑA | FRÓMISTA | OSORNO | ESPINOSA DE VILLAGONZALO | HERRERA DE PISUERGA | ALAR DEL REY | MAVE | AGUILAR DE CAMPOO | QUINTANILLA DE LAS TORRES | MATAPORQUERA | REINOSA | BÁRCENA | LOS CORRALES DE BUELNA | TORRELAVEGA | RENEDO | MALIAÑO | VALDECILLA | SANTANDER
18101,REG.EXP.,VALLADOLID-CAMPO GRANDE | VALLADOLID UNIVERSIDAD | CABEZÓN DEL PISUERGA | CORCOS-AGUILAREJO | CUBILLAS DE SANTA MARTA | DUEÑAS | VENTA DE BAÑOS | PALENCIA | EL CARRIÓN | PIÑA | FRÓMISTA | OSORNO | ESPINOSA DE VILLAGONZALO | HERRERA DE PISUERGA | ALAR DEL REY | AGUILAR DE CAMPOO | MATAPORQUERA | REINOSA | BÁRCENA | LOS CORRALES DE BUELNA | TORRELAVEGA | RENEDO | MALIAÑO | VALDECILLA | SANTANDER
18105,REG.EXP.,VALLADOLID-CAMPO GRANDE | VALLADOLID UNIVERSIDAD | CABEZÓN DEL PISUERGA | CORCOS-AGUILAREJO | CUBILLAS DE SANTA MARTA | DUEÑAS | VENTA DE BAÑOS | PALENCIA | MONZÓN DE CAMPOS | EL CARRIÓN | AMUSCO | PIÑA | FRÓMISTA | OSORNO | ESPINOSA DE VILLAGONZALO | HERRERA DE PISUERGA | ALAR DEL REY | MAVE | AGUILAR DE CAMPOO | QUINTANILLA DE LAS TORRES | MATAPORQUERA | REINOSA | BÁRCENA | LOS CORRALES DE BUELNA | TORRELAVEGA | RENEDO | MALIAÑO | VALDECILLA | SANTANDER
18216,PROXIMDAD,PALENCIA | VENTA DE BAÑOS | DUEÑAS | CUBILLAS DE SANTA MARTA | CORCOS-AGUILAREJO | CABEZÓN DEL PISUERGA | VALLADOLID UNIVERSIDAD | VALLADOLID-CAMPO GRANDE
18102,REG.EXP.,SANTANDER | VALDECILLA | MALIAÑO | RENEDO | TORRELAVEGA | LOS CORRALES DE BUELNA | BÁRCENA | REINOSA | MATAPORQUERA | QUINTANILLA DE LAS TORRES | AGUILAR DE CAMPOO | MAVE | ALAR DEL REY | HERRERA DE PISUERGA | ESPINOSA DE VILLAGONZALO | OSORNO | FRÓMISTA | PIÑA | AMUSCO | EL CARRIÓN | MONZÓN DE CAMPOS | PALENCIA | VENTA DE BAÑOS | DUEÑAS | CUBILLAS DE SANTA MARTA | CORCOS-AGUILAREJO | CABEZÓN DEL PISUERGA | VALLADOLID UNIVERSIDAD | VALLADOLID-CAMPO GRANDE
38102,PROXIMDAD,PALENCIA | VENTA DE BAÑOS | DUEÑAS | CUBILLAS DE SANTA MARTA | CORCOS-AGUILAREJO | CABEZÓN DEL PISUERGA | VALLADOLID UNIVERSIDAD | VALLADOLID-CAMPO GRANDE
18308,MD,PALENCIA | VENTA DE BAÑOS | DUEÑAS | VALLADOLID UNIVERSIDAD | VALLADOLID-CAMPO GRANDE | MEDINA DEL CAMPO | CAMPILLO | EL CARPIO | FRESNO EL VIEJO | CANTALAPIEDRA | EL PEDROSO DE LA ARMUÑA | GOMECELLO | SALAMANCA | SALAMANCA-LA ALAMEDILLA
38308,PROXIMDAD,PALENCIA | VENTA DE BAÑOS | DUEÑAS | VALLADOLID UNIVERSIDAD | VALLADOLID-CAMPO GRANDE | MEDINA DEL CAMPO
18218,PROXIMDAD,PALENCIA | VENTA DE BAÑOS | DUEÑAS | CUBILLAS DE SANTA MARTA | CORCOS-AGUILAREJO | CABEZÓN DEL PISUERGA | VALLADOLID UNIVERSIDAD | VALLADOLID-CAMPO GRANDE | VIANA | VALDESTILLAS | MATAPOZUELOS | POZALDEZ | MEDINA DEL CAMPO
18212,PROXIMDAD,PALENCIA | VENTA DE BAÑOS | DUEÑAS | CUBILLAS DE SANTA MARTA | CORCOS-AGUILAREJO | CABEZÓN DEL PISUERGA | VALLADOLID UNIVERSIDAD | VALLADOLID-CAMPO GRANDE
12100,REGIONAL,GIJÓN-SANZ CRESPO | CALZADA DE ASTURIAS | OVIEDO | LLAMAQUIQUE | MIERES-PUENTE | UJO | POLA DE LENA | CAMPOMANES | PUENTE DE LOS FIERROS | LINARES-CONGOSTINAS | BUSDONGO | VILLAMANÍN | SANTA LUCÍA | LA POLA DE GORDÓN | LA ROBLA | LEÓN | PALANQUINOS | EL BURGO RANERO | SAHAGÚN | GRAJAL | VILLADA | PAREDES DE NAVA | BECERRIL | GRIJOTA | PALENCIA | VENTA DE BAÑOS | DUEÑAS | CUBILLAS DE SANTA MARTA | CORCOS-AGUILAREJO | CABEZÓN DEL PISUERGA | VALLADOLID UNIVERSIDAD | VALLADOLID-CAMPO GRANDE
18218,PROXIMDAD,PALENCIA | VENTA DE BAÑOS | DUEÑAS | CUBILLAS DE SANTA MARTA | CORCOS-AGUILAREJO | CABEZÓN DEL PISUERGA | VALLADOLID UNIVERSIDAD | VALLADOLID-CAMPO GRANDE | VIANA | VALDESTILLAS | MATAPOZUELOS | POZALDEZ | MEDINA DEL CAMPO
18101,REG.EXP.,VALLADOLID-CAMPO GRANDE | VALLADOLID UNIVERSIDAD | CABEZÓN DEL PISUERGA | CORCOS-AGUILAREJO | CUBILLAS DE SANTA MARTA | DUEÑAS | VENTA DE BAÑOS | PALENCIA | EL CARRIÓN | PIÑA | FRÓMISTA | OSORNO | ESPINOSA DE VILLAGONZALO | HERRERA DE PISUERGA | ALAR DEL REY | AGUILAR DE CAMPOO | MATAPORQUERA | REINOSA | BÁRCENA | LOS CORRALES DE BUELNA | TORRELAVEGA | RENEDO | MALIAÑO | VALDECILLA | SANTANDER
18105,REG.EXP.,VALLADOLID-CAMPO GRANDE | VALLADOLID UNIVERSIDAD | CABEZÓN DEL PISUERGA | CORCOS-AGUILAREJO | CUBILLAS DE SANTA MARTA | DUEÑAS | VENTA DE BAÑOS | PALENCIA | MONZÓN DE CAMPOS | EL CARRIÓN | AMUSCO | PIÑA | FRÓMISTA | OSORNO | ESPINOSA DE VILLAGONZALO | HERRERA DE PISUERGA | ALAR DEL REY | MAVE | AGUILAR DE CAMPOO | QUINTANILLA DE LAS TORRES | MATAPORQUERA | REINOSA | BÁRCENA | LOS CORRALES DE BUELNA | TORRELAVEGA | RENEDO | MALIAÑO | VALDECILLA | SANTANDER
18105,REG.EXP.,VALLADOLID-CAMPO GRANDE | VALLADOLID UNIVERSIDAD | CABEZÓN DEL PISUERGA | CORCOS-AGUILAREJO | CUBILLAS DE SANTA MARTA | DUEÑAS | VENTA DE BAÑOS | PALENCIA | MONZÓN DE CAMPOS | EL CARRIÓN | AMUSCO | PIÑA | FRÓMISTA | OSORNO | ESPINOSA DE VILLAGONZALO | HERRERA DE PISUERGA | ALAR DEL REY | MAVE | AGUILAR DE CAMPOO | QUINTANILLA DE LAS TORRES | MATAPORQUERA | REINOSA | BÁRCENA | LOS CORRALES DE BUELNA | TORRELAVEGA | RENEDO | MALIAÑO | VALDECILLA | SANTANDER
18308,MD,PALENCIA | VENTA DE BAÑOS | DUEÑAS | VALLADOLID UNIVERSIDAD | VALLADOLID-CAMPO GRANDE | MEDINA DEL CAMPO | CAMPILLO | EL CARPIO | FRESNO EL VIEJO | CANTALAPIEDRA | EL PEDROSO DE LA ARMUÑA | GOMECELLO | SALAMANCA | SALAMANCA-LA ALAMEDILLA
18105,REG.EXP.,VALLADOLID-CAMPO GRANDE | VALLADOLID UNIVERSIDAD | CABEZÓN DEL PISUERGA | CORCOS-AGUILAREJO | CUBILLAS DE SANTA MARTA | DUEÑAS | VENTA DE BAÑOS | PALENCIA | MONZÓN DE CAMPOS | EL CARRIÓN | AMUSCO | PIÑA | FRÓMISTA | OSORNO | ESPINOSA DE VILLAGONZALO | HERRERA DE PISUERGA | ALAR DEL REY | MAVE | AGUILAR DE CAMPOO | QUINTANILLA DE LAS TORRES | MATAPORQUERA | REINOSA | BÁRCENA | LOS CORRALES DE BUELNA | TORRELAVEGA | RENEDO | MALIAÑO | VALDECILLA | SANTANDER
18101,REG.EXP.,VALLADOLID-CAMPO GRANDE | VALLADOLID UNIVERSIDAD | CABEZÓN DEL PISUERGA | CORCOS-AGUILAREJO | CUBILLAS DE SANTA MARTA | DUEÑAS | VENTA DE BAÑOS | PALENCIA | EL CARRIÓN | PIÑA | FRÓMISTA | OSORNO | ESPINOSA DE VILLAGONZALO | HERRERA DE PISUERGA | ALAR DEL REY | AGUILAR DE CAMPOO | MATAPORQUERA | REINOSA | BÁRCENA | LOS CORRALES DE BUELNA | TORRELAVEGA | RENEDO | MALIAÑO | VALDECILLA | SANTANDER
18105,REG.EXP.,VALLADOLID-CAMPO GRANDE | VALLADOLID UNIVERSIDAD | CABEZÓN DEL PISUERGA | CORCOS-AGUILAREJO | CUBILLAS DE SANTA MARTA | DUEÑAS | VENTA DE BAÑOS | PALENCIA | MONZÓN DE CAMPOS | EL CARRIÓN | AMUSCO | PIÑA | FRÓMISTA | OSORNO | ESPINOSA DE VILLAGONZALO | HERRERA DE PISUERGA | ALAR DEL REY | MAVE | AGUILAR DE CAMPOO | QUINTANILLA DE LAS TORRES | MATAPORQUERA | REINOSA | BÁRCENA | LOS CORRALES DE BUELNA | TORRELAVEGA | RENEDO | MALIAÑO | VALDECILLA | SANTANDER
18218,PROXIMDAD,PALENCIA | VENTA DE BAÑOS | DUEÑAS | CUBILLAS DE SANTA MARTA | CORCOS-AGUILAREJO | CABEZÓN DEL PISUERGA | VALLADOLID UNIVERSIDAD | VALLADOLID-CAMPO GRANDE | VIANA | VALDESTILLAS | MATAPOZUELOS | POZALDEZ | MEDINA DEL CAMPO
18216,PROXIMDAD,PALENCIA | VENTA DE BAÑOS | DUEÑAS | CUBILLAS DE SANTA MARTA | CORCOS-AGUILAREJO | CABEZÓN DEL PISUERGA | VALLADOLID UNIVERSIDAD | VALLADOLID-CAMPO GRANDE
18102,REG.EXP.,SANTANDER | VALDECILLA | MALIAÑO | RENEDO | TORRELAVEGA | LOS CORRALES DE BUELNA | BÁRCENA | REINOSA | MATAPORQUERA | QUINTANILLA DE LAS TORRES | AGUILAR DE CAMPOO | MAVE | ALAR DEL REY | HERRERA DE PISUERGA | ESPINOSA DE VILLAGONZALO | OSORNO | FRÓMISTA | PIÑA | AMUSCO | EL CARRIÓN | MONZÓN DE CAMPOS | PALENCIA | VENTA DE BAÑOS | DUEÑAS | CUBILLAS DE SANTA MARTA | CORCOS-AGUILAREJO | CABEZÓN DEL PISUERGA | VALLADOLID UNIVERSIDAD | VALLADOLID-CAMPO GRANDE
38102,PROXIMDAD,PALENCIA | VENTA DE BAÑOS | DUEÑAS | CUBILLAS DE SANTA MARTA | CORCOS-AGUILAREJO | CABEZÓN DEL PISUERGA | VALLADOLID UNIVERSIDAD | VALLADOLID-CAMPO GRANDE
18218,PROXIMDAD,PALENCIA | VENTA DE BAÑOS | DUEÑAS | CUBILLAS DE SANTA MARTA | CORCOS-AGUILAREJO | CABEZÓN DEL PISUERGA | VALLADOLID UNIVERSIDAD | VALLADOLID-CAMPO GRANDE | VIANA | VALDESTILLAS | MATAPOZUELOS | POZALDEZ | MEDINA DEL CAMPO
18212,PROXIMDAD,PALENCIA | VENTA DE BAÑOS | DUEÑAS | CUBILLAS DE SANTA MARTA | CORCOS-AGUILAREJO | CABEZÓN DEL PISUERGA | VALLADOLID UNIVERSIDAD | VALLADOLID-CAMPO GRANDE
12100,REGIONAL,GIJÓN-SANZ CRESPO | CALZADA DE ASTURIAS | OVIEDO | LLAMAQUIQUE | MIERES-PUENTE | UJO | POLA DE LENA | CAMPOMANES | PUENTE DE LOS FIERROS | LINARES-CONGOSTINAS | BUSDONGO | VILLAMANÍN | SANTA LUCÍA | LA POLA DE GORDÓN | LA ROBLA | LEÓN | PALANQUINOS | EL BURGO RANERO | SAHAGÚN | GRAJAL | VILLADA | PAREDES DE NAVA | BECERRIL | GRIJOTA | PALENCIA | VENTA DE BAÑOS | DUEÑAS | CUBILLAS DE SANTA MARTA | CORCOS-AGUILAREJO | CABEZÓN DEL PISUERGA | VALLADOLID UNIVERSIDAD | VALLADOLID-CAMPO GRANDE
18216,PROXIMDAD,PALENCIA | VENTA DE BAÑOS | DUEÑAS | CUBILLAS DE SANTA MARTA | CORCOS-AGUILAREJO | CABEZÓN DEL PISUERGA | VALLADOLID UNIVERSIDAD | VALLADOLID-CAMPO GRANDE
18102,REG.EXP.,SANTANDER | VALDECILLA | MALIAÑO | RENEDO | TORRELAVEGA | LOS CORRALES DE BUELNA | BÁRCENA | REINOSA | MATAPORQUERA | QUINTANILLA DE LAS TORRES | AGUILAR DE CAMPOO | MAVE | ALAR DEL REY | HERRERA DE PISUERGA | ESPINOSA DE VILLAGONZALO | OSORNO | FRÓMISTA | PIÑA | AMUSCO | EL CARRIÓN | MONZÓN DE CAMPOS | PALENCIA | VENTA DE BAÑOS | DUEÑAS | CUBILLAS DE SANTA MARTA | CORCOS-AGUILAREJO | CABEZÓN DEL PISUERGA | VALLADOLID UNIVERSIDAD | VALLADOLID-CAMPO GRANDE
38102,PROXIMDAD,PALENCIA | VENTA DE BAÑOS | DUEÑAS | CUBILLAS DE SANTA MARTA | CORCOS-AGUILAREJO | CABEZÓN DEL PISUERGA | VALLADOLID UNIVERSIDAD | VALLADOLID-CAMPO GRANDE
18218,PROXIMDAD,PALENCIA | VENTA DE BAÑOS | DUEÑAS | CUBILLAS DE SANTA MARTA | CORCOS-AGUILAREJO | CABEZÓN DEL PISUERGA | VALLADOLID UNIVERSIDAD | VALLADOLID-CAMPO GRANDE | VIANA | VALDESTILLAS | MATAPOZUELOS | POZALDEZ | MEDINA DEL CAMPO
18212,PROXIMDAD,PALENCIA | VENTA DE BAÑOS | DUEÑAS | CUBILLAS DE SANTA MARTA | CORCOS-AGUILAREJO | CABEZÓN DEL PISUERGA | VALLADOLID UNIVERSIDAD | VALLADOLID-CAMPO GRANDE
12100,REGIONAL,GIJÓN-SANZ CRESPO | CALZADA DE ASTURIAS | OVIEDO | LLAMAQUIQUE | MIERES-PUENTE | UJO | POLA DE LENA | CAMPOMANES | PUENTE DE LOS FIERROS | LINARES-CONGOSTINAS | BUSDONGO | VILLAMANÍN | SANTA LUCÍA | LA POLA DE GORDÓN | LA ROBLA | LEÓN | PALANQUINOS | EL BURGO RANERO | SAHAGÚN | GRAJAL | VILLADA | PAREDES DE NAVA | BECERRIL | GRIJOTA | PALENCIA | VENTA DE BAÑOS | DUEÑAS | CUBILLAS DE SANTA MARTA | CORCOS-AGUILAREJO | CABEZÓN DEL PISUERGA | VALLADOLID UNIVERSIDAD | VALLADOLID-CAMPO GRANDE
18218,PROXIMDAD,PALENCIA | VENTA DE BAÑOS | DUEÑAS | CUBILLAS DE SANTA MARTA | CORCOS-AGUILAREJO | CABEZÓN DEL PISUERGA | VALLADOLID UNIVERSIDAD | VALLADOLID-CAMPO GRANDE | VIANA | VALDESTILLAS | MATAPOZUELOS | POZALDEZ | MEDINA DEL CAMPO
12101,REGIONAL,VALLADOLID-CAMPO GRANDE | VALLADOLID UNIVERSIDAD | CABEZÓN DEL PISUERGA | DUEÑAS | VENTA DE BAÑOS | PALENCIA | PAREDES DE NAVA | VILLADA | GRAJAL | SAHAGÚN | EL BURGO RANERO | PALANQUINOS | LEÓN | LA ROBLA | LA POLA DE GORDÓN | SANTA LUCÍA | VILLAMANÍN | BUSDONGO | LINARES-CONGOSTINAS | PUENTE DE LOS FIERROS | CAMPOMANES | POLA DE LENA | UJO | MIERES-PUENTE | LLAMAQUIQUE | OVIEDO | CALZADA DE ASTURIAS | GIJÓN-SANZ CRESPO
18101,REG.EXP.,VALLADOLID-CAMPO GRANDE | VALLADOLID UNIVERSIDAD | CABEZÓN DEL PISUERGA | CORCOS-AGUILAREJO | CUBILLAS DE SANTA MARTA | DUEÑAS | VENTA DE BAÑOS | PALENCIA | EL CARRIÓN | PIÑA | FRÓMISTA | OSORNO | ESPINOSA DE VILLAGONZALO | HERRERA DE PISUERGA | ALAR DEL REY | AGUILAR DE CAMPOO | MATAPORQUERA | REINOSA | BÁRCENA | LOS CORRALES DE BUELNA | TORRELAVEGA | RENEDO | MALIAÑO | VALDECILLA | SANTANDER
38401,PROXIMDAD,VALLADOLID-CAMPO GRANDE | VALLADOLID UNIVERSIDAD | CABEZÓN DEL PISUERGA | CORCOS-AGUILAREJO | CUBILLAS DE SANTA MARTA | DUEÑAS | VENTA DE BAÑOS | PALENCIA
18211,PROXIMDAD,VALLADOLID-CAMPO GRANDE | VALLADOLID UNIVERSIDAD | CABEZÓN DEL PISUERGA | CORCOS-AGUILAREJO | CUBILLAS DE SANTA MARTA | DUEÑAS | VENTA DE BAÑOS | PALENCIA
18217,PROXIMDAD,VALLADOLID-CAMPO GRANDE | VALLADOLID UNIVERSIDAD | CABEZÓN DEL PISUERGA | CORCOS-AGUILAREJO | CUBILLAS DE SANTA MARTA | DUEÑAS | VENTA DE BAÑOS | PALENCIA
18105,REG.EXP.,VALLADOLID-CAMPO GRANDE | VALLADOLID UNIVERSIDAD | CABEZÓN DEL PISUERGA | CORCOS-AGUILAREJO | CUBILLAS DE SANTA MARTA | DUEÑAS | VENTA DE BAÑOS | PALENCIA | MONZÓN DE CAMPOS | EL CARRIÓN | AMUSCO | PIÑA | FRÓMISTA | OSORNO | ESPINOSA DE VILLAGONZALO | HERRERA DE PISUERGA | ALAR DEL REY | MAVE | AGUILAR DE CAMPOO | QUINTANILLA DE LAS TORRES | MATAPORQUERA | REINOSA | BÁRCENA | LOS CORRALES DE BUELNA | TORRELAVEGA | RENEDO | MALIAÑO | VALDECILLA | SANTANDER
38105,PROXIMDAD,VALLADOLID-CAMPO GRANDE | VALLADOLID UNIVERSIDAD | CABEZÓN DEL PISUERGA | CORCOS-AGUILAREJO | CUBILLAS DE SANTA MARTA | DUEÑAS | VENTA DE BAÑOS | PALENCIA
18219,PROXIMDAD,VALLADOLID-CAMPO GRANDE | VALLADOLID UNIVERSIDAD | CABEZÓN DEL PISUERGA | CORCOS-AGUILAREJO | CUBILLAS DE SANTA MARTA | DUEÑAS | VENTA DE BAÑOS | PALENCIA
18007,MD,MADRID-PRÍNCIPE PÍO | VILLALBA DE GUADARRAMA | EL ESCORIAL | ZARZALEJO | ROBLEDO DE CHAVELA | SANTA MARÍA DE LA ALAMEDA-PEGUERINOS | LAS NAVAS DEL MARQUÉS | NAVALPERAL | HERRADÓN-LA CAÑADA | ÁVILA | ARÉVALO | MEDINA DEL CAMPO | VALLADOLID-CAMPO GRANDE | DUEÑAS | VENTA DE BAÑOS | PALENCIA
18101,REG.EXP.,VALLADOLID-CAMPO GRANDE | VALLADOLID UNIVERSIDAD | CABEZÓN DEL PISUERGA | CORCOS-AGUILAREJO | CUBILLAS DE SANTA MARTA | DUEÑAS | VENTA DE BAÑOS | PALENCIA | EL CARRIÓN | PIÑA | FRÓMISTA | OSORNO | ESPINOSA DE VILLAGONZALO | HERRERA DE PISUERGA | ALAR DEL REY | AGUILAR DE CAMPOO | MATAPORQUERA | REINOSA | BÁRCENA | LOS CORRALES DE BUELNA | TORRELAVEGA | RENEDO | MALIAÑO | VALDECILLA | SANTANDER
18105,REG.EXP.,VALLADOLID-CAMPO GRANDE | VALLADOLID UNIVERSIDAD | CABEZÓN DEL PISUERGA | CORCOS-AGUILAREJO | CUBILLAS DE SANTA MARTA | DUEÑAS | VENTA DE BAÑOS | PALENCIA | MONZÓN DE CAMPOS | EL CARRIÓN | AMUSCO | PIÑA | FRÓMISTA | OSORNO | ESPINOSA DE VILLAGONZALO | HERRERA DE PISUERGA | ALAR DEL REY | MAVE | AGUILAR DE CAMPOO | QUINTANILLA DE LAS TORRES | MATAPORQUERA | REINOSA | BÁRCENA | LOS CORRALES DE BUELNA | TORRELAVEGA | RENEDO | MALIAÑO | VALDECILLA | SANTANDER
18101,REG.EXP.,VALLADOLID-CAMPO GRANDE | VALLADOLID UNIVERSIDAD | CABEZÓN DEL PISUERGA | CORCOS-AGUILAREJO | CUBILLAS DE SANTA MARTA | DUEÑAS | VENTA DE BAÑOS | PALENCIA | EL CARRIÓN | PIÑA | FRÓMISTA | OSORNO | ESPINOSA DE VILLAGONZALO | HERRERA DE PISUERGA | ALAR DEL REY | AGUILAR DE CAMPOO | MATAPORQUERA | REINOSA | BÁRCENA | LOS CORRALES DE BUELNA | TORRELAVEGA | RENEDO | MALIAÑO | VALDECILLA | SANTANDER
18105,REG.EXP.,VALLADOLID-CAMPO GRANDE | VALLADOLID UNIVERSIDAD | CABEZÓN DEL PISUERGA | CORCOS-AGUILAREJO | CUBILLAS DE SANTA MARTA | DUEÑAS | VENTA DE BAÑOS | PALENCIA | MONZÓN DE CAMPOS | EL CARRIÓN | AMUSCO | PIÑA | FRÓMISTA | OSORNO | ESPINOSA DE VILLAGONZALO | HERRERA DE PISUERGA | ALAR DEL REY | MAVE | AGUILAR DE CAMPOO | QUINTANILLA DE LAS TORRES | MATAPORQUERA | REINOSA | BÁRCENA | LOS CORRALES DE BUELNA | TORRELAVEGA | RENEDO | MALIAÑO | VALDECILLA | SANTANDER
12101,REGIONAL,VALLADOLID-CAMPO GRANDE | VALLADOLID UNIVERSIDAD | CABEZÓN DEL PISUERGA | DUEÑAS | VENTA DE BAÑOS | PALENCIA | PAREDES DE NAVA | VILLADA | GRAJAL | SAHAGÚN | EL BURGO RANERO | PALANQUINOS | LEÓN | LA ROBLA | LA POLA DE GORDÓN | SANTA LUCÍA | VILLAMANÍN | BUSDONGO | LINARES-CONGOSTINAS | PUENTE DE LOS FIERROS | CAMPOMANES | POLA DE LENA | UJO | MIERES-PUENTE | LLAMAQUIQUE | OVIEDO | CALZADA DE ASTURIAS | GIJÓN-SANZ CRESPO
18105,REG.EXP.,VALLADOLID-CAMPO GRANDE | VALLADOLID UNIVERSIDAD | CABEZÓN DEL PISUERGA | CORCOS-AGUILAREJO | CUBILLAS DE SANTA MARTA | DUEÑAS | VENTA DE BAÑOS | PALENCIA | MONZÓN DE CAMPOS | EL CARRIÓN | AMUSCO | PIÑA | FRÓMISTA | OSORNO | ESPINOSA DE VILLAGONZALO | HERRERA DE PISUERGA | ALAR DEL REY | MAVE | AGUILAR DE CAMPOO | QUINTANILLA DE LAS TORRES | MATAPORQUERA | REINOSA | BÁRCENA | LOS CORRALES DE BUELNA | TORRELAVEGA | RENEDO | MALIAÑO | VALDECILLA | SANTANDER
12101,REGIONAL,VALLADOLID-CAMPO GRANDE | VALLADOLID UNIVERSIDAD | CABEZÓN DEL PISUERGA | DUEÑAS | VENTA DE BAÑOS | PALENCIA | PAREDES DE NAVA | VILLADA | GRAJAL | SAHAGÚN | EL BURGO RANERO | PALANQUINOS | LEÓN | LA ROBLA | LA POLA DE GORDÓN | SANTA LUCÍA | VILLAMANÍN | BUSDONGO | LINARES-CONGOSTINAS | PUENTE DE LOS FIERROS | CAMPOMANES | POLA DE LENA | UJO | MIERES-PUENTE | LLAMAQUIQUE | OVIEDO | CALZADA DE ASTURIAS | GIJÓN-SANZ CRESPO
18308,MD,PALENCIA | VENTA DE BAÑOS | DUEÑAS | VALLADOLID UNIVERSIDAD | VALLADOLID-CAMPO GRANDE | MEDINA DEL CAMPO | CAMPILLO | EL CARPIO | FRESNO EL VIEJO | CANTALAPIEDRA | EL PEDROSO DE LA ARMUÑA | GOMECELLO | SALAMANCA | SALAMANCA-LA ALAMEDILLA
18101,REG.EXP.,VALLADOLID-CAMPO GRANDE | VALLADOLID UNIVERSIDAD | CABEZÓN DEL PISUERGA | CORCOS-AGUILAREJO | CUBILLAS DE SANTA MARTA | DUEÑAS | VENTA DE BAÑOS | PALENCIA | EL CARRIÓN | PIÑA | FRÓMISTA | OSORNO | ESPINOSA DE VILLAGONZALO | HERRERA DE PISUERGA | ALAR DEL REY | AGUILAR DE CAMPOO | MATAPORQUERA | REINOSA | BÁRCENA | LOS CORRALES DE BUELNA | TORRELAVEGA | RENEDO | MALIAÑO | VALDECILLA | SANTANDER
18105,REG.EXP.,VALLADOLID-CAMPO GRANDE | VALLADOLID UNIVERSIDAD | CABEZÓN DEL PISUERGA | CORCOS-AGUILAREJO | CUBILLAS DE SANTA MARTA | DUEÑAS | VENTA DE BAÑOS | PALENCIA | MONZÓN DE CAMPOS | EL CARRIÓN | AMUSCO | PIÑA | FRÓMISTA | OSORNO | ESPINOSA DE VILLAGONZALO | HERRERA DE PISUERGA | ALAR DEL REY | MAVE | AGUILAR DE CAMPOO | QUINTANILLA DE LAS TORRES | MATAPORQUERA | REINOSA | BÁRCENA | LOS CORRALES DE BUELNA | TORRELAVEGA | RENEDO | MALIAÑO | VALDECILLA | SANTANDER
18101,REG.EXP.,VALLADOLID-CAMPO GRANDE | VALLADOLID UNIVERSIDAD | CABEZÓN DEL PISUERGA | CORCOS-AGUILAREJO | CUBILLAS DE SANTA MARTA | DUEÑAS | VENTA DE BAÑOS | PALENCIA | EL CARRIÓN | PIÑA | FRÓMISTA | OSORNO | ESPINOSA DE VILLAGONZALO | HERRERA DE PISUERGA | ALAR DEL REY | AGUILAR DE CAMPOO | MATAPORQUERA | REINOSA | BÁRCENA | LOS CORRALES DE BUELNA | TORRELAVEGA | RENEDO | MALIAÑO | VALDECILLA | SANTANDER
18105,REG.EXP.,VALLADOLID-CAMPO GRANDE | VALLADOLID UNIVERSIDAD | CABEZÓN DEL PISUERGA | CORCOS-AGUILAREJO | CUBILLAS DE SANTA MARTA | DUEÑAS | VENTA DE BAÑOS | PALENCIA | MONZÓN DE CAMPOS | EL CARRIÓN | AMUSCO | PIÑA | FRÓMISTA | OSORNO | ESPINOSA DE VILLAGONZALO | HERRERA DE PISUERGA | ALAR DEL REY | MAVE | AGUILAR DE CAMPOO | QUINTANILLA DE LAS TORRES | MATAPORQUERA | REINOSA | BÁRCENA | LOS CORRALES DE BUELNA | TORRELAVEGA | RENEDO | MALIAÑO | VALDECILLA | SANTANDER
18218,PROXIMDAD,PALENCIA | VENTA DE BAÑOS | DUEÑAS | CUBILLAS DE SANTA MARTA | CORCOS-AGUILAREJO | CABEZÓN DEL PISUERGA | VALLADOLID UNIVERSIDAD | VALLADOLID-CAMPO GRANDE | VIANA | VALDESTILLAS | MATAPOZUELOS | POZALDEZ | MEDINA DEL CAMPO
04073,ALVIA,MADRID-CHAMARTÍN-CLARA CAMPOAMOR | VALLADOLID-CAMPO GRANDE | PALENCIA | AGUILAR DE CAMPOO | REINOSA | TORRELAVEGA | SANTANDER
18101,REG.EXP.,VALLADOLID-CAMPO GRANDE | VALLADOLID UNIVERSIDAD | CABEZÓN DEL PISUERGA | CORCOS-AGUILAREJO | CUBILLAS DE SANTA MARTA | DUEÑAS | VENTA DE BAÑOS | PALENCIA | EL CARRIÓN | PIÑA | FRÓMISTA | OSORNO | ESPINOSA DE VILLAGONZALO | HERRERA DE PISUERGA | ALAR DEL REY | AGUILAR DE CAMPOO | MATAPORQUERA | REINOSA | BÁRCENA | LOS CORRALES DE BUELNA | TORRELAVEGA | RENEDO | MALIAÑO | VALDECILLA | SANTANDER
18105,REG.EXP.,VALLADOLID-CAMPO GRANDE | VALLADOLID UNIVERSIDAD | CABEZÓN DEL PISUERGA | CORCOS-AGUILAREJO | CUBILLAS DE SANTA MARTA | DUEÑAS | VENTA DE BAÑOS | PALENCIA | MONZÓN DE CAMPOS | EL CARRIÓN | AMUSCO | PIÑA | FRÓMISTA | OSORNO | ESPINOSA DE VILLAGONZALO | HERRERA DE PISUERGA | ALAR DEL REY | MAVE | AGUILAR DE CAMPOO | QUINTANILLA DE LAS TORRES | MATAPORQUERA | REINOSA | BÁRCENA | LOS CORRALES DE BUELNA | TORRELAVEGA | RENEDO | MALIAÑO | VALDECILLA | SANTANDER
37193,MD,VALLADOLID-CAMPO GRANDE | PALENCIA | AGUILAR DE CAMPOO | REINOSA | TORRELAVEGA | SANTANDER
04193,ALVIA,MADRID-CHAMARTÍN-CLARA CAMPOAMOR | VALLADOLID-CAMPO GRANDE | PALENCIA | AGUILAR DE CAMPOO | REINOSA | TORRELAVEGA | SANTANDER
12101,REGIONAL,VALLADOLID-CAMPO GRANDE | VALLADOLID UNIVERSIDAD | CABEZÓN DEL PISUERGA | DUEÑAS | VENTA DE BAÑOS | PALENCIA | PAREDES DE NAVA | VILLADA | GRAJAL | SAHAGÚN | EL BURGO RANERO | PALANQUINOS | LEÓN | LA ROBLA | LA POLA DE GORDÓN | SANTA LUCÍA | VILLAMANÍN | BUSDONGO | LINARES-CONGOSTINAS | PUENTE DE LOS FIERROS | CAMPOMANES | POLA DE LENA | UJO | MIERES-PUENTE | LLAMAQUIQUE | OVIEDO | CALZADA DE ASTURIAS | GIJÓN-SANZ CRESPO
18101,REG.EXP.,VALLADOLID-CAMPO GRANDE | VALLADOLID UNIVERSIDAD | CABEZÓN DEL PISUERGA | CORCOS-AGUILAREJO | CUBILLAS DE SANTA MARTA | DUEÑAS | VENTA DE BAÑOS | PALENCIA | EL CARRIÓN | PIÑA | FRÓMISTA | OSORNO | ESPINOSA DE VILLAGONZALO | HERRERA DE PISUERGA | ALAR DEL REY | AGUILAR DE CAMPOO | MATAPORQUERA | REINOSA | BÁRCENA | LOS CORRALES DE BUELNA | TORRELAVEGA | RENEDO | MALIAÑO | VALDECILLA | SANTANDER
38401,PROXIMDAD,VALLADOLID-CAMPO GRANDE | VALLADOLID UNIVERSIDAD | CABEZÓN DEL PISUERGA | CORCOS-AGUILAREJO | CUBILLAS DE SANTA MARTA | DUEÑAS | VENTA DE BAÑOS | PALENCIA
18061,MD,MADRID-PRÍNCIPE PÍO | VILLALBA DE GUADARRAMA | EL ESCORIAL | ÁVILA | ARÉVALO | MEDINA DEL CAMPO | VALLADOLID-CAMPO GRANDE | VENTA DE BAÑOS | BURGOS-ROSA MANZANO | BRIVIESCA | MIRANDA DE EBRO | VITORIA-GASTEIZ | ALEGRÍA-DULANTZI | AGURAIN-SALVATIERRA DE ÁLAVA | ARAIA | ALTSASU | LEGAZPI | ZUMARRAGA | BEASAIN | ORDIZIA | TOLOSA | BILLABONA-ZIZURKIL | ANDOAIN-CENTRO | HERNANI-ERDIA | SAN SEBASTIÁN-DONOSTIA | PASAIA | LEZO-RENTERÍA | IRUN
38061,PROXIMDAD,MEDINA DEL CAMPO | VALLADOLID-CAMPO GRANDE | VENTA DE BAÑOS | PALENCIA
18211,PROXIMDAD,VALLADOLID-CAMPO GRANDE | VALLADOLID UNIVERSIDAD | CABEZÓN DEL PISUERGA | CORCOS-AGUILAREJO | CUBILLAS DE SANTA MARTA | DUEÑAS | VENTA DE BAÑOS | PALENCIA
18217,PROXIMDAD,VALLADOLID-CAMPO GRANDE | VALLADOLID UNIVERSIDAD | CABEZÓN DEL PISUERGA | CORCOS-AGUILAREJO | CUBILLAS DE SANTA MARTA | DUEÑAS | VENTA DE BAÑOS | PALENCIA
38063,PROXIMDAD,MEDINA DEL CAMPO | VALLADOLID-CAMPO GRANDE | VENTA DE BAÑOS | PALENCIA
18063,MD,MADRID-PRÍNCIPE PÍO | VILLALBA DE GUADARRAMA | EL ESCORIAL | ZARZALEJO | ROBLEDO DE CHAVELA | SANTA MARÍA DE LA ALAMEDA-PEGUERINOS | LAS NAVAS DEL MARQUÉS | NAVALPERAL | HERRADÓN-LA CAÑADA | ÁVILA | ARÉVALO | MEDINA DEL CAMPO | VALLADOLID-CAMPO GRANDE | VENTA DE BAÑOS | BURGOS-ROSA MANZANO | BRIVIESCA | MIRANDA DE EBRO | VITORIA-GASTEIZ | ALEGRÍA-DULANTZI | AGURAIN-SALVATIERRA DE ÁLAVA | ARAIA | ALTSASU | LEGAZPI | ZUMARRAGA | BEASAIN | ORDIZIA | TOLOSA | SAN SEBASTIÁN-DONOSTIA | PASAIA | LEZO-RENTERÍA | IRUN
18306,MD,SALAMANCA | MORISCOS | GOMECELLO | PITIEGUA | EL PEDROSO DE LA ARMUÑA | CANTALAPIEDRA | FRESNO EL VIEJO | EL CARPIO | MEDINA DEL CAMPO | POZALDEZ | MATAPOZUELOS | VALDESTILLAS | VIANA | VALLADOLID-CAMPO GRANDE | VALLADOLID UNIVERSIDAD | VENTA DE BAÑOS | PALENCIA
38306,PROXIMDAD,MEDINA DEL CAMPO | POZALDEZ | MATAPOZUELOS | VALDESTILLAS | VIANA | VALLADOLID-CAMPO GRANDE | VALLADOLID UNIVERSIDAD | VENTA DE BAÑOS | PALENCIA
18105,REG.EXP.,VALLADOLID-CAMPO GRANDE | VALLADOLID UNIVERSIDAD | CABEZÓN DEL PISUERGA | CORCOS-AGUILAREJO | CUBILLAS DE SANTA MARTA | DUEÑAS | VENTA DE BAÑOS | PALENCIA | MONZÓN DE CAMPOS | EL CARRIÓN | AMUSCO | PIÑA | FRÓMISTA | OSORNO | ESPINOSA DE VILLAGONZALO | HERRERA DE PISUERGA | ALAR DEL REY | MAVE | AGUILAR DE CAMPOO | QUINTANILLA DE LAS TORRES | MATAPORQUERA | REINOSA | BÁRCENA | LOS CORRALES DE BUELNA | TORRELAVEGA | RENEDO | MALIAÑO | VALDECILLA | SANTANDER
38105,PROXIMDAD,VALLADOLID-CAMPO GRANDE | VALLADOLID UNIVERSIDAD | CABEZÓN DEL PISUERGA | CORCOS-AGUILAREJO | CUBILLAS DE SANTA MARTA | DUEÑAS | VENTA DE BAÑOS | PALENCIA
18003,MD,MADRID-PRÍNCIPE PÍO | VILLALBA DE GUADARRAMA | EL ESCORIAL | ÁVILA | ARÉVALO | MEDINA DEL CAMPO | VALLADOLID-CAMPO GRANDE | VENTA DE BAÑOS | PALENCIA | PAREDES DE NAVA | VILLADA | SAHAGÚN | LEÓN
38303,PROXIMDAD,MEDINA DEL CAMPO | VALLADOLID-CAMPO GRANDE | VENTA DE BAÑOS | PALENCIA
18219,PROXIMDAD,VALLADOLID-CAMPO GRANDE | VALLADOLID UNIVERSIDAD | CABEZÓN DEL PISUERGA | CORCOS-AGUILAREJO | CUBILLAS DE SANTA MARTA | DUEÑAS | VENTA DE BAÑOS | PALENCIA
18065,MD,MADRID-PRÍNCIPE PÍO | VILLALBA DE GUADARRAMA | EL ESCORIAL | ZARZALEJO | ROBLEDO DE CHAVELA | SANTA MARÍA DE LA ALAMEDA-PEGUERINOS | LAS NAVAS DEL MARQUÉS | NAVALPERAL | HERRADÓN-LA CAÑADA | ÁVILA | ARÉVALO | MEDINA DEL CAMPO | VALLADOLID-CAMPO GRANDE | VENTA DE BAÑOS | MAGAZ | QUINTANA DEL PUENTE | VILLAQUIRÁN | BURGOS-ROSA MANZANO | BRIVIESCA | MIRANDA DE EBRO | VITORIA-GASTEIZ | ALEGRÍA-DULANTZI | AGURAIN-SALVATIERRA DE ÁLAVA | ARAIA | ALTSASU
38065,PROXIMDAD,MEDINA DEL CAMPO | VALLADOLID-CAMPO GRANDE | VENTA DE BAÑOS | PALENCIA
18005,MD,MADRID-PRÍNCIPE PÍO | VILLALBA DE GUADARRAMA | EL ESCORIAL | ZARZALEJO | ROBLEDO DE CHAVELA | SANTA MARÍA DE LA ALAMEDA-PEGUERINOS | LAS NAVAS DEL MARQUÉS | NAVALPERAL | HERRADÓN-LA CAÑADA | ÁVILA | ARÉVALO | MEDINA DEL CAMPO | VALLADOLID-CAMPO GRANDE | VENTA DE BAÑOS | PALENCIA | PAREDES DE NAVA | VILLADA | SAHAGÚN | LEÓN
38005,PROXIMDAD,MEDINA DEL CAMPO | VALLADOLID-CAMPO GRANDE | VENTA DE BAÑOS | PALENCIA
18007,MD,MADRID-PRÍNCIPE PÍO | VILLALBA DE GUADARRAMA | EL ESCORIAL | ZARZALEJO | ROBLEDO DE CHAVELA | SANTA MARÍA DE LA ALAMEDA-PEGUERINOS | LAS NAVAS DEL MARQUÉS | NAVALPERAL | HERRADÓN-LA CAÑADA | ÁVILA | ARÉVALO | MEDINA DEL CAMPO | VALLADOLID-CAMPO GRANDE | DUEÑAS | VENTA DE BAÑOS | PALENCIA
18322,REG.EXP.,VALLADOLID-CAMPO GRANDE | VIANA | VALDESTILLAS | MATAPOZUELOS | POZALDEZ | MEDINA DEL CAMPO | NAVA DEL REY | TORO | ZAMORA | CARBAJALES DE ALBA | FERRERUELA DE TÁBARA | ABEJERA | SARRACÍN DE ALISTE | CABAÑAS DE ALISTE | LINAREJOS-PEDROSO | PUEBLA DE SANABRIA
12101,REGIONAL,VALLADOLID-CAMPO GRANDE | VALLADOLID UNIVERSIDAD | CABEZÓN DEL PISUERGA | DUEÑAS | VENTA DE BAÑOS | PALENCIA | PAREDES DE NAVA | VILLADA | GRAJAL | SAHAGÚN | EL BURGO RANERO | PALANQUINOS | LEÓN | LA ROBLA | LA POLA DE GORDÓN | SANTA LUCÍA | VILLAMANÍN | BUSDONGO | LINARES-CONGOSTINAS | PUENTE DE LOS FIERROS | CAMPOMANES | POLA DE LENA | UJO | MIERES-PUENTE | LLAMAQUIQUE | OVIEDO | CALZADA DE ASTURIAS | GIJÓN-SANZ CRESPO
38301,PROXIMDAD,MEDINA DEL CAMPO | POZALDEZ | MATAPOZUELOS | VALDESTILLAS | VIANA | VALLADOLID-CAMPO GRANDE | VALLADOLID UNIVERSIDAD
17201,REG.EXP.,ÁVILA | ARÉVALO | MEDINA DEL CAMPO | POZALDEZ | MATAPOZUELOS | VALDESTILLAS | VIANA | VALLADOLID-CAMPO GRANDE | VALLADOLID UNIVERSIDAD
18101,REG.EXP.,VALLADOLID-CAMPO GRANDE | VALLADOLID UNIVERSIDAD | CABEZÓN DEL PISUERGA | CORCOS-AGUILAREJO | CUBILLAS DE SANTA MARTA | DUEÑAS | VENTA DE BAÑOS | PALENCIA | EL CARRIÓN | PIÑA | FRÓMISTA | OSORNO | ESPINOSA DE VILLAGONZALO | HERRERA DE PISUERGA | ALAR DEL REY | AGUILAR DE CAMPOO | MATAPORQUERA | REINOSA | BÁRCENA | LOS CORRALES DE BUELNA | TORRELAVEGA | RENEDO | MALIAÑO | VALDECILLA | SANTANDER
38401,PROXIMDAD,VALLADOLID-CAMPO GRANDE | VALLADOLID UNIVERSIDAD | CABEZÓN DEL PISUERGA | CORCOS-AGUILAREJO | CUBILLAS DE SANTA MARTA | DUEÑAS | VENTA DE BAÑOS | PALENCIA
18211,PROXIMDAD,VALLADOLID-CAMPO GRANDE | VALLADOLID UNIVERSIDAD | CABEZÓN DEL PISUERGA | CORCOS-AGUILAREJO | CUBILLAS DE SANTA MARTA | DUEÑAS | VENTA DE BAÑOS | PALENCIA
18217,PROXIMDAD,VALLADOLID-CAMPO GRANDE | VALLADOLID UNIVERSIDAD | CABEZÓN DEL PISUERGA | CORCOS-AGUILAREJO | CUBILLAS DE SANTA MARTA | DUEÑAS | VENTA DE BAÑOS | PALENCIA
18306,MD,SALAMANCA | MORISCOS | GOMECELLO | PITIEGUA | EL PEDROSO DE LA ARMUÑA | CANTALAPIEDRA | FRESNO EL VIEJO | EL CARPIO | MEDINA DEL CAMPO | POZALDEZ | MATAPOZUELOS | VALDESTILLAS | VIANA | VALLADOLID-CAMPO GRANDE | VALLADOLID UNIVERSIDAD | VENTA DE BAÑOS | PALENCIA
38306,PROXIMDAD,MEDINA DEL CAMPO | POZALDEZ | MATAPOZUELOS | VALDESTILLAS | VIANA | VALLADOLID-CAMPO GRANDE | VALLADOLID UNIVERSIDAD | VENTA DE BAÑOS | PALENCIA
18105,REG.EXP.,VALLADOLID-CAMPO GRANDE | VALLADOLID UNIVERSIDAD | CABEZÓN DEL PISUERGA | CORCOS-AGUILAREJO | CUBILLAS DE SANTA MARTA | DUEÑAS | VENTA DE BAÑOS | PALENCIA | MONZÓN DE CAMPOS | EL CARRIÓN | AMUSCO | PIÑA | FRÓMISTA | OSORNO | ESPINOSA DE VILLAGONZALO | HERRERA DE PISUERGA | ALAR DEL REY | MAVE | AGUILAR DE CAMPOO | QUINTANILLA DE LAS TORRES | MATAPORQUERA | REINOSA | BÁRCENA | LOS CORRALES DE BUELNA | TORRELAVEGA | RENEDO | MALIAÑO | VALDECILLA | SANTANDER
18219,PROXIMDAD,VALLADOLID-CAMPO GRANDE | VALLADOLID UNIVERSIDAD | CABEZÓN DEL PISUERGA | CORCOS-AGUILAREJO | CUBILLAS DE SANTA MARTA | DUEÑAS | VENTA DE BAÑOS | PALENCIA
18105,REG.EXP.,VALLADOLID-CAMPO GRANDE | VALLADOLID UNIVERSIDAD | CABEZÓN DEL PISUERGA | CORCOS-AGUILAREJO | CUBILLAS DE SANTA MARTA | DUEÑAS | VENTA DE BAÑOS | PALENCIA | MONZÓN DE CAMPOS | EL CARRIÓN | AMUSCO | PIÑA | FRÓMISTA | OSORNO | ESPINOSA DE VILLAGONZALO | HERRERA DE PISUERGA | ALAR DEL REY | MAVE | AGUILAR DE CAMPOO | QUINTANILLA DE LAS TORRES | MATAPORQUERA | REINOSA | BÁRCENA | LOS CORRALES DE BUELNA | TORRELAVEGA | RENEDO | MALIAÑO | VALDECILLA | SANTANDER
18101,REG.EXP.,VALLADOLID-CAMPO GRANDE | VALLADOLID UNIVERSIDAD | CABEZÓN DEL PISUERGA | CORCOS-AGUILAREJO | CUBILLAS DE SANTA MARTA | DUEÑAS | VENTA DE BAÑOS | PALENCIA | EL CARRIÓN | PIÑA | FRÓMISTA | OSORNO | ESPINOSA DE VILLAGONZALO | HERRERA DE PISUERGA | ALAR DEL REY | AGUILAR DE CAMPOO | MATAPORQUERA | REINOSA | BÁRCENA | LOS CORRALES DE BUELNA | TORRELAVEGA | RENEDO | MALIAÑO | VALDECILLA | SANTANDER
18105,REG.EXP.,VALLADOLID-CAMPO GRANDE | VALLADOLID UNIVERSIDAD | CABEZÓN DEL PISUERGA | CORCOS-AGUILAREJO | CUBILLAS DE SANTA MARTA | DUEÑAS | VENTA DE BAÑOS | PALENCIA | MONZÓN DE CAMPOS | EL CARRIÓN | AMUSCO | PIÑA | FRÓMISTA | OSORNO | ESPINOSA DE VILLAGONZALO | HERRERA DE PISUERGA | ALAR DEL REY | MAVE | AGUILAR DE CAMPOO | QUINTANILLA DE LAS TORRES | MATAPORQUERA | REINOSA | BÁRCENA | LOS CORRALES DE BUELNA | TORRELAVEGA | RENEDO | MALIAÑO | VALDECILLA | SANTANDER
12101,REGIONAL,VALLADOLID-CAMPO GRANDE | VALLADOLID UNIVERSIDAD | CABEZÓN DEL PISUERGA | DUEÑAS | VENTA DE BAÑOS | PALENCIA | PAREDES DE NAVA | VILLADA | GRAJAL | SAHAGÚN | EL BURGO RANERO | PALANQUINOS | LEÓN | LA ROBLA | LA POLA DE GORDÓN | SANTA LUCÍA | VILLAMANÍN | BUSDONGO | LINARES-CONGOSTINAS | PUENTE DE LOS FIERROS | CAMPOMANES | POLA DE LENA | UJO | MIERES-PUENTE | LLAMAQUIQUE | OVIEDO | CALZADA DE ASTURIAS | GIJÓN-SANZ CRESPO
18101,REG.EXP.,VALLADOLID-CAMPO GRANDE | VALLADOLID UNIVERSIDAD | CABEZÓN DEL PISUERGA | CORCOS-AGUILAREJO | CUBILLAS DE SANTA MARTA | DUEÑAS | VENTA DE BAÑOS | PALENCIA | EL CARRIÓN | PIÑA | FRÓMISTA | OSORNO | ESPINOSA DE VILLAGONZALO | HERRERA DE PISUERGA | ALAR DEL REY | AGUILAR DE CAMPOO | MATAPORQUERA | REINOSA | BÁRCENA | LOS CORRALES DE BUELNA | TORRELAVEGA | RENEDO | MALIAÑO | VALDECILLA | SANTANDER
38401,PROXIMDAD,VALLADOLID-CAMPO GRANDE | VALLADOLID UNIVERSIDAD | CABEZÓN DEL PISUERGA | CORCOS-AGUILAREJO | CUBILLAS DE SANTA MARTA | DUEÑAS | VENTA DE BAÑOS | PALENCIA
18211,PROXIMDAD,VALLADOLID-CAMPO GRANDE | VALLADOLID UNIVERSIDAD | CABEZÓN DEL PISUERGA | CORCOS-AGUILAREJO | CUBILLAS DE SANTA MARTA | DUEÑAS | VENTA DE BAÑOS | PALENCIA
18217,PROXIMDAD,VALLADOLID-CAMPO GRANDE | VALLADOLID UNIVERSIDAD | CABEZÓN DEL PISUERGA | CORCOS-AGUILAREJO | CUBILLAS DE SANTA MARTA | DUEÑAS | VENTA DE BAÑOS | PALENCIA
18105,REG.EXP.,VALLADOLID-CAMPO GRANDE | VALLADOLID UNIVERSIDAD | CABEZÓN DEL PISUERGA | CORCOS-AGUILAREJO | CUBILLAS DE SANTA MARTA | DUEÑAS | VENTA DE BAÑOS | PALENCIA | MONZÓN DE CAMPOS | EL CARRIÓN | AMUSCO | PIÑA | FRÓMISTA | OSORNO | ESPINOSA DE VILLAGONZALO | HERRERA DE PISUERGA | ALAR DEL REY | MAVE | AGUILAR DE CAMPOO | QUINTANILLA DE LAS TORRES | MATAPORQUERA | REINOSA | BÁRCENA | LOS CORRALES DE BUELNA | TORRELAVEGA | RENEDO | MALIAÑO | VALDECILLA | SANTANDER
38105,PROXIMDAD,VALLADOLID-CAMPO GRANDE | VALLADOLID UNIVERSIDAD | CABEZÓN DEL PISUERGA | CORCOS-AGUILAREJO | CUBILLAS DE SANTA MARTA | DUEÑAS | VENTA DE BAÑOS | PALENCIA
18219,PROXIMDAD,VALLADOLID-CAMPO GRANDE | VALLADOLID UNIVERSIDAD | CABEZÓN DEL PISUERGA | CORCOS-AGUILAREJO | CUBILLAS DE SANTA MARTA | DUEÑAS | VENTA DE BAÑOS | PALENCIA
18007,MD,MADRID-PRÍNCIPE PÍO | VILLALBA DE GUADARRAMA | EL ESCORIAL | ZARZALEJO | ROBLEDO DE CHAVELA | SANTA MARÍA DE LA ALAMEDA-PEGUERINOS | LAS NAVAS DEL MARQUÉS | NAVALPERAL | HERRADÓN-LA CAÑADA | ÁVILA | ARÉVALO | MEDINA DEL CAMPO | VALLADOLID-CAMPO GRANDE | DUEÑAS | VENTA DE BAÑOS | PALENCIA
18300,REG.EXP.,VALLADOLID-CAMPO GRANDE | VIANA | VALDESTILLAS | MATAPOZUELOS | POZALDEZ | MEDINA DEL CAMPO | EL CARPIO | FRESNO EL VIEJO | CANTALAPIEDRA | EL PEDROSO DE LA ARMUÑA | PITIEGUA | GOMECELLO | MORISCOS | SALAMANCA | SALAMANCA-LA ALAMEDILLA
38300,PROXIMDAD,VALLADOLID-CAMPO GRANDE | VIANA | VALDESTILLAS | MATAPOZUELOS | POZALDEZ | MEDINA DEL CAMPO
17218,REG.EXP.,VALLADOLID-CAMPO GRANDE | VIANA | VALDESTILLAS | MATAPOZUELOS | POZALDEZ | MEDINA DEL CAMPO | ARÉVALO | ÁVILA
38218,PROXIMDAD,VALLADOLID-CAMPO GRANDE | VIANA | VALDESTILLAS | MATAPOZUELOS | POZALDEZ | MEDINA DEL CAMPO
18004,MD,VALLADOLID-CAMPO GRANDE | VIANA | VALDESTILLAS | MATAPOZUELOS | POZALDEZ | MEDINA DEL CAMPO | ARÉVALO | ÁVILA | HERRADÓN-LA CAÑADA | NAVALPERAL | LAS NAVAS DEL MARQUÉS | SANTA MARÍA DE LA ALAMEDA-PEGUERINOS | ROBLEDO DE CHAVELA | ZARZALEJO | EL ESCORIAL | VILLALBA DE GUADARRAMA | MADRID-PRÍNCIPE PÍO
38004,PROXIMDAD,VALLADOLID-CAMPO GRANDE | VIANA | VALDESTILLAS | MATAPOZUELOS | POZALDEZ | MEDINA DEL CAMPO
18218,PROXIMDAD,PALENCIA | VENTA DE BAÑOS | DUEÑAS | CUBILLAS DE SANTA MARTA | CORCOS-AGUILAREJO | CABEZÓN DEL PISUERGA | VALLADOLID UNIVERSIDAD | VALLADOLID-CAMPO GRANDE | VIANA | VALDESTILLAS | MATAPOZUELOS | POZALDEZ | MEDINA DEL CAMPO
18322,REG.EXP.,VALLADOLID-CAMPO GRANDE | VIANA | VALDESTILLAS | MATAPOZUELOS | POZALDEZ | MEDINA DEL CAMPO | NAVA DEL REY | TORO | ZAMORA | CARBAJALES DE ALBA | FERRERUELA DE TÁBARA | ABEJERA | SARRACÍN DE ALISTE | CABAÑAS DE ALISTE | LINAREJOS-PEDROSO | PUEBLA DE SANABRIA
38322,PROXIMDAD,VALLADOLID-CAMPO GRANDE | VIANA | VALDESTILLAS | MATAPOZUELOS | MEDINA DEL CAMPO
18318,REG.EXP.,VALLADOLID-CAMPO GRANDE | VIANA | VALDESTILLAS | MATAPOZUELOS | POZALDEZ | MEDINA DEL CAMPO | EL CARPIO | FRESNO EL VIEJO | CANTALAPIEDRA | GOMECELLO | SALAMANCA | SALAMANCA-LA ALAMEDILLA
38318,PROXIMDAD,VALLADOLID-CAMPO GRANDE | VIANA | VALDESTILLAS | MATAPOZUELOS | POZALDEZ | MEDINA DEL CAMPO
17200,REG.EXP.,VALLADOLID-CAMPO GRANDE | VIANA | VALDESTILLAS | MATAPOZUELOS | POZALDEZ | MEDINA DEL CAMPO | ARÉVALO | ÁVILA
38200,PROXIMDAD,VALLADOLID-CAMPO GRANDE | VIANA | VALDESTILLAS | MATAPOZUELOS | POZALDEZ | MEDINA DEL CAMPO
37432,MD,VALLADOLID-CAMPO GRANDE | VIANA | VALDESTILLAS | MATAPOZUELOS | POZALDEZ | MEDINA DEL CAMPO | SALAMANCA
00632,Intercity,ZARAGOZA DELICIAS | PAMPLONA/IRUÑA | VITORIA-GASTEIZ | MIRANDA DE EBRO | BURGOS-ROSA MANZANO | VALLADOLID-CAMPO GRANDE | VIANA | VALDESTILLAS | MATAPOZUELOS | POZALDEZ | MEDINA DEL CAMPO | SALAMANCA
17226,PROXIMDAD,VALLADOLID-CAMPO GRANDE | VIANA | VALDESTILLAS | MATAPOZUELOS | POZALDEZ | MEDINA DEL CAMPO
18101,REG.EXP.,VALLADOLID-CAMPO GRANDE | VALLADOLID UNIVERSIDAD | CABEZÓN DEL PISUERGA | CORCOS-AGUILAREJO | CUBILLAS DE SANTA MARTA | DUEÑAS | VENTA DE BAÑOS | PALENCIA | EL CARRIÓN | PIÑA | FRÓMISTA | OSORNO | ESPINOSA DE VILLAGONZALO | HERRERA DE PISUERGA | ALAR DEL REY | AGUILAR DE CAMPOO | MATAPORQUERA | REINOSA | BÁRCENA | LOS CORRALES DE BUELNA | TORRELAVEGA | RENEDO | MALIAÑO | VALDECILLA | SANTANDER
18105,REG.EXP.,VALLADOLID-CAMPO GRANDE | VALLADOLID UNIVERSIDAD | CABEZÓN DEL PISUERGA | CORCOS-AGUILAREJO | CUBILLAS DE SANTA MARTA | DUEÑAS | VENTA DE BAÑOS | PALENCIA | MONZÓN DE CAMPOS | EL CARRIÓN | AMUSCO | PIÑA | FRÓMISTA | OSORNO | ESPINOSA DE VILLAGONZALO | HERRERA DE PISUERGA | ALAR DEL REY | MAVE | AGUILAR DE CAMPOO | QUINTANILLA DE LAS TORRES | MATAPORQUERA | REINOSA | BÁRCENA | LOS CORRALES DE BUELNA | TORRELAVEGA | RENEDO | MALIAÑO | VALDECILLA | SANTANDER
18105,REG.EXP.,VALLADOLID-CAMPO GRANDE | VALLADOLID UNIVERSIDAD | CABEZÓN DEL PISUERGA | CORCOS-AGUILAREJO | CUBILLAS DE SANTA MARTA | DUEÑAS | VENTA DE BAÑOS | PALENCIA | MONZÓN DE CAMPOS | EL CARRIÓN | AMUSCO | PIÑA | FRÓMISTA | OSORNO | ESPINOSA DE VILLAGONZALO | HERRERA DE PISUERGA | ALAR DEL REY | MAVE | AGUILAR DE CAMPOO | QUINTANILLA DE LAS TORRES | MATAPORQUERA | REINOSA | BÁRCENA | LOS CORRALES DE BUELNA | TORRELAVEGA | RENEDO | MALIAÑO | VALDECILLA | SANTANDER
18300,REG.EXP.,VALLADOLID-CAMPO GRANDE | VIANA | VALDESTILLAS | MATAPOZUELOS | POZALDEZ | MEDINA DEL CAMPO | EL CARPIO | FRESNO EL VIEJO | CANTALAPIEDRA | EL PEDROSO DE LA ARMUÑA | PITIEGUA | GOMECELLO | MORISCOS | SALAMANCA | SALAMANCA-LA ALAMEDILLA
18308,MD,PALENCIA | VENTA DE BAÑOS | DUEÑAS | VALLADOLID UNIVERSIDAD | VALLADOLID-CAMPO GRANDE | MEDINA DEL CAMPO | CAMPILLO | EL CARPIO | FRESNO EL VIEJO | CANTALAPIEDRA | EL PEDROSO DE LA ARMUÑA | GOMECELLO | SALAMANCA | SALAMANCA-LA ALAMEDILLA
18318,REG.EXP.,VALLADOLID-CAMPO GRANDE | VIANA | VALDESTILLAS | MATAPOZUELOS | POZALDEZ | MEDINA DEL CAMPO | EL CARPIO | FRESNO EL VIEJO | CANTALAPIEDRA | GOMECELLO | SALAMANCA | SALAMANCA-LA ALAMEDILLA
18105,REG.EXP.,VALLADOLID-CAMPO GRANDE | VALLADOLID UNIVERSIDAD | CABEZÓN DEL PISUERGA | CORCOS-AGUILAREJO | CUBILLAS DE SANTA MARTA | DUEÑAS | VENTA DE BAÑOS | PALENCIA | MONZÓN DE CAMPOS | EL CARRIÓN | AMUSCO | PIÑA | FRÓMISTA | OSORNO | ESPINOSA DE VILLAGONZALO | HERRERA DE PISUERGA | ALAR DEL REY | MAVE | AGUILAR DE CAMPOO | QUINTANILLA DE LAS TORRES | MATAPORQUERA | REINOSA | BÁRCENA | LOS CORRALES DE BUELNA | TORRELAVEGA | RENEDO | MALIAÑO | VALDECILLA | SANTANDER
18101,REG.EXP.,VALLADOLID-CAMPO GRANDE | VALLADOLID UNIVERSIDAD | CABEZÓN DEL PISUERGA | CORCOS-AGUILAREJO | CUBILLAS DE SANTA MARTA | DUEÑAS | VENTA DE BAÑOS | PALENCIA | EL CARRIÓN | PIÑA | FRÓMISTA | OSORNO | ESPINOSA DE VILLAGONZALO | HERRERA DE PISUERGA | ALAR DEL REY | AGUILAR DE CAMPOO | MATAPORQUERA | REINOSA | BÁRCENA | LOS CORRALES DE BUELNA | TORRELAVEGA | RENEDO | MALIAÑO | VALDECILLA | SANTANDER
18105,REG.EXP.,VALLADOLID-CAMPO GRANDE | VALLADOLID UNIVERSIDAD | CABEZÓN DEL PISUERGA | CORCOS-AGUILAREJO | CUBILLAS DE SANTA MARTA | DUEÑAS | VENTA DE BAÑOS | PALENCIA | MONZÓN DE CAMPOS | EL CARRIÓN | AMUSCO | PIÑA | FRÓMISTA | OSORNO | ESPINOSA DE VILLAGONZALO | HERRERA DE PISUERGA | ALAR DEL REY | MAVE | AGUILAR DE CAMPOO | QUINTANILLA DE LAS TORRES | MATAPORQUERA | REINOSA | BÁRCENA | LOS CORRALES DE BUELNA | TORRELAVEGA | RENEDO | MALIAÑO | VALDECILLA | SANTANDER
18300,REG.EXP.,VALLADOLID-CAMPO GRANDE | VIANA | VALDESTILLAS | MATAPOZUELOS | POZALDEZ | MEDINA DEL CAMPO | EL CARPIO | FRESNO EL VIEJO | CANTALAPIEDRA | EL PEDROSO DE LA ARMUÑA | PITIEGUA | GOMECELLO | MORISCOS | SALAMANCA | SALAMANCA-LA ALAMEDILLA
38300,PROXIMDAD,VALLADOLID-CAMPO GRANDE | VIANA | VALDESTILLAS | MATAPOZUELOS | POZALDEZ | MEDINA DEL CAMPO
17218,REG.EXP.,VALLADOLID-CAMPO GRANDE | VIANA | VALDESTILLAS | MATAPOZUELOS | POZALDEZ | MEDINA DEL CAMPO | ARÉVALO | ÁVILA
38218,PROXIMDAD,VALLADOLID-CAMPO GRANDE | VIANA | VALDESTILLAS | MATAPOZUELOS | POZALDEZ | MEDINA DEL CAMPO
18004,MD,VALLADOLID-CAMPO GRANDE | VIANA | VALDESTILLAS | MATAPOZUELOS | POZALDEZ | MEDINA DEL CAMPO | ARÉVALO | ÁVILA | HERRADÓN-LA CAÑADA | NAVALPERAL | LAS NAVAS DEL MARQUÉS | SANTA MARÍA DE LA ALAMEDA-PEGUERINOS | ROBLEDO DE CHAVELA | ZARZALEJO | EL ESCORIAL | VILLALBA DE GUADARRAMA | MADRID-PRÍNCIPE PÍO
38004,PROXIMDAD,VALLADOLID-CAMPO GRANDE | VIANA | VALDESTILLAS | MATAPOZUELOS | POZALDEZ | MEDINA DEL CAMPO
18218,PROXIMDAD,PALENCIA | VENTA DE BAÑOS | DUEÑAS | CUBILLAS DE SANTA MARTA | CORCOS-AGUILAREJO | CABEZÓN DEL PISUERGA | VALLADOLID UNIVERSIDAD | VALLADOLID-CAMPO GRANDE | VIANA | VALDESTILLAS | MATAPOZUELOS | POZALDEZ | MEDINA DEL CAMPO
18322,REG.EXP.,VALLADOLID-CAMPO GRANDE | VIANA | VALDESTILLAS | MATAPOZUELOS | POZALDEZ | MEDINA DEL CAMPO | NAVA DEL REY | TORO | ZAMORA | CARBAJALES DE ALBA | FERRERUELA DE TÁBARA | ABEJERA | SARRACÍN DE ALISTE | CABAÑAS DE ALISTE | LINAREJOS-PEDROSO | PUEBLA DE SANABRIA
18318,REG.EXP.,VALLADOLID-CAMPO GRANDE | VIANA | VALDESTILLAS | MATAPOZUELOS | POZALDEZ | MEDINA DEL CAMPO | EL CARPIO | FRESNO EL VIEJO | CANTALAPIEDRA | GOMECELLO | SALAMANCA | SALAMANCA-LA ALAMEDILLA
38318,PROXIMDAD,VALLADOLID-CAMPO GRANDE | VIANA | VALDESTILLAS | MATAPOZUELOS | POZALDEZ | MEDINA DEL CAMPO
17200,REG.EXP.,VALLADOLID-CAMPO GRANDE | VIANA | VALDESTILLAS | MATAPOZUELOS | POZALDEZ | MEDINA DEL CAMPO | ARÉVALO | ÁVILA
38200,PROXIMDAD,VALLADOLID-CAMPO GRANDE | VIANA | VALDESTILLAS | MATAPOZUELOS | POZALDEZ | MEDINA DEL CAMPO
37432,MD,VALLADOLID-CAMPO GRANDE | VIANA | VALDESTILLAS | MATAPOZUELOS | POZALDEZ | MEDINA DEL CAMPO | SALAMANCA
00632,Intercity,ZARAGOZA DELICIAS | PAMPLONA/IRUÑA | VITORIA-GASTEIZ | MIRANDA DE EBRO | BURGOS-ROSA MANZANO | VALLADOLID-CAMPO GRANDE | VIANA | VALDESTILLAS | MATAPOZUELOS | POZALDEZ | MEDINA DEL CAMPO | SALAMANCA
17226,PROXIMDAD,VALLADOLID-CAMPO GRANDE | VIANA | VALDESTILLAS | MATAPOZUELOS | POZALDEZ | MEDINA DEL CAMPO
12101,REGIONAL,VALLADOLID-CAMPO GRANDE | VALLADOLID UNIVERSIDAD | CABEZÓN DEL PISUERGA | DUEÑAS | VENTA DE BAÑOS | PALENCIA | PAREDES DE NAVA | VILLADA | GRAJAL | SAHAGÚN | EL BURGO RANERO | PALANQUINOS | LEÓN | LA ROBLA | LA POLA DE GORDÓN | SANTA LUCÍA | VILLAMANÍN | BUSDONGO | LINARES-CONGOSTINAS | PUENTE DE LOS FIERROS | CAMPOMANES | POLA DE LENA | UJO | MIERES-PUENTE | LLAMAQUIQUE | OVIEDO | CALZADA DE ASTURIAS | GIJÓN-SANZ CRESPO
18101,REG.EXP.,VALLADOLID-CAMPO GRANDE | VALLADOLID UNIVERSIDAD | CABEZÓN DEL PISUERGA | CORCOS-AGUILAREJO | CUBILLAS DE SANTA MARTA | DUEÑAS | VENTA DE BAÑOS | PALENCIA | EL CARRIÓN | PIÑA | FRÓMISTA | OSORNO | ESPINOSA DE VILLAGONZALO | HERRERA DE PISUERGA | ALAR DEL REY | AGUILAR DE CAMPOO | MATAPORQUERA | REINOSA | BÁRCENA | LOS CORRALES DE BUELNA | TORRELAVEGA | RENEDO | MALIAÑO | VALDECILLA | SANTANDER
38401,PROXIMDAD,VALLADOLID-CAMPO GRANDE | VALLADOLID UNIVERSIDAD | CABEZÓN DEL PISUERGA | CORCOS-AGUILAREJO | CUBILLAS DE SANTA MARTA | DUEÑAS | VENTA DE BAÑOS | PALENCIA
18211,PROXIMDAD,VALLADOLID-CAMPO GRANDE | VALLADOLID UNIVERSIDAD | CABEZÓN DEL PISUERGA | CORCOS-AGUILAREJO | CUBILLAS DE SANTA MARTA | DUEÑAS | VENTA DE BAÑOS | PALENCIA
18217,PROXIMDAD,VALLADOLID-CAMPO GRANDE | VALLADOLID UNIVERSIDAD | CABEZÓN DEL PISUERGA | CORCOS-AGUILAREJO | CUBILLAS DE SANTA MARTA | DUEÑAS | VENTA DE BAÑOS | PALENCIA
18105,REG.EXP.,VALLADOLID-CAMPO GRANDE | VALLADOLID UNIVERSIDAD | CABEZÓN DEL PISUERGA | CORCOS-AGUILAREJO | CUBILLAS DE SANTA MARTA | DUEÑAS | VENTA DE BAÑOS | PALENCIA | MONZÓN DE CAMPOS | EL CARRIÓN | AMUSCO | PIÑA | FRÓMISTA | OSORNO | ESPINOSA DE VILLAGONZALO | HERRERA DE PISUERGA | ALAR DEL REY | MAVE | AGUILAR DE CAMPOO | QUINTANILLA DE LAS TORRES | MATAPORQUERA | REINOSA | BÁRCENA | LOS CORRALES DE BUELNA | TORRELAVEGA | RENEDO | MALIAÑO | VALDECILLA | SANTANDER
38105,PROXIMDAD,VALLADOLID-CAMPO GRANDE | VALLADOLID UNIVERSIDAD | CABEZÓN DEL PISUERGA | CORCOS-AGUILAREJO | CUBILLAS DE SANTA MARTA | DUEÑAS | VENTA DE BAÑOS | PALENCIA
18219,PROXIMDAD,VALLADOLID-CAMPO GRANDE | VALLADOLID UNIVERSIDAD | CABEZÓN DEL PISUERGA | CORCOS-AGUILAREJO | CUBILLAS DE SANTA MARTA | DUEÑAS | VENTA DE BAÑOS | PALENCIA
18101,REG.EXP.,VALLADOLID-CAMPO GRANDE | VALLADOLID UNIVERSIDAD | CABEZÓN DEL PISUERGA | CORCOS-AGUILAREJO | CUBILLAS DE SANTA MARTA | DUEÑAS | VENTA DE BAÑOS | PALENCIA | EL CARRIÓN | PIÑA | FRÓMISTA | OSORNO | ESPINOSA DE VILLAGONZALO | HERRERA DE PISUERGA | ALAR DEL REY | AGUILAR DE CAMPOO | MATAPORQUERA | REINOSA | BÁRCENA | LOS CORRALES DE BUELNA | TORRELAVEGA | RENEDO | MALIAÑO | VALDECILLA | SANTANDER
38401,PROXIMDAD,VALLADOLID-CAMPO GRANDE | VALLADOLID UNIVERSIDAD | CABEZÓN DEL PISUERGA | CORCOS-AGUILAREJO | CUBILLAS DE SANTA MARTA | DUEÑAS | VENTA DE BAÑOS | PALENCIA
18211,PROXIMDAD,VALLADOLID-CAMPO GRANDE | VALLADOLID UNIVERSIDAD | CABEZÓN DEL PISUERGA | CORCOS-AGUILAREJO | CUBILLAS DE SANTA MARTA | DUEÑAS | VENTA DE BAÑOS | PALENCIA
18217,PROXIMDAD,VALLADOLID-CAMPO GRANDE | VALLADOLID UNIVERSIDAD | CABEZÓN DEL PISUERGA | CORCOS-AGUILAREJO | CUBILLAS DE SANTA MARTA | DUEÑAS | VENTA DE BAÑOS | PALENCIA
18105,REG.EXP.,VALLADOLID-CAMPO GRANDE | VALLADOLID UNIVERSIDAD | CABEZÓN DEL PISUERGA | CORCOS-AGUILAREJO | CUBILLAS DE SANTA MARTA | DUEÑAS | VENTA DE BAÑOS | PALENCIA | MONZÓN DE CAMPOS | EL CARRIÓN | AMUSCO | PIÑA | FRÓMISTA | OSORNO | ESPINOSA DE VILLAGONZALO | HERRERA DE PISUERGA | ALAR DEL REY | MAVE | AGUILAR DE CAMPOO | QUINTANILLA DE LAS TORRES | MATAPORQUERA | REINOSA | BÁRCENA | LOS CORRALES DE BUELNA | TORRELAVEGA | RENEDO | MALIAÑO | VALDECILLA | SANTANDER
38105,PROXIMDAD,VALLADOLID-CAMPO GRANDE | VALLADOLID UNIVERSIDAD | CABEZÓN DEL PISUERGA | CORCOS-AGUILAREJO | CUBILLAS DE SANTA MARTA | DUEÑAS | VENTA DE BAÑOS | PALENCIA
18219,PROXIMDAD,VALLADOLID-CAMPO GRANDE | VALLADOLID UNIVERSIDAD | CABEZÓN DEL PISUERGA | CORCOS-AGUILAREJO | CUBILLAS DE SANTA MARTA | DUEÑAS | VENTA DE BAÑOS | PALENCIA
18300,REG.EXP.,VALLADOLID-CAMPO GRANDE | VIANA | VALDESTILLAS | MATAPOZUELOS | POZALDEZ | MEDINA DEL CAMPO | EL CARPIO | FRESNO EL VIEJO | CANTALAPIEDRA | EL PEDROSO DE LA ARMUÑA | PITIEGUA | GOMECELLO | MORISCOS | SALAMANCA | SALAMANCA-LA ALAMEDILLA
38300,PROXIMDAD,VALLADOLID-CAMPO GRANDE | VIANA | VALDESTILLAS | MATAPOZUELOS | POZALDEZ | MEDINA DEL CAMPO
17218,REG.EXP.,VALLADOLID-CAMPO GRANDE | VIANA | VALDESTILLAS | MATAPOZUELOS | POZALDEZ | MEDINA DEL CAMPO | ARÉVALO | ÁVILA
38218,PROXIMDAD,VALLADOLID-CAMPO GRANDE | VIANA | VALDESTILLAS | MATAPOZUELOS | POZALDEZ | MEDINA DEL CAMPO
18004,MD,VALLADOLID-CAMPO GRANDE | VIANA | VALDESTILLAS | MATAPOZUELOS | POZALDEZ | MEDINA DEL CAMPO | ARÉVALO | ÁVILA | HERRADÓN-LA CAÑADA | NAVALPERAL | LAS NAVAS DEL MARQUÉS | SANTA MARÍA DE LA ALAMEDA-PEGUERINOS | ROBLEDO DE CHAVELA | ZARZALEJO | EL ESCORIAL | VILLALBA DE GUADARRAMA | MADRID-PRÍNCIPE PÍO
38004,PROXIMDAD,VALLADOLID-CAMPO GRANDE | VIANA | VALDESTILLAS | MATAPOZUELOS | POZALDEZ | MEDINA DEL CAMPO
18218,PROXIMDAD,PALENCIA | VENTA DE BAÑOS | DUEÑAS | CUBILLAS DE SANTA MARTA | CORCOS-AGUILAREJO | CABEZÓN DEL PISUERGA | VALLADOLID UNIVERSIDAD | VALLADOLID-CAMPO GRANDE | VIANA | VALDESTILLAS | MATAPOZUELOS | POZALDEZ | MEDINA DEL CAMPO
18322,REG.EXP.,VALLADOLID-CAMPO GRANDE | VIANA | VALDESTILLAS | MATAPOZUELOS | POZALDEZ | MEDINA DEL CAMPO | NAVA DEL REY | TORO | ZAMORA | CARBAJALES DE ALBA | FERRERUELA DE TÁBARA | ABEJERA | SARRACÍN DE ALISTE | CABAÑAS DE ALISTE | LINAREJOS-PEDROSO | PUEBLA DE SANABRIA
38322,PROXIMDAD,VALLADOLID-CAMPO GRANDE | VIANA | VALDESTILLAS | MATAPOZUELOS | MEDINA DEL CAMPO
18318,REG.EXP.,VALLADOLID-CAMPO GRANDE | VIANA | VALDESTILLAS | MATAPOZUELOS | POZALDEZ | MEDINA DEL CAMPO | EL CARPIO | FRESNO EL VIEJO | CANTALAPIEDRA | GOMECELLO | SALAMANCA | SALAMANCA-LA ALAMEDILLA
38318,PROXIMDAD,VALLADOLID-CAMPO GRANDE | VIANA | VALDESTILLAS | MATAPOZUELOS | POZALDEZ | MEDINA DEL CAMPO
17200,REG.EXP.,VALLADOLID-CAMPO GRANDE | VIANA | VALDESTILLAS | MATAPOZUELOS | POZALDEZ | MEDINA DEL CAMPO | ARÉVALO | ÁVILA
38200,PROXIMDAD,VALLADOLID-CAMPO GRANDE | VIANA | VALDESTILLAS | MATAPOZUELOS | POZALDEZ | MEDINA DEL CAMPO
37432,MD,VALLADOLID-CAMPO GRANDE | VIANA | VALDESTILLAS | MATAPOZUELOS | POZALDEZ | MEDINA DEL CAMPO | SALAMANCA
00632,Intercity,ZARAGOZA DELICIAS | PAMPLONA/IRUÑA | VITORIA-GASTEIZ | MIRANDA DE EBRO | BURGOS-ROSA MANZANO | VALLADOLID-CAMPO GRANDE | VIANA | VALDESTILLAS | MATAPOZUELOS | POZALDEZ | MEDINA DEL CAMPO | SALAMANCA
17226,PROXIMDAD,VALLADOLID-CAMPO GRANDE | VIANA | VALDESTILLAS | MATAPOZUELOS | POZALDEZ | MEDINA DEL CAMPO
18065,MD,MADRID-PRÍNCIPE PÍO | VILLALBA DE GUADARRAMA | EL ESCORIAL | ZARZALEJO | ROBLEDO DE CHAVELA | SANTA MARÍA DE LA ALAMEDA-PEGUERINOS | LAS NAVAS DEL MARQUÉS | NAVALPERAL | HERRADÓN-LA CAÑADA | ÁVILA | ARÉVALO | MEDINA DEL CAMPO | VALLADOLID-CAMPO GRANDE | VENTA DE BAÑOS | MAGAZ | QUINTANA DEL PUENTE | VILLAQUIRÁN | BURGOS-ROSA MANZANO | BRIVIESCA | MIRANDA DE EBRO | VITORIA-GASTEIZ | ALEGRÍA-DULANTZI | AGURAIN-SALVATIERRA DE ÁLAVA | ARAIA | ALTSASU
12101,REGIONAL,VALLADOLID-CAMPO GRANDE | VALLADOLID UNIVERSIDAD | CABEZÓN DEL PISUERGA | DUEÑAS | VENTA DE BAÑOS | PALENCIA | PAREDES DE NAVA | VILLADA | GRAJAL | SAHAGÚN | EL BURGO RANERO | PALANQUINOS | LEÓN | LA ROBLA | LA POLA DE GORDÓN | SANTA LUCÍA | VILLAMANÍN | BUSDONGO | LINARES-CONGOSTINAS | PUENTE DE LOS FIERROS | CAMPOMANES | POLA DE LENA | UJO | MIERES-PUENTE | LLAMAQUIQUE | OVIEDO | CALZADA DE ASTURIAS | GIJÓN-SANZ CRESPO
04073,ALVIA,MADRID-CHAMARTÍN-CLARA CAMPOAMOR | VALLADOLID-CAMPO GRANDE | PALENCIA | AGUILAR DE CAMPOO | REINOSA | TORRELAVEGA | SANTANDER
04261,ALVIA,MADRID-CHAMARTÍN-CLARA CAMPOAMOR | VALLADOLID-CAMPO GRANDE | PALENCIA | LEÓN | POLA DE LENA | OVIEDO | GIJÓN-SANZ CRESPO
18101,REG.EXP.,VALLADOLID-CAMPO GRANDE | VALLADOLID UNIVERSIDAD | CABEZÓN DEL PISUERGA | CORCOS-AGUILAREJO | CUBILLAS DE SANTA MARTA | DUEÑAS | VENTA DE BAÑOS | PALENCIA | EL CARRIÓN | PIÑA | FRÓMISTA | OSORNO | ESPINOSA DE VILLAGONZALO | HERRERA DE PISUERGA | ALAR DEL REY | AGUILAR DE CAMPOO | MATAPORQUERA | REINOSA | BÁRCENA | LOS CORRALES DE BUELNA | TORRELAVEGA | RENEDO | MALIAÑO | VALDECILLA | SANTANDER
38401,PROXIMDAD,VALLADOLID-CAMPO GRANDE | VALLADOLID UNIVERSIDAD | CABEZÓN DEL PISUERGA | CORCOS-AGUILAREJO | CUBILLAS DE SANTA MARTA | DUEÑAS | VENTA DE BAÑOS | PALENCIA
04091,ALVIA,MADRID-CHAMARTÍN-CLARA CAMPOAMOR | VALLADOLID-CAMPO GRANDE | PALENCIA | LEÓN | MIERES-PUENTE | OVIEDO | AVILÉS
05071,AVE,VALÈNCIA-JOAQUÍN SOROLLA | MADRID-CHAMARTÍN-CLARA CAMPOAMOR | VALLADOLID-CAMPO GRANDE | PALENCIA | LEÓN
38061,PROXIMDAD,MEDINA DEL CAMPO | VALLADOLID-CAMPO GRANDE | VENTA DE BAÑOS | PALENCIA
18061,MD,MADRID-PRÍNCIPE PÍO | VILLALBA DE GUADARRAMA | EL ESCORIAL | ÁVILA | ARÉVALO | MEDINA DEL CAMPO | VALLADOLID-CAMPO GRANDE | VENTA DE BAÑOS | PALENCIA
18211,PROXIMDAD,VALLADOLID-CAMPO GRANDE | VALLADOLID UNIVERSIDAD | CABEZÓN DEL PISUERGA | CORCOS-AGUILAREJO | CUBILLAS DE SANTA MARTA | DUEÑAS | VENTA DE BAÑOS | PALENCIA
04121,AVLO,MADRID-CHAMARTÍN-CLARA CAMPOAMOR | SEGOVIA-GUIOMAR | VALLADOLID-CAMPO GRANDE | PALENCIA | LEÓN | POLA DE LENA | MIERES-PUENTE | OVIEDO | GIJÓN-SANZ CRESPO
05101,AVE,VALÈNCIA-JOAQUÍN SOROLLA | REQUENA-UTIEL | CUENCA-FERNANDO ZÓBEL | MADRID-CHAMARTÍN-CLARA CAMPOAMOR | SEGOVIA-GUIOMAR | VALLADOLID-CAMPO GRANDE | PALENCIA | LEÓN
37101,MD,VALLADOLID-CAMPO GRANDE | PALENCIA | LEÓN
18217,PROXIMDAD,VALLADOLID-CAMPO GRANDE | VALLADOLID UNIVERSIDAD | CABEZÓN DEL PISUERGA | CORCOS-AGUILAREJO | CUBILLAS DE SANTA MARTA | DUEÑAS | VENTA DE BAÑOS | PALENCIA
04143,ALVIA,ALICANTE/ALACANT-TERMINAL | VILLENA ALTA VELOCIDAD | ALBACETE-LOS LLANOS | CUENCA-FERNANDO ZÓBEL | MADRID-CHAMARTÍN-CLARA CAMPOAMOR | SEGOVIA-GUIOMAR | VALLADOLID-CAMPO GRANDE | PALENCIA | TORRELAVEGA | SANTANDER
38063,PROXIMDAD,MEDINA DEL CAMPO | VALLADOLID-CAMPO GRANDE | VENTA DE BAÑOS | PALENCIA
18063,MD,MADRID-PRÍNCIPE PÍO | VILLALBA DE GUADARRAMA | EL ESCORIAL | ZARZALEJO | ROBLEDO DE CHAVELA | SANTA MARÍA DE LA ALAMEDA-PEGUERINOS | LAS NAVAS DEL MARQUÉS | NAVALPERAL | HERRADÓN-LA CAÑADA | ÁVILA | ARÉVALO | MEDINA DEL CAMPO | VALLADOLID-CAMPO GRANDE | VENTA DE BAÑOS | PALENCIA
18306,MD,SALAMANCA | MORISCOS | GOMECELLO | PITIEGUA | EL PEDROSO DE LA ARMUÑA | CANTALAPIEDRA | FRESNO EL VIEJO | EL CARPIO | MEDINA DEL CAMPO | POZALDEZ | MATAPOZUELOS | VALDESTILLAS | VIANA | VALLADOLID-CAMPO GRANDE | VALLADOLID UNIVERSIDAD | VENTA DE BAÑOS | PALENCIA
38306,PROXIMDAD,MEDINA DEL CAMPO | POZALDEZ | MATAPOZUELOS | VALDESTILLAS | VIANA | VALLADOLID-CAMPO GRANDE | VALLADOLID UNIVERSIDAD | VENTA DE BAÑOS | PALENCIA
04151,AVE,MADRID-CHAMARTÍN-CLARA CAMPOAMOR | SEGOVIA-GUIOMAR | VALLADOLID-CAMPO GRANDE | PALENCIA | LEÓN | OVIEDO | GIJÓN-SANZ CRESPO
18105,REG.EXP.,VALLADOLID-CAMPO GRANDE | VALLADOLID UNIVERSIDAD | CABEZÓN DEL PISUERGA | CORCOS-AGUILAREJO | CUBILLAS DE SANTA MARTA | DUEÑAS | VENTA DE BAÑOS | PALENCIA | MONZÓN DE CAMPOS | EL CARRIÓN | AMUSCO | PIÑA | FRÓMISTA | OSORNO | ESPINOSA DE VILLAGONZALO | HERRERA DE PISUERGA | ALAR DEL REY | MAVE | AGUILAR DE CAMPOO | QUINTANILLA DE LAS TORRES | MATAPORQUERA | REINOSA | BÁRCENA | LOS CORRALES DE BUELNA | TORRELAVEGA | RENEDO | MALIAÑO | VALDECILLA | SANTANDER
38105,PROXIMDAD,VALLADOLID-CAMPO GRANDE | VALLADOLID UNIVERSIDAD | CABEZÓN DEL PISUERGA | CORCOS-AGUILAREJO | CUBILLAS DE SANTA MARTA | DUEÑAS | VENTA DE BAÑOS | PALENCIA
37179,MD,VALLADOLID-CAMPO GRANDE | PALENCIA | LEÓN | VEGUELLINA | ASTORGA | VEGA-MAGAZ | BRAÑUELAS | TORRE DEL BIERZO | BEMBIBRE | SAN MIGUEL DE LAS DUEÑAS | PONFERRADA
04179,Intercity,MADRID-CHAMARTÍN-CLARA CAMPOAMOR | SEGOVIA-GUIOMAR | VALLADOLID-CAMPO GRANDE | PALENCIA | LEÓN | VEGUELLINA | ASTORGA | VEGA-MAGAZ | BRAÑUELAS | TORRE DEL BIERZO | BEMBIBRE | SAN MIGUEL DE LAS DUEÑAS | PONFERRADA
18003,MD,MADRID-PRÍNCIPE PÍO | VILLALBA DE GUADARRAMA | EL ESCORIAL | ÁVILA | ARÉVALO | MEDINA DEL CAMPO | VALLADOLID-CAMPO GRANDE | VENTA DE BAÑOS | PALENCIA | PAREDES DE NAVA | VILLADA | SAHAGÚN | LEÓN
38303,PROXIMDAD,MEDINA DEL CAMPO | VALLADOLID-CAMPO GRANDE | VENTA DE BAÑOS | PALENCIA
18219,PROXIMDAD,VALLADOLID-CAMPO GRANDE | VALLADOLID UNIVERSIDAD | CABEZÓN DEL PISUERGA | CORCOS-AGUILAREJO | CUBILLAS DE SANTA MARTA | DUEÑAS | VENTA DE BAÑOS | PALENCIA
04181,ALVIA,ALICANTE/ALACANT-TERMINAL | VILLENA ALTA VELOCIDAD | ALBACETE-LOS LLANOS | CUENCA-FERNANDO ZÓBEL | MADRID-CHAMARTÍN-CLARA CAMPOAMOR | VALLADOLID-CAMPO GRANDE | PALENCIA | LEÓN | POLA DE LENA | MIERES-PUENTE | OVIEDO | GIJÓN-SANZ CRESPO
38065,PROXIMDAD,MEDINA DEL CAMPO | VALLADOLID-CAMPO GRANDE | VENTA DE BAÑOS | PALENCIA
18065,MD,MADRID-PRÍNCIPE PÍO | VILLALBA DE GUADARRAMA | EL ESCORIAL | ZARZALEJO | ROBLEDO DE CHAVELA | SANTA MARÍA DE LA ALAMEDA-PEGUERINOS | LAS NAVAS DEL MARQUÉS | NAVALPERAL | HERRADÓN-LA CAÑADA | ÁVILA | ARÉVALO | MEDINA DEL CAMPO | VALLADOLID-CAMPO GRANDE | VENTA DE BAÑOS | PALENCIA
37193,MD,VALLADOLID-CAMPO GRANDE | PALENCIA | AGUILAR DE CAMPOO | REINOSA | TORRELAVEGA | SANTANDER
04193,ALVIA,MADRID-CHAMARTÍN-CLARA CAMPOAMOR | VALLADOLID-CAMPO GRANDE | PALENCIA | AGUILAR DE CAMPOO | REINOSA | TORRELAVEGA | SANTANDER
18005,MD,MADRID-PRÍNCIPE PÍO | VILLALBA DE GUADARRAMA | EL ESCORIAL | ZARZALEJO | ROBLEDO DE CHAVELA | SANTA MARÍA DE LA ALAMEDA-PEGUERINOS | LAS NAVAS DEL MARQUÉS | NAVALPERAL | HERRADÓN-LA CAÑADA | ÁVILA | ARÉVALO | MEDINA DEL CAMPO | VALLADOLID-CAMPO GRANDE | VENTA DE BAÑOS | PALENCIA | PAREDES DE NAVA | VILLADA | SAHAGÚN | LEÓN
38005,PROXIMDAD,MEDINA DEL CAMPO | VALLADOLID-CAMPO GRANDE | VENTA DE BAÑOS | PALENCIA
05183,AVE,ALICANTE/ALACANT-TERMINAL | ALBACETE-LOS LLANOS | CUENCA-FERNANDO ZÓBEL | MADRID-CHAMARTÍN-CLARA CAMPOAMOR | VALLADOLID-CAMPO GRANDE | PALENCIA | LEÓN
18007,MD,MADRID-PRÍNCIPE PÍO | VILLALBA DE GUADARRAMA | EL ESCORIAL | ZARZALEJO | ROBLEDO DE CHAVELA | SANTA MARÍA DE LA ALAMEDA-PEGUERINOS | LAS NAVAS DEL MARQUÉS | NAVALPERAL | HERRADÓN-LA CAÑADA | ÁVILA | ARÉVALO | MEDINA DEL CAMPO | VALLADOLID-CAMPO GRANDE | DUEÑAS | VENTA DE BAÑOS | PALENCIA
18101,REG.EXP.,VALLADOLID-CAMPO GRANDE | VALLADOLID UNIVERSIDAD | CABEZÓN DEL PISUERGA | CORCOS-AGUILAREJO | CUBILLAS DE SANTA MARTA | DUEÑAS | VENTA DE BAÑOS | PALENCIA | EL CARRIÓN | PIÑA | FRÓMISTA | OSORNO | ESPINOSA DE VILLAGONZALO | HERRERA DE PISUERGA | ALAR DEL REY | AGUILAR DE CAMPOO | MATAPORQUERA | REINOSA | BÁRCENA | LOS CORRALES DE BUELNA | TORRELAVEGA | RENEDO | MALIAÑO | VALDECILLA | SANTANDER
18105,REG.EXP.,VALLADOLID-CAMPO GRANDE | VALLADOLID UNIVERSIDAD | CABEZÓN DEL PISUERGA | CORCOS-AGUILAREJO | CUBILLAS DE SANTA MARTA | DUEÑAS | VENTA DE BAÑOS | PALENCIA | MONZÓN DE CAMPOS | EL CARRIÓN | AMUSCO | PIÑA | FRÓMISTA | OSORNO | ESPINOSA DE VILLAGONZALO | HERRERA DE PISUERGA | ALAR DEL REY | MAVE | AGUILAR DE CAMPOO | QUINTANILLA DE LAS TORRES | MATAPORQUERA | REINOSA | BÁRCENA | LOS CORRALES DE BUELNA | TORRELAVEGA | RENEDO | MALIAÑO | VALDECILLA | SANTANDER
18101,REG.EXP.,VALLADOLID-CAMPO GRANDE | VALLADOLID UNIVERSIDAD | CABEZÓN DEL PISUERGA | CORCOS-AGUILAREJO | CUBILLAS DE SANTA MARTA | DUEÑAS | VENTA DE BAÑOS | PALENCIA | EL CARRIÓN | PIÑA | FRÓMISTA | OSORNO | ESPINOSA DE VILLAGONZALO | HERRERA DE PISUERGA | ALAR DEL REY | AGUILAR DE CAMPOO | MATAPORQUERA | REINOSA | BÁRCENA | LOS CORRALES DE BUELNA | TORRELAVEGA | RENEDO | MALIAÑO | VALDECILLA | SANTANDER
18105,REG.EXP.,VALLADOLID-CAMPO GRANDE | VALLADOLID UNIVERSIDAD | CABEZÓN DEL PISUERGA | CORCOS-AGUILAREJO | CUBILLAS DE SANTA MARTA | DUEÑAS | VENTA DE BAÑOS | PALENCIA | MONZÓN DE CAMPOS | EL CARRIÓN | AMUSCO | PIÑA | FRÓMISTA | OSORNO | ESPINOSA DE VILLAGONZALO | HERRERA DE PISUERGA | ALAR DEL REY | MAVE | AGUILAR DE CAMPOO | QUINTANILLA DE LAS TORRES | MATAPORQUERA | REINOSA | BÁRCENA | LOS CORRALES DE BUELNA | TORRELAVEGA | RENEDO | MALIAÑO | VALDECILLA | SANTANDER
12101,REGIONAL,VALLADOLID-CAMPO GRANDE | VALLADOLID UNIVERSIDAD | CABEZÓN DEL PISUERGA | DUEÑAS | VENTA DE BAÑOS | PALENCIA | PAREDES DE NAVA | VILLADA | GRAJAL | SAHAGÚN | EL BURGO RANERO | PALANQUINOS | LEÓN | LA ROBLA | LA POLA DE GORDÓN | SANTA LUCÍA | VILLAMANÍN | BUSDONGO | LINARES-CONGOSTINAS | PUENTE DE LOS FIERROS | CAMPOMANES | POLA DE LENA | UJO | MIERES-PUENTE | LLAMAQUIQUE | OVIEDO | CALZADA DE ASTURIAS | GIJÓN-SANZ CRESPO
18003,MD,MADRID-PRÍNCIPE PÍO | VILLALBA DE GUADARRAMA | EL ESCORIAL | ÁVILA | ARÉVALO | MEDINA DEL CAMPO | VALLADOLID-CAMPO GRANDE | VENTA DE BAÑOS | PALENCIA | PAREDES DE NAVA | VILLADA | SAHAGÚN | LEÓN
18005,MD,MADRID-PRÍNCIPE PÍO | VILLALBA DE GUADARRAMA | EL ESCORIAL | ZARZALEJO | ROBLEDO DE CHAVELA | SANTA MARÍA DE LA ALAMEDA-PEGUERINOS | LAS NAVAS DEL MARQUÉS | NAVALPERAL | HERRADÓN-LA CAÑADA | ÁVILA | ARÉVALO | MEDINA DEL CAMPO | VALLADOLID-CAMPO GRANDE | VENTA DE BAÑOS | PALENCIA | PAREDES DE NAVA | VILLADA | SAHAGÚN | LEÓN
18105,REG.EXP.,VALLADOLID-CAMPO GRANDE | VALLADOLID UNIVERSIDAD | CABEZÓN DEL PISUERGA | CORCOS-AGUILAREJO | CUBILLAS DE SANTA MARTA | DUEÑAS | VENTA DE BAÑOS | PALENCIA | MONZÓN DE CAMPOS | EL CARRIÓN | AMUSCO | PIÑA | FRÓMISTA | OSORNO | ESPINOSA DE VILLAGONZALO | HERRERA DE PISUERGA | ALAR DEL REY | MAVE | AGUILAR DE CAMPOO | QUINTANILLA DE LAS TORRES | MATAPORQUERA | REINOSA | BÁRCENA | LOS CORRALES DE BUELNA | TORRELAVEGA | RENEDO | MALIAÑO | VALDECILLA | SANTANDER
18065,MD,MADRID-PRÍNCIPE PÍO | VILLALBA DE GUADARRAMA | EL ESCORIAL | ZARZALEJO | ROBLEDO DE CHAVELA | SANTA MARÍA DE LA ALAMEDA-PEGUERINOS | LAS NAVAS DEL MARQUÉS | NAVALPERAL | HERRADÓN-LA CAÑADA | ÁVILA | ARÉVALO | MEDINA DEL CAMPO | VALLADOLID-CAMPO GRANDE | VENTA DE BAÑOS | MAGAZ | QUINTANA DEL PUENTE | VILLAQUIRÁN | BURGOS-ROSA MANZANO | BRIVIESCA | MIRANDA DE EBRO | VITORIA-GASTEIZ | ALEGRÍA-DULANTZI | AGURAIN-SALVATIERRA DE ÁLAVA | ARAIA | ALTSASU
12101,REGIONAL,VALLADOLID-CAMPO GRANDE | VALLADOLID UNIVERSIDAD | CABEZÓN DEL PISUERGA | DUEÑAS | VENTA DE BAÑOS | PALENCIA | PAREDES DE NAVA | VILLADA | GRAJAL | SAHAGÚN | EL BURGO RANERO | PALANQUINOS | LEÓN | LA ROBLA | LA POLA DE GORDÓN | SANTA LUCÍA | VILLAMANÍN | BUSDONGO | LINARES-CONGOSTINAS | PUENTE DE LOS FIERROS | CAMPOMANES | POLA DE LENA | UJO | MIERES-PUENTE | LLAMAQUIQUE | OVIEDO | CALZADA DE ASTURIAS | GIJÓN-SANZ CRESPO
18003,MD,MADRID-PRÍNCIPE PÍO | VILLALBA DE GUADARRAMA | EL ESCORIAL | ÁVILA | ARÉVALO | MEDINA DEL CAMPO | VALLADOLID-CAMPO GRANDE | VENTA DE BAÑOS | PALENCIA | PAREDES DE NAVA | VILLADA | SAHAGÚN | LEÓN
18005,MD,MADRID-PRÍNCIPE PÍO | VILLALBA DE GUADARRAMA | EL ESCORIAL | ZARZALEJO | ROBLEDO DE CHAVELA | SANTA MARÍA DE LA ALAMEDA-PEGUERINOS | LAS NAVAS DEL MARQUÉS | NAVALPERAL | HERRADÓN-LA CAÑADA | ÁVILA | ARÉVALO | MEDINA DEL CAMPO | VALLADOLID-CAMPO GRANDE | VENTA DE BAÑOS | PALENCIA | PAREDES DE NAVA | VILLADA | SAHAGÚN | LEÓN
18300,REG.EXP.,VALLADOLID-CAMPO GRANDE | VIANA | VALDESTILLAS | MATAPOZUELOS | POZALDEZ | MEDINA DEL CAMPO | EL CARPIO | FRESNO EL VIEJO | CANTALAPIEDRA | EL PEDROSO DE LA ARMUÑA | PITIEGUA | GOMECELLO | MORISCOS | SALAMANCA | SALAMANCA-LA ALAMEDILLA
18308,MD,PALENCIA | VENTA DE BAÑOS | DUEÑAS | VALLADOLID UNIVERSIDAD | VALLADOLID-CAMPO GRANDE | MEDINA DEL CAMPO | CAMPILLO | EL CARPIO | FRESNO EL VIEJO | CANTALAPIEDRA | EL PEDROSO DE LA ARMUÑA | GOMECELLO | SALAMANCA | SALAMANCA-LA ALAMEDILLA
18318,REG.EXP.,VALLADOLID-CAMPO GRANDE | VIANA | VALDESTILLAS | MATAPOZUELOS | POZALDEZ | MEDINA DEL CAMPO | EL CARPIO | FRESNO EL VIEJO | CANTALAPIEDRA | GOMECELLO | SALAMANCA | SALAMANCA-LA ALAMEDILLA
18101,REG.EXP.,VALLADOLID-CAMPO GRANDE | VALLADOLID UNIVERSIDAD | CABEZÓN DEL PISUERGA | CORCOS-AGUILAREJO | CUBILLAS DE SANTA MARTA | DUEÑAS | VENTA DE BAÑOS | PALENCIA | EL CARRIÓN | PIÑA | FRÓMISTA | OSORNO | ESPINOSA DE VILLAGONZALO | HERRERA DE PISUERGA | ALAR DEL REY | AGUILAR DE CAMPOO | MATAPORQUERA | REINOSA | BÁRCENA | LOS CORRALES DE BUELNA | TORRELAVEGA | RENEDO | MALIAÑO | VALDECILLA | SANTANDER
18105,REG.EXP.,VALLADOLID-CAMPO GRANDE | VALLADOLID UNIVERSIDAD | CABEZÓN DEL PISUERGA | CORCOS-AGUILAREJO | CUBILLAS DE SANTA MARTA | DUEÑAS | VENTA DE BAÑOS | PALENCIA | MONZÓN DE CAMPOS | EL CARRIÓN | AMUSCO | PIÑA | FRÓMISTA | OSORNO | ESPINOSA DE VILLAGONZALO | HERRERA DE PISUERGA | ALAR DEL REY | MAVE | AGUILAR DE CAMPOO | QUINTANILLA DE LAS TORRES | MATAPORQUERA | REINOSA | BÁRCENA | LOS CORRALES DE BUELNA | TORRELAVEGA | RENEDO | MALIAÑO | VALDECILLA | SANTANDER
18101,REG.EXP.,VALLADOLID-CAMPO GRANDE | VALLADOLID UNIVERSIDAD | CABEZÓN DEL PISUERGA | CORCOS-AGUILAREJO | CUBILLAS DE SANTA MARTA | DUEÑAS | VENTA DE BAÑOS | PALENCIA | EL CARRIÓN | PIÑA | FRÓMISTA | OSORNO | ESPINOSA DE VILLAGONZALO | HERRERA DE PISUERGA | ALAR DEL REY | AGUILAR DE CAMPOO | MATAPORQUERA | REINOSA | BÁRCENA | LOS CORRALES DE BUELNA | TORRELAVEGA | RENEDO | MALIAÑO | VALDECILLA | SANTANDER
18105,REG.EXP.,VALLADOLID-CAMPO GRANDE | VALLADOLID UNIVERSIDAD | CABEZÓN DEL PISUERGA | CORCOS-AGUILAREJO | CUBILLAS DE SANTA MARTA | DUEÑAS | VENTA DE BAÑOS | PALENCIA | MONZÓN DE CAMPOS | EL CARRIÓN | AMUSCO | PIÑA | FRÓMISTA | OSORNO | ESPINOSA DE VILLAGONZALO | HERRERA DE PISUERGA | ALAR DEL REY | MAVE | AGUILAR DE CAMPOO | QUINTANILLA DE LAS TORRES | MATAPORQUERA | REINOSA | BÁRCENA | LOS CORRALES DE BUELNA | TORRELAVEGA | RENEDO | MALIAÑO | VALDECILLA | SANTANDER
18300,REG.EXP.,VALLADOLID-CAMPO GRANDE | VIANA | VALDESTILLAS | MATAPOZUELOS | POZALDEZ | MEDINA DEL CAMPO | EL CARPIO | FRESNO EL VIEJO | CANTALAPIEDRA | EL PEDROSO DE LA ARMUÑA | PITIEGUA | GOMECELLO | MORISCOS | SALAMANCA | SALAMANCA-LA ALAMEDILLA
38300,PROXIMDAD,VALLADOLID-CAMPO GRANDE | VIANA | VALDESTILLAS | MATAPOZUELOS | POZALDEZ | MEDINA DEL CAMPO
17218,REG.EXP.,VALLADOLID-CAMPO GRANDE | VIANA | VALDESTILLAS | MATAPOZUELOS | POZALDEZ | MEDINA DEL CAMPO | ARÉVALO | ÁVILA
38218,PROXIMDAD,VALLADOLID-CAMPO GRANDE | VIANA | VALDESTILLAS | MATAPOZUELOS | POZALDEZ | MEDINA DEL CAMPO
18004,MD,VALLADOLID-CAMPO GRANDE | VIANA | VALDESTILLAS | MATAPOZUELOS | POZALDEZ | MEDINA DEL CAMPO | ARÉVALO | ÁVILA | HERRADÓN-LA CAÑADA | NAVALPERAL | LAS NAVAS DEL MARQUÉS | SANTA MARÍA DE LA ALAMEDA-PEGUERINOS | ROBLEDO DE CHAVELA | ZARZALEJO | EL ESCORIAL | VILLALBA DE GUADARRAMA | MADRID-PRÍNCIPE PÍO
38004,PROXIMDAD,VALLADOLID-CAMPO GRANDE | VIANA | VALDESTILLAS | MATAPOZUELOS | POZALDEZ | MEDINA DEL CAMPO
18218,PROXIMDAD,PALENCIA | VENTA DE BAÑOS | DUEÑAS | CUBILLAS DE SANTA MARTA | CORCOS-AGUILAREJO | CABEZÓN DEL PISUERGA | VALLADOLID UNIVERSIDAD | VALLADOLID-CAMPO GRANDE | VIANA | VALDESTILLAS | MATAPOZUELOS | POZALDEZ | MEDINA DEL CAMPO
18322,REG.EXP.,VALLADOLID-CAMPO GRANDE | VIANA | VALDESTILLAS | MATAPOZUELOS | POZALDEZ | MEDINA DEL CAMPO | NAVA DEL REY | TORO | ZAMORA | CARBAJALES DE ALBA | FERRERUELA DE TÁBARA | ABEJERA | SARRACÍN DE ALISTE | CABAÑAS DE ALISTE | LINAREJOS-PEDROSO | PUEBLA DE SANABRIA
38322,PROXIMDAD,VALLADOLID-CAMPO GRANDE | VIANA | VALDESTILLAS | MATAPOZUELOS | MEDINA DEL CAMPO
18318,REG.EXP.,VALLADOLID-CAMPO GRANDE | VIANA | VALDESTILLAS | MATAPOZUELOS | POZALDEZ | MEDINA DEL CAMPO | EL CARPIO | FRESNO EL VIEJO | CANTALAPIEDRA | GOMECELLO | SALAMANCA | SALAMANCA-LA ALAMEDILLA
38318,PROXIMDAD,VALLADOLID-CAMPO GRANDE | VIANA | VALDESTILLAS | MATAPOZUELOS | POZALDEZ | MEDINA DEL CAMPO
17200,REG.EXP.,VALLADOLID-CAMPO GRANDE | VIANA | VALDESTILLAS | MATAPOZUELOS | POZALDEZ | MEDINA DEL CAMPO | ARÉVALO | ÁVILA
38200,PROXIMDAD,VALLADOLID-CAMPO GRANDE | VIANA | VALDESTILLAS | MATAPOZUELOS | POZALDEZ | MEDINA DEL CAMPO
37432,MD,VALLADOLID-CAMPO GRANDE | VIANA | VALDESTILLAS | MATAPOZUELOS | POZALDEZ | MEDINA DEL CAMPO | SALAMANCA
00632,Intercity,ZARAGOZA DELICIAS | PAMPLONA/IRUÑA | VITORIA-GASTEIZ | MIRANDA DE EBRO | BURGOS-ROSA MANZANO | VALLADOLID-CAMPO GRANDE | VIANA | VALDESTILLAS | MATAPOZUELOS | POZALDEZ | MEDINA DEL CAMPO | SALAMANCA
17226,PROXIMDAD,VALLADOLID-CAMPO GRANDE | VIANA | VALDESTILLAS | MATAPOZUELOS | POZALDEZ | MEDINA DEL CAMPO
18306,MD,SALAMANCA | MORISCOS | GOMECELLO | PITIEGUA | EL PEDROSO DE LA ARMUÑA | CANTALAPIEDRA | FRESNO EL VIEJO | EL CARPIO | MEDINA DEL CAMPO | POZALDEZ | MATAPOZUELOS | VALDESTILLAS | VIANA | VALLADOLID-CAMPO GRANDE | VALLADOLID UNIVERSIDAD | VENTA DE BAÑOS | PALENCIA
38306,PROXIMDAD,MEDINA DEL CAMPO | POZALDEZ | MATAPOZUELOS | VALDESTILLAS | VIANA | VALLADOLID-CAMPO GRANDE | VALLADOLID UNIVERSIDAD | VENTA DE BAÑOS | PALENCIA
18322,REG.EXP.,VALLADOLID-CAMPO GRANDE | VIANA | VALDESTILLAS | MATAPOZUELOS | POZALDEZ | MEDINA DEL CAMPO | NAVA DEL REY | TORO | ZAMORA | CARBAJALES DE ALBA | FERRERUELA DE TÁBARA | ABEJERA | SARRACÍN DE ALISTE | CABAÑAS DE ALISTE | LINAREJOS-PEDROSO | PUEBLA DE SANABRIA
17201,REG.EXP.,ÁVILA | ARÉVALO | MEDINA DEL CAMPO | POZALDEZ | MATAPOZUELOS | VALDESTILLAS | VIANA | VALLADOLID-CAMPO GRANDE | VALLADOLID UNIVERSIDAD
38301,PROXIMDAD,MEDINA DEL CAMPO | POZALDEZ | MATAPOZUELOS | VALDESTILLAS | VIANA | VALLADOLID-CAMPO GRANDE | VALLADOLID UNIVERSIDAD
18306,MD,SALAMANCA | MORISCOS | GOMECELLO | PITIEGUA | EL PEDROSO DE LA ARMUÑA | CANTALAPIEDRA | FRESNO EL VIEJO | EL CARPIO | MEDINA DEL CAMPO | POZALDEZ | MATAPOZUELOS | VALDESTILLAS | VIANA | VALLADOLID-CAMPO GRANDE | VALLADOLID UNIVERSIDAD | VENTA DE BAÑOS | PALENCIA
38306,PROXIMDAD,MEDINA DEL CAMPO | POZALDEZ | MATAPOZUELOS | VALDESTILLAS | VIANA | VALLADOLID-CAMPO GRANDE | VALLADOLID UNIVERSIDAD | VENTA DE BAÑOS | PALENCIA
17227,PROXIMDAD,MEDINA DEL CAMPO | POZALDEZ | MATAPOZUELOS | VALDESTILLAS | VIANA | VALLADOLID-CAMPO GRANDE
17201,REG.EXP.,ÁVILA | ARÉVALO | MEDINA DEL CAMPO | POZALDEZ | MATAPOZUELOS | VALDESTILLAS | VIANA | VALLADOLID-CAMPO GRANDE | VALLADOLID UNIVERSIDAD
38301,PROXIMDAD,MEDINA DEL CAMPO | POZALDEZ | MATAPOZUELOS | VALDESTILLAS | VIANA | VALLADOLID-CAMPO GRANDE | VALLADOLID UNIVERSIDAD
18321,REG.EXP.,PUEBLA DE SANABRIA | LINAREJOS-PEDROSO | CABAÑAS DE ALISTE | SARRACÍN DE ALISTE | ABEJERA | FERRERUELA DE TÁBARA | CARBAJALES DE ALBA | ZAMORA | TORO | NAVA DEL REY | MEDINA DEL CAMPO | POZALDEZ | MATAPOZUELOS | VALDESTILLAS | VIANA | VALLADOLID-CAMPO GRANDE
38321,PROXIMDAD,MEDINA DEL CAMPO | POZALDEZ | MATAPOZUELOS | VALDESTILLAS | VIANA | VALLADOLID-CAMPO GRANDE
18302,REG.EXP.,SALAMANCA | MEDINA DEL CAMPO | POZALDEZ | MATAPOZUELOS | VALDESTILLAS | VIANA | VALLADOLID-CAMPO GRANDE
18306,MD,SALAMANCA | MORISCOS | GOMECELLO | PITIEGUA | EL PEDROSO DE LA ARMUÑA | CANTALAPIEDRA | FRESNO EL VIEJO | EL CARPIO | MEDINA DEL CAMPO | POZALDEZ | MATAPOZUELOS | VALDESTILLAS | VIANA | VALLADOLID-CAMPO GRANDE | VALLADOLID UNIVERSIDAD | VENTA DE BAÑOS | PALENCIA
38306,PROXIMDAD,MEDINA DEL CAMPO | POZALDEZ | MATAPOZUELOS | VALDESTILLAS | VIANA | VALLADOLID-CAMPO GRANDE | VALLADOLID UNIVERSIDAD | VENTA DE BAÑOS | PALENCIA
17221,REG.EXP.,ÁVILA | ARÉVALO | MEDINA DEL CAMPO | POZALDEZ | MATAPOZUELOS | VALDESTILLAS | VIANA | VALLADOLID-CAMPO GRANDE
38221,PROXIMDAD,MEDINA DEL CAMPO | POZALDEZ | MATAPOZUELOS | VALDESTILLAS | VIANA | VALLADOLID-CAMPO GRANDE
17229,PROXIMDAD,MEDINA DEL CAMPO | POZALDEZ | MATAPOZUELOS | VALDESTILLAS | VIANA | VALLADOLID-CAMPO GRANDE
18312,REG.EXP.,SALAMANCA | GOMECELLO | PITIEGUA | EL PEDROSO DE LA ARMUÑA | CANTALAPIEDRA | FRESNO EL VIEJO | EL CARPIO | CAMPILLO | MEDINA DEL CAMPO | POZALDEZ | MATAPOZUELOS | VALDESTILLAS | VIANA | VALLADOLID-CAMPO GRANDE
38312,PROXIMDAD,MEDINA DEL CAMPO | POZALDEZ | MATAPOZUELOS | VALDESTILLAS | VIANA | VALLADOLID-CAMPO GRANDE
18300,REG.EXP.,VALLADOLID-CAMPO GRANDE | VIANA | VALDESTILLAS | MATAPOZUELOS | POZALDEZ | MEDINA DEL CAMPO | EL CARPIO | FRESNO EL VIEJO | CANTALAPIEDRA | EL PEDROSO DE LA ARMUÑA | PITIEGUA | GOMECELLO | MORISCOS | SALAMANCA | SALAMANCA-LA ALAMEDILLA
18318,REG.EXP.,VALLADOLID-CAMPO GRANDE | VIANA | VALDESTILLAS | MATAPOZUELOS | POZALDEZ | MEDINA DEL CAMPO | EL CARPIO | FRESNO EL VIEJO | CANTALAPIEDRA | GOMECELLO | SALAMANCA | SALAMANCA-LA ALAMEDILLA
18300,REG.EXP.,VALLADOLID-CAMPO GRANDE | VIANA | VALDESTILLAS | MATAPOZUELOS | POZALDEZ | MEDINA DEL CAMPO | EL CARPIO | FRESNO EL VIEJO | CANTALAPIEDRA | EL PEDROSO DE LA ARMUÑA | PITIEGUA | GOMECELLO | MORISCOS | SALAMANCA | SALAMANCA-LA ALAMEDILLA
38300,PROXIMDAD,VALLADOLID-CAMPO GRANDE | VIANA | VALDESTILLAS | MATAPOZUELOS | POZALDEZ | MEDINA DEL CAMPO
17218,REG.EXP.,VALLADOLID-CAMPO GRANDE | VIANA | VALDESTILLAS | MATAPOZUELOS | POZALDEZ | MEDINA DEL CAMPO | ARÉVALO | ÁVILA
38218,PROXIMDAD,VALLADOLID-CAMPO GRANDE | VIANA | VALDESTILLAS | MATAPOZUELOS | POZALDEZ | MEDINA DEL CAMPO
18004,MD,VALLADOLID-CAMPO GRANDE | VIANA | VALDESTILLAS | MATAPOZUELOS | POZALDEZ | MEDINA DEL CAMPO | ARÉVALO | ÁVILA | HERRADÓN-LA CAÑADA | NAVALPERAL | LAS NAVAS DEL MARQUÉS | SANTA MARÍA DE LA ALAMEDA-PEGUERINOS | ROBLEDO DE CHAVELA | ZARZALEJO | EL ESCORIAL | VILLALBA DE GUADARRAMA | MADRID-PRÍNCIPE PÍO
38004,PROXIMDAD,VALLADOLID-CAMPO GRANDE | VIANA | VALDESTILLAS | MATAPOZUELOS | POZALDEZ | MEDINA DEL CAMPO
18218,PROXIMDAD,PALENCIA | VENTA DE BAÑOS | DUEÑAS | CUBILLAS DE SANTA MARTA | CORCOS-AGUILAREJO | CABEZÓN DEL PISUERGA | VALLADOLID UNIVERSIDAD | VALLADOLID-CAMPO GRANDE | VIANA | VALDESTILLAS | MATAPOZUELOS | POZALDEZ | MEDINA DEL CAMPO
18322,REG.EXP.,VALLADOLID-CAMPO GRANDE | VIANA | VALDESTILLAS | MATAPOZUELOS | POZALDEZ | MEDINA DEL CAMPO | NAVA DEL REY | TORO | ZAMORA | CARBAJALES DE ALBA | FERRERUELA DE TÁBARA | ABEJERA | SARRACÍN DE ALISTE | CABAÑAS DE ALISTE | LINAREJOS-PEDROSO | PUEBLA DE SANABRIA
18318,REG.EXP.,VALLADOLID-CAMPO GRANDE | VIANA | VALDESTILLAS | MATAPOZUELOS | POZALDEZ | MEDINA DEL CAMPO | EL CARPIO | FRESNO EL VIEJO | CANTALAPIEDRA | GOMECELLO | SALAMANCA | SALAMANCA-LA ALAMEDILLA
38318,PROXIMDAD,VALLADOLID-CAMPO GRANDE | VIANA | VALDESTILLAS | MATAPOZUELOS | POZALDEZ | MEDINA DEL CAMPO
17200,REG.EXP.,VALLADOLID-CAMPO GRANDE | VIANA | VALDESTILLAS | MATAPOZUELOS | POZALDEZ | MEDINA DEL CAMPO | ARÉVALO | ÁVILA
38200,PROXIMDAD,VALLADOLID-CAMPO GRANDE | VIANA | VALDESTILLAS | MATAPOZUELOS | POZALDEZ | MEDINA DEL CAMPO
37432,MD,VALLADOLID-CAMPO GRANDE | VIANA | VALDESTILLAS | MATAPOZUELOS | POZALDEZ | MEDINA DEL CAMPO | SALAMANCA
00632,Intercity,ZARAGOZA DELICIAS | PAMPLONA/IRUÑA | VITORIA-GASTEIZ | MIRANDA DE EBRO | BURGOS-ROSA MANZANO | VALLADOLID-CAMPO GRANDE | VIANA | VALDESTILLAS | MATAPOZUELOS | POZALDEZ | MEDINA DEL CAMPO | SALAMANCA
17226,PROXIMDAD,VALLADOLID-CAMPO GRANDE | VIANA | VALDESTILLAS | MATAPOZUELOS | POZALDEZ | MEDINA DEL CAMPO
18300,REG.EXP.,VALLADOLID-CAMPO GRANDE | VIANA | VALDESTILLAS | MATAPOZUELOS | POZALDEZ | MEDINA DEL CAMPO | EL CARPIO | FRESNO EL VIEJO | CANTALAPIEDRA | EL PEDROSO DE LA ARMUÑA | PITIEGUA | GOMECELLO | MORISCOS | SALAMANCA | SALAMANCA-LA ALAMEDILLA
38300,PROXIMDAD,VALLADOLID-CAMPO GRANDE | VIANA | VALDESTILLAS | MATAPOZUELOS | POZALDEZ | MEDINA DEL CAMPO
17218,REG.EXP.,VALLADOLID-CAMPO GRANDE | VIANA | VALDESTILLAS | MATAPOZUELOS | POZALDEZ | MEDINA DEL CAMPO | ARÉVALO | ÁVILA
38218,PROXIMDAD,VALLADOLID-CAMPO GRANDE | VIANA | VALDESTILLAS | MATAPOZUELOS | POZALDEZ | MEDINA DEL CAMPO
18004,MD,VALLADOLID-CAMPO GRANDE | VIANA | VALDESTILLAS | MATAPOZUELOS | POZALDEZ | MEDINA DEL CAMPO | ARÉVALO | ÁVILA | HERRADÓN-LA CAÑADA | NAVALPERAL | LAS NAVAS DEL MARQUÉS | SANTA MARÍA DE LA ALAMEDA-PEGUERINOS | ROBLEDO DE CHAVELA | ZARZALEJO | EL ESCORIAL | VILLALBA DE GUADARRAMA | MADRID-PRÍNCIPE PÍO
38004,PROXIMDAD,VALLADOLID-CAMPO GRANDE | VIANA | VALDESTILLAS | MATAPOZUELOS | POZALDEZ | MEDINA DEL CAMPO
18218,PROXIMDAD,PALENCIA | VENTA DE BAÑOS | DUEÑAS | CUBILLAS DE SANTA MARTA | CORCOS-AGUILAREJO | CABEZÓN DEL PISUERGA | VALLADOLID UNIVERSIDAD | VALLADOLID-CAMPO GRANDE | VIANA | VALDESTILLAS | MATAPOZUELOS | POZALDEZ | MEDINA DEL CAMPO
18322,REG.EXP.,VALLADOLID-CAMPO GRANDE | VIANA | VALDESTILLAS | MATAPOZUELOS | POZALDEZ | MEDINA DEL CAMPO | NAVA DEL REY | TORO | ZAMORA | CARBAJALES DE ALBA | FERRERUELA DE TÁBARA | ABEJERA | SARRACÍN DE ALISTE | CABAÑAS DE ALISTE | LINAREJOS-PEDROSO | PUEBLA DE SANABRIA
38322,PROXIMDAD,VALLADOLID-CAMPO GRANDE | VIANA | VALDESTILLAS | MATAPOZUELOS | MEDINA DEL CAMPO
18318,REG.EXP.,VALLADOLID-CAMPO GRANDE | VIANA | VALDESTILLAS | MATAPOZUELOS | POZALDEZ | MEDINA DEL CAMPO | EL CARPIO | FRESNO EL VIEJO | CANTALAPIEDRA | GOMECELLO | SALAMANCA | SALAMANCA-LA ALAMEDILLA
38318,PROXIMDAD,VALLADOLID-CAMPO GRANDE | VIANA | VALDESTILLAS | MATAPOZUELOS | POZALDEZ | MEDINA DEL CAMPO
17200,REG.EXP.,VALLADOLID-CAMPO GRANDE | VIANA | VALDESTILLAS | MATAPOZUELOS | POZALDEZ | MEDINA DEL CAMPO | ARÉVALO | ÁVILA
38200,PROXIMDAD,VALLADOLID-CAMPO GRANDE | VIANA | VALDESTILLAS | MATAPOZUELOS | POZALDEZ | MEDINA DEL CAMPO
37432,MD,VALLADOLID-CAMPO GRANDE | VIANA | VALDESTILLAS | MATAPOZUELOS | POZALDEZ | MEDINA DEL CAMPO | SALAMANCA
00632,Intercity,ZARAGOZA DELICIAS | PAMPLONA/IRUÑA | VITORIA-GASTEIZ | MIRANDA DE EBRO | BURGOS-ROSA MANZANO | VALLADOLID-CAMPO GRANDE | VIANA | VALDESTILLAS | MATAPOZUELOS | POZALDEZ | MEDINA DEL CAMPO | SALAMANCA
17226,PROXIMDAD,VALLADOLID-CAMPO GRANDE | VIANA | VALDESTILLAS | MATAPOZUELOS | POZALDEZ | MEDINA DEL CAMPO
18306,MD,SALAMANCA | MORISCOS | GOMECELLO | PITIEGUA | EL PEDROSO DE LA ARMUÑA | CANTALAPIEDRA | FRESNO EL VIEJO | EL CARPIO | MEDINA DEL CAMPO | POZALDEZ | MATAPOZUELOS | VALDESTILLAS | VIANA | VALLADOLID-CAMPO GRANDE | VALLADOLID UNIVERSIDAD | VENTA DE BAÑOS | PALENCIA
38306,PROXIMDAD,MEDINA DEL CAMPO | POZALDEZ | MATAPOZUELOS | VALDESTILLAS | VIANA | VALLADOLID-CAMPO GRANDE | VALLADOLID UNIVERSIDAD | VENTA DE BAÑOS | PALENCIA
18300,REG.EXP.,VALLADOLID-CAMPO GRANDE | VIANA | VALDESTILLAS | MATAPOZUELOS | POZALDEZ | MEDINA DEL CAMPO | EL CARPIO | FRESNO EL VIEJO | CANTALAPIEDRA | EL PEDROSO DE LA ARMUÑA | PITIEGUA | GOMECELLO | MORISCOS | SALAMANCA | SALAMANCA-LA ALAMEDILLA
18318,REG.EXP.,VALLADOLID-CAMPO GRANDE | VIANA | VALDESTILLAS | MATAPOZUELOS | POZALDEZ | MEDINA DEL CAMPO | EL CARPIO | FRESNO EL VIEJO | CANTALAPIEDRA | GOMECELLO | SALAMANCA | SALAMANCA-LA ALAMEDILLA
17227,PROXIMDAD,MEDINA DEL CAMPO | POZALDEZ | MATAPOZUELOS | VALDESTILLAS | VIANA | VALLADOLID-CAMPO GRANDE
17201,REG.EXP.,ÁVILA | ARÉVALO | MEDINA DEL CAMPO | POZALDEZ | MATAPOZUELOS | VALDESTILLAS | VIANA | VALLADOLID-CAMPO GRANDE | VALLADOLID UNIVERSIDAD
38301,PROXIMDAD,MEDINA DEL CAMPO | POZALDEZ | MATAPOZUELOS | VALDESTILLAS | VIANA | VALLADOLID-CAMPO GRANDE | VALLADOLID UNIVERSIDAD
18321,REG.EXP.,PUEBLA DE SANABRIA | LINAREJOS-PEDROSO | CABAÑAS DE ALISTE | SARRACÍN DE ALISTE | ABEJERA | FERRERUELA DE TÁBARA | CARBAJALES DE ALBA | ZAMORA | TORO | NAVA DEL REY | MEDINA DEL CAMPO | POZALDEZ | MATAPOZUELOS | VALDESTILLAS | VIANA | VALLADOLID-CAMPO GRANDE
38321,PROXIMDAD,MEDINA DEL CAMPO | POZALDEZ | MATAPOZUELOS | VALDESTILLAS | VIANA | VALLADOLID-CAMPO GRANDE
18302,REG.EXP.,SALAMANCA | MEDINA DEL CAMPO | POZALDEZ | MATAPOZUELOS | VALDESTILLAS | VIANA | VALLADOLID-CAMPO GRANDE
18306,MD,SALAMANCA | MORISCOS | GOMECELLO | PITIEGUA | EL PEDROSO DE LA ARMUÑA | CANTALAPIEDRA | FRESNO EL VIEJO | EL CARPIO | MEDINA DEL CAMPO | POZALDEZ | MATAPOZUELOS | VALDESTILLAS | VIANA | VALLADOLID-CAMPO GRANDE | VALLADOLID UNIVERSIDAD | VENTA DE BAÑOS | PALENCIA
38306,PROXIMDAD,MEDINA DEL CAMPO | POZALDEZ | MATAPOZUELOS | VALDESTILLAS | VIANA | VALLADOLID-CAMPO GRANDE | VALLADOLID UNIVERSIDAD | VENTA DE BAÑOS | PALENCIA
17221,REG.EXP.,ÁVILA | ARÉVALO | MEDINA DEL CAMPO | POZALDEZ | MATAPOZUELOS | VALDESTILLAS | VIANA | VALLADOLID-CAMPO GRANDE
38221,PROXIMDAD,MEDINA DEL CAMPO | POZALDEZ | MATAPOZUELOS | VALDESTILLAS | VIANA | VALLADOLID-CAMPO GRANDE
17229,PROXIMDAD,MEDINA DEL CAMPO | POZALDEZ | MATAPOZUELOS | VALDESTILLAS | VIANA | VALLADOLID-CAMPO GRANDE
18312,REG.EXP.,SALAMANCA | GOMECELLO | PITIEGUA | EL PEDROSO DE LA ARMUÑA | CANTALAPIEDRA | FRESNO EL VIEJO | EL CARPIO | CAMPILLO | MEDINA DEL CAMPO | POZALDEZ | MATAPOZUELOS | VALDESTILLAS | VIANA | VALLADOLID-CAMPO GRANDE
38312,PROXIMDAD,MEDINA DEL CAMPO | POZALDEZ | MATAPOZUELOS | VALDESTILLAS | VIANA | VALLADOLID-CAMPO GRANDE
18101,REG.EXP.,VALLADOLID-CAMPO GRANDE | VALLADOLID UNIVERSIDAD | CABEZÓN DEL PISUERGA | CORCOS-AGUILAREJO | CUBILLAS DE SANTA MARTA | DUEÑAS | VENTA DE BAÑOS | PALENCIA | EL CARRIÓN | PIÑA | FRÓMISTA | OSORNO | ESPINOSA DE VILLAGONZALO | HERRERA DE PISUERGA | ALAR DEL REY | AGUILAR DE CAMPOO | MATAPORQUERA | REINOSA | BÁRCENA | LOS CORRALES DE BUELNA | TORRELAVEGA | RENEDO | MALIAÑO | VALDECILLA | SANTANDER
18105,REG.EXP.,VALLADOLID-CAMPO GRANDE | VALLADOLID UNIVERSIDAD | CABEZÓN DEL PISUERGA | CORCOS-AGUILAREJO | CUBILLAS DE SANTA MARTA | DUEÑAS | VENTA DE BAÑOS | PALENCIA | MONZÓN DE CAMPOS | EL CARRIÓN | AMUSCO | PIÑA | FRÓMISTA | OSORNO | ESPINOSA DE VILLAGONZALO | HERRERA DE PISUERGA | ALAR DEL REY | MAVE | AGUILAR DE CAMPOO | QUINTANILLA DE LAS TORRES | MATAPORQUERA | REINOSA | BÁRCENA | LOS CORRALES DE BUELNA | TORRELAVEGA | RENEDO | MALIAÑO | VALDECILLA | SANTANDER
18102,REG.EXP.,SANTANDER | VALDECILLA | MALIAÑO | RENEDO | TORRELAVEGA | LOS CORRALES DE BUELNA | BÁRCENA | REINOSA | MATAPORQUERA | QUINTANILLA DE LAS TORRES | AGUILAR DE CAMPOO | MAVE | ALAR DEL REY | HERRERA DE PISUERGA | ESPINOSA DE VILLAGONZALO | OSORNO | FRÓMISTA | PIÑA | AMUSCO | EL CARRIÓN | MONZÓN DE CAMPOS | PALENCIA | VENTA DE BAÑOS | DUEÑAS | CUBILLAS DE SANTA MARTA | CORCOS-AGUILAREJO | CABEZÓN DEL PISUERGA | VALLADOLID UNIVERSIDAD | VALLADOLID-CAMPO GRANDE
18104,REG.EXP.,SANTANDER | VALDECILLA | MALIAÑO | RENEDO | TORRELAVEGA | LOS CORRALES DE BUELNA | BÁRCENA | REINOSA | MATAPORQUERA | AGUILAR DE CAMPOO | ALAR DEL REY | HERRERA DE PISUERGA | ESPINOSA DE VILLAGONZALO | OSORNO | FRÓMISTA | PIÑA | EL CARRIÓN | PALENCIA | VENTA DE BAÑOS | VALLADOLID UNIVERSIDAD | VALLADOLID-CAMPO GRANDE
18102,REG.EXP.,SANTANDER | VALDECILLA | MALIAÑO | RENEDO | TORRELAVEGA | LOS CORRALES DE BUELNA | BÁRCENA | REINOSA | MATAPORQUERA | QUINTANILLA DE LAS TORRES | AGUILAR DE CAMPOO | MAVE | ALAR DEL REY | HERRERA DE PISUERGA | ESPINOSA DE VILLAGONZALO | OSORNO | FRÓMISTA | PIÑA | AMUSCO | EL CARRIÓN | MONZÓN DE CAMPOS | PALENCIA | VENTA DE BAÑOS | DUEÑAS | CUBILLAS DE SANTA MARTA | CORCOS-AGUILAREJO | CABEZÓN DEL PISUERGA | VALLADOLID UNIVERSIDAD | VALLADOLID-CAMPO GRANDE
18104,REG.EXP.,SANTANDER | VALDECILLA | MALIAÑO | RENEDO | TORRELAVEGA | LOS CORRALES DE BUELNA | BÁRCENA | REINOSA | MATAPORQUERA | AGUILAR DE CAMPOO | ALAR DEL REY | HERRERA DE PISUERGA | ESPINOSA DE VILLAGONZALO | OSORNO | FRÓMISTA | PIÑA | EL CARRIÓN | PALENCIA | VENTA DE BAÑOS | VALLADOLID UNIVERSIDAD | VALLADOLID-CAMPO GRANDE
18102,REG.EXP.,SANTANDER | VALDECILLA | MALIAÑO | RENEDO | TORRELAVEGA | LOS CORRALES DE BUELNA | BÁRCENA | REINOSA | MATAPORQUERA | QUINTANILLA DE LAS TORRES | AGUILAR DE CAMPOO | MAVE | ALAR DEL REY | HERRERA DE PISUERGA | ESPINOSA DE VILLAGONZALO | OSORNO | FRÓMISTA | PIÑA | AMUSCO | EL CARRIÓN | MONZÓN DE CAMPOS | PALENCIA | VENTA DE BAÑOS | DUEÑAS | CUBILLAS DE SANTA MARTA | CORCOS-AGUILAREJO | CABEZÓN DEL PISUERGA | VALLADOLID UNIVERSIDAD | VALLADOLID-CAMPO GRANDE
18101,REG.EXP.,VALLADOLID-CAMPO GRANDE | VALLADOLID UNIVERSIDAD | CABEZÓN DEL PISUERGA | CORCOS-AGUILAREJO | CUBILLAS DE SANTA MARTA | DUEÑAS | VENTA DE BAÑOS | PALENCIA | EL CARRIÓN | PIÑA | FRÓMISTA | OSORNO | ESPINOSA DE VILLAGONZALO | HERRERA DE PISUERGA | ALAR DEL REY | AGUILAR DE CAMPOO | MATAPORQUERA | REINOSA | BÁRCENA | LOS CORRALES DE BUELNA | TORRELAVEGA | RENEDO | MALIAÑO | VALDECILLA | SANTANDER
18105,REG.EXP.,VALLADOLID-CAMPO GRANDE | VALLADOLID UNIVERSIDAD | CABEZÓN DEL PISUERGA | CORCOS-AGUILAREJO | CUBILLAS DE SANTA MARTA | DUEÑAS | VENTA DE BAÑOS | PALENCIA | MONZÓN DE CAMPOS | EL CARRIÓN | AMUSCO | PIÑA | FRÓMISTA | OSORNO | ESPINOSA DE VILLAGONZALO | HERRERA DE PISUERGA | ALAR DEL REY | MAVE | AGUILAR DE CAMPOO | QUINTANILLA DE LAS TORRES | MATAPORQUERA | REINOSA | BÁRCENA | LOS CORRALES DE BUELNA | TORRELAVEGA | RENEDO | MALIAÑO | VALDECILLA | SANTANDER
18102,REG.EXP.,SANTANDER | VALDECILLA | MALIAÑO | RENEDO | TORRELAVEGA | LOS CORRALES DE BUELNA | BÁRCENA | REINOSA | MATAPORQUERA | QUINTANILLA DE LAS TORRES | AGUILAR DE CAMPOO | MAVE | ALAR DEL REY | HERRERA DE PISUERGA | ESPINOSA DE VILLAGONZALO | OSORNO | FRÓMISTA | PIÑA | AMUSCO | EL CARRIÓN | MONZÓN DE CAMPOS | PALENCIA | VENTA DE BAÑOS | DUEÑAS | CUBILLAS DE SANTA MARTA | CORCOS-AGUILAREJO | CABEZÓN DEL PISUERGA | VALLADOLID UNIVERSIDAD | VALLADOLID-CAMPO GRANDE
18102,REG.EXP.,SANTANDER | VALDECILLA | MALIAÑO | RENEDO | TORRELAVEGA | LOS CORRALES DE BUELNA | BÁRCENA | REINOSA | MATAPORQUERA | QUINTANILLA DE LAS TORRES | AGUILAR DE CAMPOO | MAVE | ALAR DEL REY | HERRERA DE PISUERGA | ESPINOSA DE VILLAGONZALO | OSORNO | FRÓMISTA | PIÑA | AMUSCO | EL CARRIÓN | MONZÓN DE CAMPOS | PALENCIA | VENTA DE BAÑOS | DUEÑAS | CUBILLAS DE SANTA MARTA | CORCOS-AGUILAREJO | CABEZÓN DEL PISUERGA | VALLADOLID UNIVERSIDAD | VALLADOLID-CAMPO GRANDE
18104,REG.EXP.,SANTANDER | VALDECILLA | MALIAÑO | RENEDO | TORRELAVEGA | LOS CORRALES DE BUELNA | BÁRCENA | REINOSA | MATAPORQUERA | AGUILAR DE CAMPOO | ALAR DEL REY | HERRERA DE PISUERGA | ESPINOSA DE VILLAGONZALO | OSORNO | FRÓMISTA | PIÑA | EL CARRIÓN | PALENCIA | VENTA DE BAÑOS | VALLADOLID UNIVERSIDAD | VALLADOLID-CAMPO GRANDE
18102,REG.EXP.,SANTANDER | VALDECILLA | MALIAÑO | RENEDO | TORRELAVEGA | LOS CORRALES DE BUELNA | BÁRCENA | REINOSA | MATAPORQUERA | QUINTANILLA DE LAS TORRES | AGUILAR DE CAMPOO | MAVE | ALAR DEL REY | HERRERA DE PISUERGA | ESPINOSA DE VILLAGONZALO | OSORNO | FRÓMISTA | PIÑA | AMUSCO | EL CARRIÓN | MONZÓN DE CAMPOS | PALENCIA | VENTA DE BAÑOS | DUEÑAS | CUBILLAS DE SANTA MARTA | CORCOS-AGUILAREJO | CABEZÓN DEL PISUERGA | VALLADOLID UNIVERSIDAD | VALLADOLID-CAMPO GRANDE
18105,REG.EXP.,VALLADOLID-CAMPO GRANDE | VALLADOLID UNIVERSIDAD | CABEZÓN DEL PISUERGA | CORCOS-AGUILAREJO | CUBILLAS DE SANTA MARTA | DUEÑAS | VENTA DE BAÑOS | PALENCIA | MONZÓN DE CAMPOS | EL CARRIÓN | AMUSCO | PIÑA | FRÓMISTA | OSORNO | ESPINOSA DE VILLAGONZALO | HERRERA DE PISUERGA | ALAR DEL REY | MAVE | AGUILAR DE CAMPOO | QUINTANILLA DE LAS TORRES | MATAPORQUERA | REINOSA | BÁRCENA | LOS CORRALES DE BUELNA | TORRELAVEGA | RENEDO | MALIAÑO | VALDECILLA | SANTANDER
18101,REG.EXP.,VALLADOLID-CAMPO GRANDE | VALLADOLID UNIVERSIDAD | CABEZÓN DEL PISUERGA | CORCOS-AGUILAREJO | CUBILLAS DE SANTA MARTA | DUEÑAS | VENTA DE BAÑOS | PALENCIA | EL CARRIÓN | PIÑA | FRÓMISTA | OSORNO | ESPINOSA DE VILLAGONZALO | HERRERA DE PISUERGA | ALAR DEL REY | AGUILAR DE CAMPOO | MATAPORQUERA | REINOSA | BÁRCENA | LOS CORRALES DE BUELNA | TORRELAVEGA | RENEDO | MALIAÑO | VALDECILLA | SANTANDER
18105,REG.EXP.,VALLADOLID-CAMPO GRANDE | VALLADOLID UNIVERSIDAD | CABEZÓN DEL PISUERGA | CORCOS-AGUILAREJO | CUBILLAS DE SANTA MARTA | DUEÑAS | VENTA DE BAÑOS | PALENCIA | MONZÓN DE CAMPOS | EL CARRIÓN | AMUSCO | PIÑA | FRÓMISTA | OSORNO | ESPINOSA DE VILLAGONZALO | HERRERA DE PISUERGA | ALAR DEL REY | MAVE | AGUILAR DE CAMPOO | QUINTANILLA DE LAS TORRES | MATAPORQUERA | REINOSA | BÁRCENA | LOS CORRALES DE BUELNA | TORRELAVEGA | RENEDO | MALIAÑO | VALDECILLA | SANTANDER
18102,REG.EXP.,SANTANDER | VALDECILLA | MALIAÑO | RENEDO | TORRELAVEGA | LOS CORRALES DE BUELNA | BÁRCENA | REINOSA | MATAPORQUERA | QUINTANILLA DE LAS TORRES | AGUILAR DE CAMPOO | MAVE | ALAR DEL REY | HERRERA DE PISUERGA | ESPINOSA DE VILLAGONZALO | OSORNO | FRÓMISTA | PIÑA | AMUSCO | EL CARRIÓN | MONZÓN DE CAMPOS | PALENCIA | VENTA DE BAÑOS | DUEÑAS | CUBILLAS DE SANTA MARTA | CORCOS-AGUILAREJO | CABEZÓN DEL PISUERGA | VALLADOLID UNIVERSIDAD | VALLADOLID-CAMPO GRANDE
18102,REG.EXP.,SANTANDER | VALDECILLA | MALIAÑO | RENEDO | TORRELAVEGA | LOS CORRALES DE BUELNA | BÁRCENA | REINOSA | MATAPORQUERA | QUINTANILLA DE LAS TORRES | AGUILAR DE CAMPOO | MAVE | ALAR DEL REY | HERRERA DE PISUERGA | ESPINOSA DE VILLAGONZALO | OSORNO | FRÓMISTA | PIÑA | AMUSCO | EL CARRIÓN | MONZÓN DE CAMPOS | PALENCIA | VENTA DE BAÑOS | DUEÑAS | CUBILLAS DE SANTA MARTA | CORCOS-AGUILAREJO | CABEZÓN DEL PISUERGA | VALLADOLID UNIVERSIDAD | VALLADOLID-CAMPO GRANDE
18102,REG.EXP.,SANTANDER | VALDECILLA | MALIAÑO | RENEDO | TORRELAVEGA | LOS CORRALES DE BUELNA | BÁRCENA | REINOSA | MATAPORQUERA | QUINTANILLA DE LAS TORRES | AGUILAR DE CAMPOO | MAVE | ALAR DEL REY | HERRERA DE PISUERGA | ESPINOSA DE VILLAGONZALO | OSORNO | FRÓMISTA | PIÑA | AMUSCO | EL CARRIÓN | MONZÓN DE CAMPOS | PALENCIA | VENTA DE BAÑOS | DUEÑAS | CUBILLAS DE SANTA MARTA | CORCOS-AGUILAREJO | CABEZÓN DEL PISUERGA | VALLADOLID UNIVERSIDAD | VALLADOLID-CAMPO GRANDE
18104,REG.EXP.,SANTANDER | VALDECILLA | MALIAÑO | RENEDO | TORRELAVEGA | LOS CORRALES DE BUELNA | BÁRCENA | REINOSA | MATAPORQUERA | AGUILAR DE CAMPOO | ALAR DEL REY | HERRERA DE PISUERGA | ESPINOSA DE VILLAGONZALO | OSORNO | FRÓMISTA | PIÑA | EL CARRIÓN | PALENCIA | VENTA DE BAÑOS | VALLADOLID UNIVERSIDAD | VALLADOLID-CAMPO GRANDE
18101,REG.EXP.,VALLADOLID-CAMPO GRANDE | VALLADOLID UNIVERSIDAD | CABEZÓN DEL PISUERGA | CORCOS-AGUILAREJO | CUBILLAS DE SANTA MARTA | DUEÑAS | VENTA DE BAÑOS | PALENCIA | EL CARRIÓN | PIÑA | FRÓMISTA | OSORNO | ESPINOSA DE VILLAGONZALO | HERRERA DE PISUERGA | ALAR DEL REY | AGUILAR DE CAMPOO | MATAPORQUERA | REINOSA | BÁRCENA | LOS CORRALES DE BUELNA | TORRELAVEGA | RENEDO | MALIAÑO | VALDECILLA | SANTANDER
18105,REG.EXP.,VALLADOLID-CAMPO GRANDE | VALLADOLID UNIVERSIDAD | CABEZÓN DEL PISUERGA | CORCOS-AGUILAREJO | CUBILLAS DE SANTA MARTA | DUEÑAS | VENTA DE BAÑOS | PALENCIA | MONZÓN DE CAMPOS | EL CARRIÓN | AMUSCO | PIÑA | FRÓMISTA | OSORNO | ESPINOSA DE VILLAGONZALO | HERRERA DE PISUERGA | ALAR DEL REY | MAVE | AGUILAR DE CAMPOO | QUINTANILLA DE LAS TORRES | MATAPORQUERA | REINOSA | BÁRCENA | LOS CORRALES DE BUELNA | TORRELAVEGA | RENEDO | MALIAÑO | VALDECILLA | SANTANDER
18102,REG.EXP.,SANTANDER | VALDECILLA | MALIAÑO | RENEDO | TORRELAVEGA | LOS CORRALES DE BUELNA | BÁRCENA | REINOSA | MATAPORQUERA | QUINTANILLA DE LAS TORRES | AGUILAR DE CAMPOO | MAVE | ALAR DEL REY | HERRERA DE PISUERGA | ESPINOSA DE VILLAGONZALO | OSORNO | FRÓMISTA | PIÑA | AMUSCO | EL CARRIÓN | MONZÓN DE CAMPOS | PALENCIA | VENTA DE BAÑOS | DUEÑAS | CUBILLAS DE SANTA MARTA | CORCOS-AGUILAREJO | CABEZÓN DEL PISUERGA | VALLADOLID UNIVERSIDAD | VALLADOLID-CAMPO GRANDE
18104,REG.EXP.,SANTANDER | VALDECILLA | MALIAÑO | RENEDO | TORRELAVEGA | LOS CORRALES DE BUELNA | BÁRCENA | REINOSA | MATAPORQUERA | AGUILAR DE CAMPOO | ALAR DEL REY | HERRERA DE PISUERGA | ESPINOSA DE VILLAGONZALO | OSORNO | FRÓMISTA | PIÑA | EL CARRIÓN | PALENCIA | VENTA DE BAÑOS | VALLADOLID UNIVERSIDAD | VALLADOLID-CAMPO GRANDE
18105,REG.EXP.,VALLADOLID-CAMPO GRANDE | VALLADOLID UNIVERSIDAD | CABEZÓN DEL PISUERGA | CORCOS-AGUILAREJO | CUBILLAS DE SANTA MARTA | DUEÑAS | VENTA DE BAÑOS | PALENCIA | MONZÓN DE CAMPOS | EL CARRIÓN | AMUSCO | PIÑA | FRÓMISTA | OSORNO | ESPINOSA DE VILLAGONZALO | HERRERA DE PISUERGA | ALAR DEL REY | MAVE | AGUILAR DE CAMPOO | QUINTANILLA DE LAS TORRES | MATAPORQUERA | REINOSA | BÁRCENA | LOS CORRALES DE BUELNA | TORRELAVEGA | RENEDO | MALIAÑO | VALDECILLA | SANTANDER
18101,REG.EXP.,VALLADOLID-CAMPO GRANDE | VALLADOLID UNIVERSIDAD | CABEZÓN DEL PISUERGA | CORCOS-AGUILAREJO | CUBILLAS DE SANTA MARTA | DUEÑAS | VENTA DE BAÑOS | PALENCIA | EL CARRIÓN | PIÑA | FRÓMISTA | OSORNO | ESPINOSA DE VILLAGONZALO | HERRERA DE PISUERGA | ALAR DEL REY | AGUILAR DE CAMPOO | MATAPORQUERA | REINOSA | BÁRCENA | LOS CORRALES DE BUELNA | TORRELAVEGA | RENEDO | MALIAÑO | VALDECILLA | SANTANDER
18105,REG.EXP.,VALLADOLID-CAMPO GRANDE | VALLADOLID UNIVERSIDAD | CABEZÓN DEL PISUERGA | CORCOS-AGUILAREJO | CUBILLAS DE SANTA MARTA | DUEÑAS | VENTA DE BAÑOS | PALENCIA | MONZÓN DE CAMPOS | EL CARRIÓN | AMUSCO | PIÑA | FRÓMISTA | OSORNO | ESPINOSA DE VILLAGONZALO | HERRERA DE PISUERGA | ALAR DEL REY | MAVE | AGUILAR DE CAMPOO | QUINTANILLA DE LAS TORRES | MATAPORQUERA | REINOSA | BÁRCENA | LOS CORRALES DE BUELNA | TORRELAVEGA | RENEDO | MALIAÑO | VALDECILLA | SANTANDER
18101,REG.EXP.,VALLADOLID-CAMPO GRANDE | VALLADOLID UNIVERSIDAD | CABEZÓN DEL PISUERGA | CORCOS-AGUILAREJO | CUBILLAS DE SANTA MARTA | DUEÑAS | VENTA DE BAÑOS | PALENCIA | EL CARRIÓN | PIÑA | FRÓMISTA | OSORNO | ESPINOSA DE VILLAGONZALO | HERRERA DE PISUERGA | ALAR DEL REY | AGUILAR DE CAMPOO | MATAPORQUERA | REINOSA | BÁRCENA | LOS CORRALES DE BUELNA | TORRELAVEGA | RENEDO | MALIAÑO | VALDECILLA | SANTANDER
18105,REG.EXP.,VALLADOLID-CAMPO GRANDE | VALLADOLID UNIVERSIDAD | CABEZÓN DEL PISUERGA | CORCOS-AGUILAREJO | CUBILLAS DE SANTA MARTA | DUEÑAS | VENTA DE BAÑOS | PALENCIA | MONZÓN DE CAMPOS | EL CARRIÓN | AMUSCO | PIÑA | FRÓMISTA | OSORNO | ESPINOSA DE VILLAGONZALO | HERRERA DE PISUERGA | ALAR DEL REY | MAVE | AGUILAR DE CAMPOO | QUINTANILLA DE LAS TORRES | MATAPORQUERA | REINOSA | BÁRCENA | LOS CORRALES DE BUELNA | TORRELAVEGA | RENEDO | MALIAÑO | VALDECILLA | SANTANDER
18105,REG.EXP.,VALLADOLID-CAMPO GRANDE | VALLADOLID UNIVERSIDAD | CABEZÓN DEL PISUERGA | CORCOS-AGUILAREJO | CUBILLAS DE SANTA MARTA | DUEÑAS | VENTA DE BAÑOS | PALENCIA | MONZÓN DE CAMPOS | EL CARRIÓN | AMUSCO | PIÑA | FRÓMISTA | OSORNO | ESPINOSA DE VILLAGONZALO | HERRERA DE PISUERGA | ALAR DEL REY | MAVE | AGUILAR DE CAMPOO | QUINTANILLA DE LAS TORRES | MATAPORQUERA | REINOSA | BÁRCENA | LOS CORRALES DE BUELNA | TORRELAVEGA | RENEDO | MALIAÑO | VALDECILLA | SANTANDER
18102,REG.EXP.,SANTANDER | VALDECILLA | MALIAÑO | RENEDO | TORRELAVEGA | LOS CORRALES DE BUELNA | BÁRCENA | REINOSA | MATAPORQUERA | QUINTANILLA DE LAS TORRES | AGUILAR DE CAMPOO | MAVE | ALAR DEL REY | HERRERA DE PISUERGA | ESPINOSA DE VILLAGONZALO | OSORNO | FRÓMISTA | PIÑA | AMUSCO | EL CARRIÓN | MONZÓN DE CAMPOS | PALENCIA | VENTA DE BAÑOS | DUEÑAS | CUBILLAS DE SANTA MARTA | CORCOS-AGUILAREJO | CABEZÓN DEL PISUERGA | VALLADOLID UNIVERSIDAD | VALLADOLID-CAMPO GRANDE
18102,REG.EXP.,SANTANDER | VALDECILLA | MALIAÑO | RENEDO | TORRELAVEGA | LOS CORRALES DE BUELNA | BÁRCENA | REINOSA | MATAPORQUERA | QUINTANILLA DE LAS TORRES | AGUILAR DE CAMPOO | MAVE | ALAR DEL REY | HERRERA DE PISUERGA | ESPINOSA DE VILLAGONZALO | OSORNO | FRÓMISTA | PIÑA | AMUSCO | EL CARRIÓN | MONZÓN DE CAMPOS | PALENCIA | VENTA DE BAÑOS | DUEÑAS | CUBILLAS DE SANTA MARTA | CORCOS-AGUILAREJO | CABEZÓN DEL PISUERGA | VALLADOLID UNIVERSIDAD | VALLADOLID-CAMPO GRANDE
18102,REG.EXP.,SANTANDER | VALDECILLA | MALIAÑO | RENEDO | TORRELAVEGA | LOS CORRALES DE BUELNA | BÁRCENA | REINOSA | MATAPORQUERA | QUINTANILLA DE LAS TORRES | AGUILAR DE CAMPOO | MAVE | ALAR DEL REY | HERRERA DE PISUERGA | ESPINOSA DE VILLAGONZALO | OSORNO | FRÓMISTA | PIÑA | AMUSCO | EL CARRIÓN | MONZÓN DE CAMPOS | PALENCIA | VENTA DE BAÑOS | DUEÑAS | CUBILLAS DE SANTA MARTA | CORCOS-AGUILAREJO | CABEZÓN DEL PISUERGA | VALLADOLID UNIVERSIDAD | VALLADOLID-CAMPO GRANDE
18105,REG.EXP.,VALLADOLID-CAMPO GRANDE | VALLADOLID UNIVERSIDAD | CABEZÓN DEL PISUERGA | CORCOS-AGUILAREJO | CUBILLAS DE SANTA MARTA | DUEÑAS | VENTA DE BAÑOS | PALENCIA | MONZÓN DE CAMPOS | EL CARRIÓN | AMUSCO | PIÑA | FRÓMISTA | OSORNO | ESPINOSA DE VILLAGONZALO | HERRERA DE PISUERGA | ALAR DEL REY | MAVE | AGUILAR DE CAMPOO | QUINTANILLA DE LAS TORRES | MATAPORQUERA | REINOSA | BÁRCENA | LOS CORRALES DE BUELNA | TORRELAVEGA | RENEDO | MALIAÑO | VALDECILLA | SANTANDER
18102,REG.EXP.,SANTANDER | VALDECILLA | MALIAÑO | RENEDO | TORRELAVEGA | LOS CORRALES DE BUELNA | BÁRCENA | REINOSA | MATAPORQUERA | QUINTANILLA DE LAS TORRES | AGUILAR DE CAMPOO | MAVE | ALAR DEL REY | HERRERA DE PISUERGA | ESPINOSA DE VILLAGONZALO | OSORNO | FRÓMISTA | PIÑA | AMUSCO | EL CARRIÓN | MONZÓN DE CAMPOS | PALENCIA | VENTA DE BAÑOS | DUEÑAS | CUBILLAS DE SANTA MARTA | CORCOS-AGUILAREJO | CABEZÓN DEL PISUERGA | VALLADOLID UNIVERSIDAD | VALLADOLID-CAMPO GRANDE
18102,REG.EXP.,SANTANDER | VALDECILLA | MALIAÑO | RENEDO | TORRELAVEGA | LOS CORRALES DE BUELNA | BÁRCENA | REINOSA | MATAPORQUERA | QUINTANILLA DE LAS TORRES | AGUILAR DE CAMPOO | MAVE | ALAR DEL REY | HERRERA DE PISUERGA | ESPINOSA DE VILLAGONZALO | OSORNO | FRÓMISTA | PIÑA | AMUSCO | EL CARRIÓN | MONZÓN DE CAMPOS | PALENCIA | VENTA DE BAÑOS | DUEÑAS | CUBILLAS DE SANTA MARTA | CORCOS-AGUILAREJO | CABEZÓN DEL PISUERGA | VALLADOLID UNIVERSIDAD | VALLADOLID-CAMPO GRANDE
18105,REG.EXP.,VALLADOLID-CAMPO GRANDE | VALLADOLID UNIVERSIDAD | CABEZÓN DEL PISUERGA | CORCOS-AGUILAREJO | CUBILLAS DE SANTA MARTA | DUEÑAS | VENTA DE BAÑOS | PALENCIA | MONZÓN DE CAMPOS | EL CARRIÓN | AMUSCO | PIÑA | FRÓMISTA | OSORNO | ESPINOSA DE VILLAGONZALO | HERRERA DE PISUERGA | ALAR DEL REY | MAVE | AGUILAR DE CAMPOO | QUINTANILLA DE LAS TORRES | MATAPORQUERA | REINOSA | BÁRCENA | LOS CORRALES DE BUELNA | TORRELAVEGA | RENEDO | MALIAÑO | VALDECILLA | SANTANDER
18105,REG.EXP.,VALLADOLID-CAMPO GRANDE | VALLADOLID UNIVERSIDAD | CABEZÓN DEL PISUERGA | CORCOS-AGUILAREJO | CUBILLAS DE SANTA MARTA | DUEÑAS | VENTA DE BAÑOS | PALENCIA | MONZÓN DE CAMPOS | EL CARRIÓN | AMUSCO | PIÑA | FRÓMISTA | OSORNO | ESPINOSA DE VILLAGONZALO | HERRERA DE PISUERGA | ALAR DEL REY | MAVE | AGUILAR DE CAMPOO | QUINTANILLA DE LAS TORRES | MATAPORQUERA | REINOSA | BÁRCENA | LOS CORRALES DE BUELNA | TORRELAVEGA | RENEDO | MALIAÑO | VALDECILLA | SANTANDER
18105,REG.EXP.,VALLADOLID-CAMPO GRANDE | VALLADOLID UNIVERSIDAD | CABEZÓN DEL PISUERGA | CORCOS-AGUILAREJO | CUBILLAS DE SANTA MARTA | DUEÑAS | VENTA DE BAÑOS | PALENCIA | MONZÓN DE CAMPOS | EL CARRIÓN | AMUSCO | PIÑA | FRÓMISTA | OSORNO | ESPINOSA DE VILLAGONZALO | HERRERA DE PISUERGA | ALAR DEL REY | MAVE | AGUILAR DE CAMPOO | QUINTANILLA DE LAS TORRES | MATAPORQUERA | REINOSA | BÁRCENA | LOS CORRALES DE BUELNA | TORRELAVEGA | RENEDO | MALIAÑO | VALDECILLA | SANTANDER
18102,REG.EXP.,SANTANDER | VALDECILLA | MALIAÑO | RENEDO | TORRELAVEGA | LOS CORRALES DE BUELNA | BÁRCENA | REINOSA | MATAPORQUERA | QUINTANILLA DE LAS TORRES | AGUILAR DE CAMPOO | MAVE | ALAR DEL REY | HERRERA DE PISUERGA | ESPINOSA DE VILLAGONZALO | OSORNO | FRÓMISTA | PIÑA | AMUSCO | EL CARRIÓN | MONZÓN DE CAMPOS | PALENCIA | VENTA DE BAÑOS | DUEÑAS | CUBILLAS DE SANTA MARTA | CORCOS-AGUILAREJO | CABEZÓN DEL PISUERGA | VALLADOLID UNIVERSIDAD | VALLADOLID-CAMPO GRANDE
18102,REG.EXP.,SANTANDER | VALDECILLA | MALIAÑO | RENEDO | TORRELAVEGA | LOS CORRALES DE BUELNA | BÁRCENA | REINOSA | MATAPORQUERA | QUINTANILLA DE LAS TORRES | AGUILAR DE CAMPOO | MAVE | ALAR DEL REY | HERRERA DE PISUERGA | ESPINOSA DE VILLAGONZALO | OSORNO | FRÓMISTA | PIÑA | AMUSCO | EL CARRIÓN | MONZÓN DE CAMPOS | PALENCIA | VENTA DE BAÑOS | DUEÑAS | CUBILLAS DE SANTA MARTA | CORCOS-AGUILAREJO | CABEZÓN DEL PISUERGA | VALLADOLID UNIVERSIDAD | VALLADOLID-CAMPO GRANDE
18102,REG.EXP.,SANTANDER | VALDECILLA | MALIAÑO | RENEDO | TORRELAVEGA | LOS CORRALES DE BUELNA | BÁRCENA | REINOSA | MATAPORQUERA | QUINTANILLA DE LAS TORRES | AGUILAR DE CAMPOO | MAVE | ALAR DEL REY | HERRERA DE PISUERGA | ESPINOSA DE VILLAGONZALO | OSORNO | FRÓMISTA | PIÑA | AMUSCO | EL CARRIÓN | MONZÓN DE CAMPOS | PALENCIA | VENTA DE BAÑOS | DUEÑAS | CUBILLAS DE SANTA MARTA | CORCOS-AGUILAREJO | CABEZÓN DEL PISUERGA | VALLADOLID UNIVERSIDAD | VALLADOLID-CAMPO GRANDE
18105,REG.EXP.,VALLADOLID-CAMPO GRANDE | VALLADOLID UNIVERSIDAD | CABEZÓN DEL PISUERGA | CORCOS-AGUILAREJO | CUBILLAS DE SANTA MARTA | DUEÑAS | VENTA DE BAÑOS | PALENCIA | MONZÓN DE CAMPOS | EL CARRIÓN | AMUSCO | PIÑA | FRÓMISTA | OSORNO | ESPINOSA DE VILLAGONZALO | HERRERA DE PISUERGA | ALAR DEL REY | MAVE | AGUILAR DE CAMPOO | QUINTANILLA DE LAS TORRES | MATAPORQUERA | REINOSA | BÁRCENA | LOS CORRALES DE BUELNA | TORRELAVEGA | RENEDO | MALIAÑO | VALDECILLA | SANTANDER
18102,REG.EXP.,SANTANDER | VALDECILLA | MALIAÑO | RENEDO | TORRELAVEGA | LOS CORRALES DE BUELNA | BÁRCENA | REINOSA | MATAPORQUERA | QUINTANILLA DE LAS TORRES | AGUILAR DE CAMPOO | MAVE | ALAR DEL REY | HERRERA DE PISUERGA | ESPINOSA DE VILLAGONZALO | OSORNO | FRÓMISTA | PIÑA | AMUSCO | EL CARRIÓN | MONZÓN DE CAMPOS | PALENCIA | VENTA DE BAÑOS | DUEÑAS | CUBILLAS DE SANTA MARTA | CORCOS-AGUILAREJO | CABEZÓN DEL PISUERGA | VALLADOLID UNIVERSIDAD | VALLADOLID-CAMPO GRANDE
18105,REG.EXP.,VALLADOLID-CAMPO GRANDE | VALLADOLID UNIVERSIDAD | CABEZÓN DEL PISUERGA | CORCOS-AGUILAREJO | CUBILLAS DE SANTA MARTA | DUEÑAS | VENTA DE BAÑOS | PALENCIA | MONZÓN DE CAMPOS | EL CARRIÓN | AMUSCO | PIÑA | FRÓMISTA | OSORNO | ESPINOSA DE VILLAGONZALO | HERRERA DE PISUERGA | ALAR DEL REY | MAVE | AGUILAR DE CAMPOO | QUINTANILLA DE LAS TORRES | MATAPORQUERA | REINOSA | BÁRCENA | LOS CORRALES DE BUELNA | TORRELAVEGA | RENEDO | MALIAÑO | VALDECILLA | SANTANDER
18105,REG.EXP.,VALLADOLID-CAMPO GRANDE | VALLADOLID UNIVERSIDAD | CABEZÓN DEL PISUERGA | CORCOS-AGUILAREJO | CUBILLAS DE SANTA MARTA | DUEÑAS | VENTA DE BAÑOS | PALENCIA | MONZÓN DE CAMPOS | EL CARRIÓN | AMUSCO | PIÑA | FRÓMISTA | OSORNO | ESPINOSA DE VILLAGONZALO | HERRERA DE PISUERGA | ALAR DEL REY | MAVE | AGUILAR DE CAMPOO | QUINTANILLA DE LAS TORRES | MATAPORQUERA | REINOSA | BÁRCENA | LOS CORRALES DE BUELNA | TORRELAVEGA | RENEDO | MALIAÑO | VALDECILLA | SANTANDER
18105,REG.EXP.,VALLADOLID-CAMPO GRANDE | VALLADOLID UNIVERSIDAD | CABEZÓN DEL PISUERGA | CORCOS-AGUILAREJO | CUBILLAS DE SANTA MARTA | DUEÑAS | VENTA DE BAÑOS | PALENCIA | MONZÓN DE CAMPOS | EL CARRIÓN | AMUSCO | PIÑA | FRÓMISTA | OSORNO | ESPINOSA DE VILLAGONZALO | HERRERA DE PISUERGA | ALAR DEL REY | MAVE | AGUILAR DE CAMPOO | QUINTANILLA DE LAS TORRES | MATAPORQUERA | REINOSA | BÁRCENA | LOS CORRALES DE BUELNA | TORRELAVEGA | RENEDO | MALIAÑO | VALDECILLA | SANTANDER
12100,REGIONAL,GIJÓN-SANZ CRESPO | CALZADA DE ASTURIAS | OVIEDO | LLAMAQUIQUE | MIERES-PUENTE | UJO | POLA DE LENA | CAMPOMANES | PUENTE DE LOS FIERROS | LINARES-CONGOSTINAS | BUSDONGO | VILLAMANÍN | SANTA LUCÍA | LA POLA DE GORDÓN | LA ROBLA | LEÓN | PALANQUINOS | EL BURGO RANERO | SAHAGÚN | GRAJAL | VILLADA | PAREDES DE NAVA | BECERRIL | GRIJOTA | PALENCIA | VENTA DE BAÑOS | DUEÑAS | CUBILLAS DE SANTA MARTA | CORCOS-AGUILAREJO | CABEZÓN DEL PISUERGA | VALLADOLID UNIVERSIDAD | VALLADOLID-CAMPO GRANDE
12100,REGIONAL,GIJÓN-SANZ CRESPO | CALZADA DE ASTURIAS | OVIEDO | LLAMAQUIQUE | MIERES-PUENTE | UJO | POLA DE LENA | CAMPOMANES | PUENTE DE LOS FIERROS | LINARES-CONGOSTINAS | BUSDONGO | VILLAMANÍN | SANTA LUCÍA | LA POLA DE GORDÓN | LA ROBLA | LEÓN | PALANQUINOS | EL BURGO RANERO | SAHAGÚN | GRAJAL | VILLADA | PAREDES DE NAVA | BECERRIL | GRIJOTA | PALENCIA | VENTA DE BAÑOS | DUEÑAS | CUBILLAS DE SANTA MARTA | CORCOS-AGUILAREJO | CABEZÓN DEL PISUERGA | VALLADOLID UNIVERSIDAD | VALLADOLID-CAMPO GRANDE
12100,REGIONAL,GIJÓN-SANZ CRESPO | CALZADA DE ASTURIAS | OVIEDO | LLAMAQUIQUE | MIERES-PUENTE | UJO | POLA DE LENA | CAMPOMANES | PUENTE DE LOS FIERROS | LINARES-CONGOSTINAS | BUSDONGO | VILLAMANÍN | SANTA LUCÍA | LA POLA DE GORDÓN | LA ROBLA | LEÓN | PALANQUINOS | EL BURGO RANERO | SAHAGÚN | GRAJAL | VILLADA | PAREDES DE NAVA | BECERRIL | GRIJOTA | PALENCIA | VENTA DE BAÑOS | DUEÑAS | CUBILLAS DE SANTA MARTA | CORCOS-AGUILAREJO | CABEZÓN DEL PISUERGA | VALLADOLID UNIVERSIDAD | VALLADOLID-CAMPO GRANDE
12100,REGIONAL,GIJÓN-SANZ CRESPO | CALZADA DE ASTURIAS | OVIEDO | LLAMAQUIQUE | MIERES-PUENTE | UJO | POLA DE LENA | CAMPOMANES | PUENTE DE LOS FIERROS | LINARES-CONGOSTINAS | BUSDONGO | VILLAMANÍN | SANTA LUCÍA | LA POLA DE GORDÓN | LA ROBLA | LEÓN | PALANQUINOS | EL BURGO RANERO | SAHAGÚN | GRAJAL | VILLADA | PAREDES DE NAVA | BECERRIL | GRIJOTA | PALENCIA | VENTA DE BAÑOS | DUEÑAS | CUBILLAS DE SANTA MARTA | CORCOS-AGUILAREJO | CABEZÓN DEL PISUERGA | VALLADOLID UNIVERSIDAD | VALLADOLID-CAMPO GRANDE
18215,REG.EXP.,PALENCIA | GRIJOTA | BECERRIL | PAREDES DE NAVA | CISNEROS | VILLADA | GRAJAL | SAHAGÚN | EL BURGO RANERO | SANTAS MARTAS | PALANQUINOS | LEÓN
18214,REG.EXP.,LEÓN | PALANQUINOS | SANTAS MARTAS | EL BURGO RANERO | SAHAGÚN | GRAJAL | VILLADA | CISNEROS | PAREDES DE NAVA | BECERRIL | GRIJOTA | PALENCIA
12100,REGIONAL,GIJÓN-SANZ CRESPO | CALZADA DE ASTURIAS | OVIEDO | LLAMAQUIQUE | MIERES-PUENTE | UJO | POLA DE LENA | CAMPOMANES | PUENTE DE LOS FIERROS | LINARES-CONGOSTINAS | BUSDONGO | VILLAMANÍN | SANTA LUCÍA | LA POLA DE GORDÓN | LA ROBLA | LEÓN | PALANQUINOS | EL BURGO RANERO | SAHAGÚN | GRAJAL | VILLADA | PAREDES DE NAVA | BECERRIL | GRIJOTA | PALENCIA | VENTA DE BAÑOS | DUEÑAS | CUBILLAS DE SANTA MARTA | CORCOS-AGUILAREJO | CABEZÓN DEL PISUERGA | VALLADOLID UNIVERSIDAD | VALLADOLID-CAMPO GRANDE
12100,REGIONAL,GIJÓN-SANZ CRESPO | CALZADA DE ASTURIAS | OVIEDO | LLAMAQUIQUE | MIERES-PUENTE | UJO | POLA DE LENA | CAMPOMANES | PUENTE DE LOS FIERROS | LINARES-CONGOSTINAS | BUSDONGO | VILLAMANÍN | SANTA LUCÍA | LA POLA DE GORDÓN | LA ROBLA | LEÓN | PALANQUINOS | EL BURGO RANERO | SAHAGÚN | GRAJAL | VILLADA | PAREDES DE NAVA | BECERRIL | GRIJOTA | PALENCIA | VENTA DE BAÑOS | DUEÑAS | CUBILLAS DE SANTA MARTA | CORCOS-AGUILAREJO | CABEZÓN DEL PISUERGA | VALLADOLID UNIVERSIDAD | VALLADOLID-CAMPO GRANDE
12100,REGIONAL,GIJÓN-SANZ CRESPO | CALZADA DE ASTURIAS | OVIEDO | LLAMAQUIQUE | MIERES-PUENTE | UJO | POLA DE LENA | CAMPOMANES | PUENTE DE LOS FIERROS | LINARES-CONGOSTINAS | BUSDONGO | VILLAMANÍN | SANTA LUCÍA | LA POLA DE GORDÓN | LA ROBLA | LEÓN | PALANQUINOS | EL BURGO RANERO | SAHAGÚN | GRAJAL | VILLADA | PAREDES DE NAVA | BECERRIL | GRIJOTA | PALENCIA | VENTA DE BAÑOS | DUEÑAS | CUBILLAS DE SANTA MARTA | CORCOS-AGUILAREJO | CABEZÓN DEL PISUERGA | VALLADOLID UNIVERSIDAD | VALLADOLID-CAMPO GRANDE
18214,REG.EXP.,LEÓN | PALANQUINOS | SANTAS MARTAS | EL BURGO RANERO | SAHAGÚN | GRAJAL | VILLADA | CISNEROS | PAREDES DE NAVA | BECERRIL | GRIJOTA | PALENCIA
12100,REGIONAL,GIJÓN-SANZ CRESPO | CALZADA DE ASTURIAS | OVIEDO | LLAMAQUIQUE | MIERES-PUENTE | UJO | POLA DE LENA | CAMPOMANES | PUENTE DE LOS FIERROS | LINARES-CONGOSTINAS | BUSDONGO | VILLAMANÍN | SANTA LUCÍA | LA POLA DE GORDÓN | LA ROBLA | LEÓN | PALANQUINOS | EL BURGO RANERO | SAHAGÚN | GRAJAL | VILLADA | PAREDES DE NAVA | BECERRIL | GRIJOTA | PALENCIA | VENTA DE BAÑOS | DUEÑAS | CUBILLAS DE SANTA MARTA | CORCOS-AGUILAREJO | CABEZÓN DEL PISUERGA | VALLADOLID UNIVERSIDAD | VALLADOLID-CAMPO GRANDE
18215,REG.EXP.,PALENCIA | GRIJOTA | BECERRIL | PAREDES DE NAVA | CISNEROS | VILLADA | GRAJAL | SAHAGÚN | EL BURGO RANERO | SANTAS MARTAS | PALANQUINOS | LEÓN
18215,REG.EXP.,PALENCIA | GRIJOTA | BECERRIL | PAREDES DE NAVA | CISNEROS | VILLADA | GRAJAL | SAHAGÚN | EL BURGO RANERO | SANTAS MARTAS | PALANQUINOS | LEÓN
18306,MD,SALAMANCA | MORISCOS | GOMECELLO | PITIEGUA | EL PEDROSO DE LA ARMUÑA | CANTALAPIEDRA | FRESNO EL VIEJO | EL CARPIO | MEDINA DEL CAMPO | POZALDEZ | MATAPOZUELOS | VALDESTILLAS | VIANA | VALLADOLID-CAMPO GRANDE | VALLADOLID UNIVERSIDAD | VENTA DE BAÑOS | PALENCIA
18306,MD,SALAMANCA | MORISCOS | GOMECELLO | PITIEGUA | EL PEDROSO DE LA ARMUÑA | CANTALAPIEDRA | FRESNO EL VIEJO | EL CARPIO | MEDINA DEL CAMPO | POZALDEZ | MATAPOZUELOS | VALDESTILLAS | VIANA | VALLADOLID-CAMPO GRANDE | VALLADOLID UNIVERSIDAD | VENTA DE BAÑOS | PALENCIA
37431,MD,SALAMANCA | CANTALAPIEDRA | FRESNO EL VIEJO | EL CARPIO | MEDINA DEL CAMPO | VALLADOLID-CAMPO GRANDE
00631,Intercity,SALAMANCA | CANTALAPIEDRA | FRESNO EL VIEJO | EL CARPIO | MEDINA DEL CAMPO | VALLADOLID-CAMPO GRANDE | BURGOS-ROSA MANZANO | MIRANDA DE EBRO | VITORIA-GASTEIZ | PAMPLONA/IRUÑA | ZARAGOZA DELICIAS
18306,MD,SALAMANCA | MORISCOS | GOMECELLO | PITIEGUA | EL PEDROSO DE LA ARMUÑA | CANTALAPIEDRA | FRESNO EL VIEJO | EL CARPIO | MEDINA DEL CAMPO | POZALDEZ | MATAPOZUELOS | VALDESTILLAS | VIANA | VALLADOLID-CAMPO GRANDE | VALLADOLID UNIVERSIDAD | VENTA DE BAÑOS | PALENCIA
18312,REG.EXP.,SALAMANCA | GOMECELLO | PITIEGUA | EL PEDROSO DE LA ARMUÑA | CANTALAPIEDRA | FRESNO EL VIEJO | EL CARPIO | CAMPILLO | MEDINA DEL CAMPO | POZALDEZ | MATAPOZUELOS | VALDESTILLAS | VIANA | VALLADOLID-CAMPO GRANDE
18306,MD,SALAMANCA | MORISCOS | GOMECELLO | PITIEGUA | EL PEDROSO DE LA ARMUÑA | CANTALAPIEDRA | FRESNO EL VIEJO | EL CARPIO | MEDINA DEL CAMPO | POZALDEZ | MATAPOZUELOS | VALDESTILLAS | VIANA | VALLADOLID-CAMPO GRANDE | VALLADOLID UNIVERSIDAD | VENTA DE BAÑOS | PALENCIA
18312,REG.EXP.,SALAMANCA | GOMECELLO | PITIEGUA | EL PEDROSO DE LA ARMUÑA | CANTALAPIEDRA | FRESNO EL VIEJO | EL CARPIO | CAMPILLO | MEDINA DEL CAMPO | POZALDEZ | MATAPOZUELOS | VALDESTILLAS | VIANA | VALLADOLID-CAMPO GRANDE
18306,MD,SALAMANCA | MORISCOS | GOMECELLO | PITIEGUA | EL PEDROSO DE LA ARMUÑA | CANTALAPIEDRA | FRESNO EL VIEJO | EL CARPIO | MEDINA DEL CAMPO | POZALDEZ | MATAPOZUELOS | VALDESTILLAS | VIANA | VALLADOLID-CAMPO GRANDE | VALLADOLID UNIVERSIDAD | VENTA DE BAÑOS | PALENCIA
18312,REG.EXP.,SALAMANCA | GOMECELLO | PITIEGUA | EL PEDROSO DE LA ARMUÑA | CANTALAPIEDRA | FRESNO EL VIEJO | EL CARPIO | CAMPILLO | MEDINA DEL CAMPO | POZALDEZ | MATAPOZUELOS | VALDESTILLAS | VIANA | VALLADOLID-CAMPO GRANDE
18306,MD,SALAMANCA | MORISCOS | GOMECELLO | PITIEGUA | EL PEDROSO DE LA ARMUÑA | CANTALAPIEDRA | FRESNO EL VIEJO | EL CARPIO | MEDINA DEL CAMPO | POZALDEZ | MATAPOZUELOS | VALDESTILLAS | VIANA | VALLADOLID-CAMPO GRANDE | VALLADOLID UNIVERSIDAD | VENTA DE BAÑOS | PALENCIA
18312,REG.EXP.,SALAMANCA | GOMECELLO | PITIEGUA | EL PEDROSO DE LA ARMUÑA | CANTALAPIEDRA | FRESNO EL VIEJO | EL CARPIO | CAMPILLO | MEDINA DEL CAMPO | POZALDEZ | MATAPOZUELOS | VALDESTILLAS | VIANA | VALLADOLID-CAMPO GRANDE
18306,MD,SALAMANCA | MORISCOS | GOMECELLO | PITIEGUA | EL PEDROSO DE LA ARMUÑA | CANTALAPIEDRA | FRESNO EL VIEJO | EL CARPIO | MEDINA DEL CAMPO | POZALDEZ | MATAPOZUELOS | VALDESTILLAS | VIANA | VALLADOLID-CAMPO GRANDE | VALLADOLID UNIVERSIDAD | VENTA DE BAÑOS | PALENCIA
18300,REG.EXP.,VALLADOLID-CAMPO GRANDE | VIANA | VALDESTILLAS | MATAPOZUELOS | POZALDEZ | MEDINA DEL CAMPO | EL CARPIO | FRESNO EL VIEJO | CANTALAPIEDRA | EL PEDROSO DE LA ARMUÑA | PITIEGUA | GOMECELLO | MORISCOS | SALAMANCA | SALAMANCA-LA ALAMEDILLA
18308,MD,PALENCIA | VENTA DE BAÑOS | DUEÑAS | VALLADOLID UNIVERSIDAD | VALLADOLID-CAMPO GRANDE | MEDINA DEL CAMPO | CAMPILLO | EL CARPIO | FRESNO EL VIEJO | CANTALAPIEDRA | EL PEDROSO DE LA ARMUÑA | GOMECELLO | SALAMANCA | SALAMANCA-LA ALAMEDILLA
18318,REG.EXP.,VALLADOLID-CAMPO GRANDE | VIANA | VALDESTILLAS | MATAPOZUELOS | POZALDEZ | MEDINA DEL CAMPO | EL CARPIO | FRESNO EL VIEJO | CANTALAPIEDRA | GOMECELLO | SALAMANCA | SALAMANCA-LA ALAMEDILLA
18306,MD,SALAMANCA | MORISCOS | GOMECELLO | PITIEGUA | EL PEDROSO DE LA ARMUÑA | CANTALAPIEDRA | FRESNO EL VIEJO | EL CARPIO | MEDINA DEL CAMPO | POZALDEZ | MATAPOZUELOS | VALDESTILLAS | VIANA | VALLADOLID-CAMPO GRANDE | VALLADOLID UNIVERSIDAD | VENTA DE BAÑOS | PALENCIA
18312,REG.EXP.,SALAMANCA | GOMECELLO | PITIEGUA | EL PEDROSO DE LA ARMUÑA | CANTALAPIEDRA | FRESNO EL VIEJO | EL CARPIO | CAMPILLO | MEDINA DEL CAMPO | POZALDEZ | MATAPOZUELOS | VALDESTILLAS | VIANA | VALLADOLID-CAMPO GRANDE
18102,REG.EXP.,SANTANDER | VALDECILLA | MALIAÑO | RENEDO | TORRELAVEGA | LOS CORRALES DE BUELNA | BÁRCENA | REINOSA | MATAPORQUERA | QUINTANILLA DE LAS TORRES | AGUILAR DE CAMPOO | MAVE | ALAR DEL REY | HERRERA DE PISUERGA | ESPINOSA DE VILLAGONZALO | OSORNO | FRÓMISTA | PIÑA | AMUSCO | EL CARRIÓN | MONZÓN DE CAMPOS | PALENCIA | VENTA DE BAÑOS | DUEÑAS | CUBILLAS DE SANTA MARTA | CORCOS-AGUILAREJO | CABEZÓN DEL PISUERGA | VALLADOLID UNIVERSIDAD | VALLADOLID-CAMPO GRANDE
18102,REG.EXP.,SANTANDER | VALDECILLA | MALIAÑO | RENEDO | TORRELAVEGA | LOS CORRALES DE BUELNA | BÁRCENA | REINOSA | MATAPORQUERA | QUINTANILLA DE LAS TORRES | AGUILAR DE CAMPOO | MAVE | ALAR DEL REY | HERRERA DE PISUERGA | ESPINOSA DE VILLAGONZALO | OSORNO | FRÓMISTA | PIÑA | AMUSCO | EL CARRIÓN | MONZÓN DE CAMPOS | PALENCIA | VENTA DE BAÑOS | DUEÑAS | CUBILLAS DE SANTA MARTA | CORCOS-AGUILAREJO | CABEZÓN DEL PISUERGA | VALLADOLID UNIVERSIDAD | VALLADOLID-CAMPO GRANDE
18102,REG.EXP.,SANTANDER | VALDECILLA | MALIAÑO | RENEDO | TORRELAVEGA | LOS CORRALES DE BUELNA | BÁRCENA | REINOSA | MATAPORQUERA | QUINTANILLA DE LAS TORRES | AGUILAR DE CAMPOO | MAVE | ALAR DEL REY | HERRERA DE PISUERGA | ESPINOSA DE VILLAGONZALO | OSORNO | FRÓMISTA | PIÑA | AMUSCO | EL CARRIÓN | MONZÓN DE CAMPOS | PALENCIA | VENTA DE BAÑOS | DUEÑAS | CUBILLAS DE SANTA MARTA | CORCOS-AGUILAREJO | CABEZÓN DEL PISUERGA | VALLADOLID UNIVERSIDAD | VALLADOLID-CAMPO GRANDE
18102,REG.EXP.,SANTANDER | VALDECILLA | MALIAÑO | RENEDO | TORRELAVEGA | LOS CORRALES DE BUELNA | BÁRCENA | REINOSA | MATAPORQUERA | QUINTANILLA DE LAS TORRES | AGUILAR DE CAMPOO | MAVE | ALAR DEL REY | HERRERA DE PISUERGA | ESPINOSA DE VILLAGONZALO | OSORNO | FRÓMISTA | PIÑA | AMUSCO | EL CARRIÓN | MONZÓN DE CAMPOS | PALENCIA | VENTA DE BAÑOS | DUEÑAS | CUBILLAS DE SANTA MARTA | CORCOS-AGUILAREJO | CABEZÓN DEL PISUERGA | VALLADOLID UNIVERSIDAD | VALLADOLID-CAMPO GRANDE
18102,REG.EXP.,SANTANDER | VALDECILLA | MALIAÑO | RENEDO | TORRELAVEGA | LOS CORRALES DE BUELNA | BÁRCENA | REINOSA | MATAPORQUERA | QUINTANILLA DE LAS TORRES | AGUILAR DE CAMPOO | MAVE | ALAR DEL REY | HERRERA DE PISUERGA | ESPINOSA DE VILLAGONZALO | OSORNO | FRÓMISTA | PIÑA | AMUSCO | EL CARRIÓN | MONZÓN DE CAMPOS | PALENCIA | VENTA DE BAÑOS | DUEÑAS | CUBILLAS DE SANTA MARTA | CORCOS-AGUILAREJO | CABEZÓN DEL PISUERGA | VALLADOLID UNIVERSIDAD | VALLADOLID-CAMPO GRANDE
18102,REG.EXP.,SANTANDER | VALDECILLA | MALIAÑO | RENEDO | TORRELAVEGA | LOS CORRALES DE BUELNA | BÁRCENA | REINOSA | MATAPORQUERA | QUINTANILLA DE LAS TORRES | AGUILAR DE CAMPOO | MAVE | ALAR DEL REY | HERRERA DE PISUERGA | ESPINOSA DE VILLAGONZALO | OSORNO | FRÓMISTA | PIÑA | AMUSCO | EL CARRIÓN | MONZÓN DE CAMPOS | PALENCIA | VENTA DE BAÑOS | DUEÑAS | CUBILLAS DE SANTA MARTA | CORCOS-AGUILAREJO | CABEZÓN DEL PISUERGA | VALLADOLID UNIVERSIDAD | VALLADOLID-CAMPO GRANDE
18102,REG.EXP.,SANTANDER | VALDECILLA | MALIAÑO | RENEDO | TORRELAVEGA | LOS CORRALES DE BUELNA | BÁRCENA | REINOSA | MATAPORQUERA | QUINTANILLA DE LAS TORRES | AGUILAR DE CAMPOO | MAVE | ALAR DEL REY | HERRERA DE PISUERGA | ESPINOSA DE VILLAGONZALO | OSORNO | FRÓMISTA | PIÑA | AMUSCO | EL CARRIÓN | MONZÓN DE CAMPOS | PALENCIA | VENTA DE BAÑOS | DUEÑAS | CUBILLAS DE SANTA MARTA | CORCOS-AGUILAREJO | CABEZÓN DEL PISUERGA | VALLADOLID UNIVERSIDAD | VALLADOLID-CAMPO GRANDE
18102,REG.EXP.,SANTANDER | VALDECILLA | MALIAÑO | RENEDO | TORRELAVEGA | LOS CORRALES DE BUELNA | BÁRCENA | REINOSA | MATAPORQUERA | QUINTANILLA DE LAS TORRES | AGUILAR DE CAMPOO | MAVE | ALAR DEL REY | HERRERA DE PISUERGA | ESPINOSA DE VILLAGONZALO | OSORNO | FRÓMISTA | PIÑA | AMUSCO | EL CARRIÓN | MONZÓN DE CAMPOS | PALENCIA | VENTA DE BAÑOS | DUEÑAS | CUBILLAS DE SANTA MARTA | CORCOS-AGUILAREJO | CABEZÓN DEL PISUERGA | VALLADOLID UNIVERSIDAD | VALLADOLID-CAMPO GRANDE
18102,REG.EXP.,SANTANDER | VALDECILLA | MALIAÑO | RENEDO | TORRELAVEGA | LOS CORRALES DE BUELNA | BÁRCENA | REINOSA | MATAPORQUERA | QUINTANILLA DE LAS TORRES | AGUILAR DE CAMPOO | MAVE | ALAR DEL REY | HERRERA DE PISUERGA | ESPINOSA DE VILLAGONZALO | OSORNO | FRÓMISTA | PIÑA | AMUSCO | EL CARRIÓN | MONZÓN DE CAMPOS | PALENCIA | VENTA DE BAÑOS | DUEÑAS | CUBILLAS DE SANTA MARTA | CORCOS-AGUILAREJO | CABEZÓN DEL PISUERGA | VALLADOLID UNIVERSIDAD | VALLADOLID-CAMPO GRANDE
18102,REG.EXP.,SANTANDER | VALDECILLA | MALIAÑO | RENEDO | TORRELAVEGA | LOS CORRALES DE BUELNA | BÁRCENA | REINOSA | MATAPORQUERA | QUINTANILLA DE LAS TORRES | AGUILAR DE CAMPOO | MAVE | ALAR DEL REY | HERRERA DE PISUERGA | ESPINOSA DE VILLAGONZALO | OSORNO | FRÓMISTA | PIÑA | AMUSCO | EL CARRIÓN | MONZÓN DE CAMPOS | PALENCIA | VENTA DE BAÑOS | DUEÑAS | CUBILLAS DE SANTA MARTA | CORCOS-AGUILAREJO | CABEZÓN DEL PISUERGA | VALLADOLID UNIVERSIDAD | VALLADOLID-CAMPO GRANDE
18102,REG.EXP.,SANTANDER | VALDECILLA | MALIAÑO | RENEDO | TORRELAVEGA | LOS CORRALES DE BUELNA | BÁRCENA | REINOSA | MATAPORQUERA | QUINTANILLA DE LAS TORRES | AGUILAR DE CAMPOO | MAVE | ALAR DEL REY | HERRERA DE PISUERGA | ESPINOSA DE VILLAGONZALO | OSORNO | FRÓMISTA | PIÑA | AMUSCO | EL CARRIÓN | MONZÓN DE CAMPOS | PALENCIA | VENTA DE BAÑOS | DUEÑAS | CUBILLAS DE SANTA MARTA | CORCOS-AGUILAREJO | CABEZÓN DEL PISUERGA | VALLADOLID UNIVERSIDAD | VALLADOLID-CAMPO GRANDE
18102,REG.EXP.,SANTANDER | VALDECILLA | MALIAÑO | RENEDO | TORRELAVEGA | LOS CORRALES DE BUELNA | BÁRCENA | REINOSA | MATAPORQUERA | QUINTANILLA DE LAS TORRES | AGUILAR DE CAMPOO | MAVE | ALAR DEL REY | HERRERA DE PISUERGA | ESPINOSA DE VILLAGONZALO | OSORNO | FRÓMISTA | PIÑA | AMUSCO | EL CARRIÓN | MONZÓN DE CAMPOS | PALENCIA | VENTA DE BAÑOS | DUEÑAS | CUBILLAS DE SANTA MARTA | CORCOS-AGUILAREJO | CABEZÓN DEL PISUERGA | VALLADOLID UNIVERSIDAD | VALLADOLID-CAMPO GRANDE
18102,REG.EXP.,SANTANDER | VALDECILLA | MALIAÑO | RENEDO | TORRELAVEGA | LOS CORRALES DE BUELNA | BÁRCENA | REINOSA | MATAPORQUERA | QUINTANILLA DE LAS TORRES | AGUILAR DE CAMPOO | MAVE | ALAR DEL REY | HERRERA DE PISUERGA | ESPINOSA DE VILLAGONZALO | OSORNO | FRÓMISTA | PIÑA | AMUSCO | EL CARRIÓN | MONZÓN DE CAMPOS | PALENCIA | VENTA DE BAÑOS | DUEÑAS | CUBILLAS DE SANTA MARTA | CORCOS-AGUILAREJO | CABEZÓN DEL PISUERGA | VALLADOLID UNIVERSIDAD | VALLADOLID-CAMPO GRANDE
18102,REG.EXP.,SANTANDER | VALDECILLA | MALIAÑO | RENEDO | TORRELAVEGA | LOS CORRALES DE BUELNA | BÁRCENA | REINOSA | MATAPORQUERA | QUINTANILLA DE LAS TORRES | AGUILAR DE CAMPOO | MAVE | ALAR DEL REY | HERRERA DE PISUERGA | ESPINOSA DE VILLAGONZALO | OSORNO | FRÓMISTA | PIÑA | AMUSCO | EL CARRIÓN | MONZÓN DE CAMPOS | PALENCIA | VENTA DE BAÑOS | DUEÑAS | CUBILLAS DE SANTA MARTA | CORCOS-AGUILAREJO | CABEZÓN DEL PISUERGA | VALLADOLID UNIVERSIDAD | VALLADOLID-CAMPO GRANDE
18102,REG.EXP.,SANTANDER | VALDECILLA | MALIAÑO | RENEDO | TORRELAVEGA | LOS CORRALES DE BUELNA | BÁRCENA | REINOSA | MATAPORQUERA | QUINTANILLA DE LAS TORRES | AGUILAR DE CAMPOO | MAVE | ALAR DEL REY | HERRERA DE PISUERGA | ESPINOSA DE VILLAGONZALO | OSORNO | FRÓMISTA | PIÑA | AMUSCO | EL CARRIÓN | MONZÓN DE CAMPOS | PALENCIA | VENTA DE BAÑOS | DUEÑAS | CUBILLAS DE SANTA MARTA | CORCOS-AGUILAREJO | CABEZÓN DEL PISUERGA | VALLADOLID UNIVERSIDAD | VALLADOLID-CAMPO GRANDE
18102,REG.EXP.,SANTANDER | VALDECILLA | MALIAÑO | RENEDO | TORRELAVEGA | LOS CORRALES DE BUELNA | BÁRCENA | REINOSA | MATAPORQUERA | QUINTANILLA DE LAS TORRES | AGUILAR DE CAMPOO | MAVE | ALAR DEL REY | HERRERA DE PISUERGA | ESPINOSA DE VILLAGONZALO | OSORNO | FRÓMISTA | PIÑA | AMUSCO | EL CARRIÓN | MONZÓN DE CAMPOS | PALENCIA | VENTA DE BAÑOS | DUEÑAS | CUBILLAS DE SANTA MARTA | CORCOS-AGUILAREJO | CABEZÓN DEL PISUERGA | VALLADOLID UNIVERSIDAD | VALLADOLID-CAMPO GRANDE
18102,REG.EXP.,SANTANDER | VALDECILLA | MALIAÑO | RENEDO | TORRELAVEGA | LOS CORRALES DE BUELNA | BÁRCENA | REINOSA | MATAPORQUERA | QUINTANILLA DE LAS TORRES | AGUILAR DE CAMPOO | MAVE | ALAR DEL REY | HERRERA DE PISUERGA | ESPINOSA DE VILLAGONZALO | OSORNO | FRÓMISTA | PIÑA | AMUSCO | EL CARRIÓN | MONZÓN DE CAMPOS | PALENCIA | VENTA DE BAÑOS | DUEÑAS | CUBILLAS DE SANTA MARTA | CORCOS-AGUILAREJO | CABEZÓN DEL PISUERGA | VALLADOLID UNIVERSIDAD | VALLADOLID-CAMPO GRANDE
18102,REG.EXP.,SANTANDER | VALDECILLA | MALIAÑO | RENEDO | TORRELAVEGA | LOS CORRALES DE BUELNA | BÁRCENA | REINOSA | MATAPORQUERA | QUINTANILLA DE LAS TORRES | AGUILAR DE CAMPOO | MAVE | ALAR DEL REY | HERRERA DE PISUERGA | ESPINOSA DE VILLAGONZALO | OSORNO | FRÓMISTA | PIÑA | AMUSCO | EL CARRIÓN | MONZÓN DE CAMPOS | PALENCIA | VENTA DE BAÑOS | DUEÑAS | CUBILLAS DE SANTA MARTA | CORCOS-AGUILAREJO | CABEZÓN DEL PISUERGA | VALLADOLID UNIVERSIDAD | VALLADOLID-CAMPO GRANDE
18101,REG.EXP.,VALLADOLID-CAMPO GRANDE | VALLADOLID UNIVERSIDAD | CABEZÓN DEL PISUERGA | CORCOS-AGUILAREJO | CUBILLAS DE SANTA MARTA | DUEÑAS | VENTA DE BAÑOS | PALENCIA | EL CARRIÓN | PIÑA | FRÓMISTA | OSORNO | ESPINOSA DE VILLAGONZALO | HERRERA DE PISUERGA | ALAR DEL REY | AGUILAR DE CAMPOO | MATAPORQUERA | REINOSA | BÁRCENA | LOS CORRALES DE BUELNA | TORRELAVEGA | RENEDO | MALIAÑO | VALDECILLA | SANTANDER
18105,REG.EXP.,VALLADOLID-CAMPO GRANDE | VALLADOLID UNIVERSIDAD | CABEZÓN DEL PISUERGA | CORCOS-AGUILAREJO | CUBILLAS DE SANTA MARTA | DUEÑAS | VENTA DE BAÑOS | PALENCIA | MONZÓN DE CAMPOS | EL CARRIÓN | AMUSCO | PIÑA | FRÓMISTA | OSORNO | ESPINOSA DE VILLAGONZALO | HERRERA DE PISUERGA | ALAR DEL REY | MAVE | AGUILAR DE CAMPOO | QUINTANILLA DE LAS TORRES | MATAPORQUERA | REINOSA | BÁRCENA | LOS CORRALES DE BUELNA | TORRELAVEGA | RENEDO | MALIAÑO | VALDECILLA | SANTANDER
18102,REG.EXP.,SANTANDER | VALDECILLA | MALIAÑO | RENEDO | TORRELAVEGA | LOS CORRALES DE BUELNA | BÁRCENA | REINOSA | MATAPORQUERA | QUINTANILLA DE LAS TORRES | AGUILAR DE CAMPOO | MAVE | ALAR DEL REY | HERRERA DE PISUERGA | ESPINOSA DE VILLAGONZALO | OSORNO | FRÓMISTA | PIÑA | AMUSCO | EL CARRIÓN | MONZÓN DE CAMPOS | PALENCIA | VENTA DE BAÑOS | DUEÑAS | CUBILLAS DE SANTA MARTA | CORCOS-AGUILAREJO | CABEZÓN DEL PISUERGA | VALLADOLID UNIVERSIDAD | VALLADOLID-CAMPO GRANDE
18104,REG.EXP.,SANTANDER | VALDECILLA | MALIAÑO | RENEDO | TORRELAVEGA | LOS CORRALES DE BUELNA | BÁRCENA | REINOSA | MATAPORQUERA | AGUILAR DE CAMPOO | ALAR DEL REY | HERRERA DE PISUERGA | ESPINOSA DE VILLAGONZALO | OSORNO | FRÓMISTA | PIÑA | EL CARRIÓN | PALENCIA | VENTA DE BAÑOS | VALLADOLID UNIVERSIDAD | VALLADOLID-CAMPO GRANDE
18102,REG.EXP.,SANTANDER | VALDECILLA | MALIAÑO | RENEDO | TORRELAVEGA | LOS CORRALES DE BUELNA | BÁRCENA | REINOSA | MATAPORQUERA | QUINTANILLA DE LAS TORRES | AGUILAR DE CAMPOO | MAVE | ALAR DEL REY | HERRERA DE PISUERGA | ESPINOSA DE VILLAGONZALO | OSORNO | FRÓMISTA | PIÑA | AMUSCO | EL CARRIÓN | MONZÓN DE CAMPOS | PALENCIA | VENTA DE BAÑOS | DUEÑAS | CUBILLAS DE SANTA MARTA | CORCOS-AGUILAREJO | CABEZÓN DEL PISUERGA | VALLADOLID UNIVERSIDAD | VALLADOLID-CAMPO GRANDE
18104,REG.EXP.,SANTANDER | VALDECILLA | MALIAÑO | RENEDO | TORRELAVEGA | LOS CORRALES DE BUELNA | BÁRCENA | REINOSA | MATAPORQUERA | AGUILAR DE CAMPOO | ALAR DEL REY | HERRERA DE PISUERGA | ESPINOSA DE VILLAGONZALO | OSORNO | FRÓMISTA | PIÑA | EL CARRIÓN | PALENCIA | VENTA DE BAÑOS | VALLADOLID UNIVERSIDAD | VALLADOLID-CAMPO GRANDE
18102,REG.EXP.,SANTANDER | VALDECILLA | MALIAÑO | RENEDO | TORRELAVEGA | LOS CORRALES DE BUELNA | BÁRCENA | REINOSA | MATAPORQUERA | QUINTANILLA DE LAS TORRES | AGUILAR DE CAMPOO | MAVE | ALAR DEL REY | HERRERA DE PISUERGA | ESPINOSA DE VILLAGONZALO | OSORNO | FRÓMISTA | PIÑA | AMUSCO | EL CARRIÓN | MONZÓN DE CAMPOS | PALENCIA | VENTA DE BAÑOS | DUEÑAS | CUBILLAS DE SANTA MARTA | CORCOS-AGUILAREJO | CABEZÓN DEL PISUERGA | VALLADOLID UNIVERSIDAD | VALLADOLID-CAMPO GRANDE
18101,REG.EXP.,VALLADOLID-CAMPO GRANDE | VALLADOLID UNIVERSIDAD | CABEZÓN DEL PISUERGA | CORCOS-AGUILAREJO | CUBILLAS DE SANTA MARTA | DUEÑAS | VENTA DE BAÑOS | PALENCIA | EL CARRIÓN | PIÑA | FRÓMISTA | OSORNO | ESPINOSA DE VILLAGONZALO | HERRERA DE PISUERGA | ALAR DEL REY | AGUILAR DE CAMPOO | MATAPORQUERA | REINOSA | BÁRCENA | LOS CORRALES DE BUELNA | TORRELAVEGA | RENEDO | MALIAÑO | VALDECILLA | SANTANDER
18105,REG.EXP.,VALLADOLID-CAMPO GRANDE | VALLADOLID UNIVERSIDAD | CABEZÓN DEL PISUERGA | CORCOS-AGUILAREJO | CUBILLAS DE SANTA MARTA | DUEÑAS | VENTA DE BAÑOS | PALENCIA | MONZÓN DE CAMPOS | EL CARRIÓN | AMUSCO | PIÑA | FRÓMISTA | OSORNO | ESPINOSA DE VILLAGONZALO | HERRERA DE PISUERGA | ALAR DEL REY | MAVE | AGUILAR DE CAMPOO | QUINTANILLA DE LAS TORRES | MATAPORQUERA | REINOSA | BÁRCENA | LOS CORRALES DE BUELNA | TORRELAVEGA | RENEDO | MALIAÑO | VALDECILLA | SANTANDER
18102,REG.EXP.,SANTANDER | VALDECILLA | MALIAÑO | RENEDO | TORRELAVEGA | LOS CORRALES DE BUELNA | BÁRCENA | REINOSA | MATAPORQUERA | QUINTANILLA DE LAS TORRES | AGUILAR DE CAMPOO | MAVE | ALAR DEL REY | HERRERA DE PISUERGA | ESPINOSA DE VILLAGONZALO | OSORNO | FRÓMISTA | PIÑA | AMUSCO | EL CARRIÓN | MONZÓN DE CAMPOS | PALENCIA | VENTA DE BAÑOS | DUEÑAS | CUBILLAS DE SANTA MARTA | CORCOS-AGUILAREJO | CABEZÓN DEL PISUERGA | VALLADOLID UNIVERSIDAD | VALLADOLID-CAMPO GRANDE
18102,REG.EXP.,SANTANDER | VALDECILLA | MALIAÑO | RENEDO | TORRELAVEGA | LOS CORRALES DE BUELNA | BÁRCENA | REINOSA | MATAPORQUERA | QUINTANILLA DE LAS TORRES | AGUILAR DE CAMPOO | MAVE | ALAR DEL REY | HERRERA DE PISUERGA | ESPINOSA DE VILLAGONZALO | OSORNO | FRÓMISTA | PIÑA | AMUSCO | EL CARRIÓN | MONZÓN DE CAMPOS | PALENCIA | VENTA DE BAÑOS | DUEÑAS | CUBILLAS DE SANTA MARTA | CORCOS-AGUILAREJO | CABEZÓN DEL PISUERGA | VALLADOLID UNIVERSIDAD | VALLADOLID-CAMPO GRANDE
18104,REG.EXP.,SANTANDER | VALDECILLA | MALIAÑO | RENEDO | TORRELAVEGA | LOS CORRALES DE BUELNA | BÁRCENA | REINOSA | MATAPORQUERA | AGUILAR DE CAMPOO | ALAR DEL REY | HERRERA DE PISUERGA | ESPINOSA DE VILLAGONZALO | OSORNO | FRÓMISTA | PIÑA | EL CARRIÓN | PALENCIA | VENTA DE BAÑOS | VALLADOLID UNIVERSIDAD | VALLADOLID-CAMPO GRANDE
18102,REG.EXP.,SANTANDER | VALDECILLA | MALIAÑO | RENEDO | TORRELAVEGA | LOS CORRALES DE BUELNA | BÁRCENA | REINOSA | MATAPORQUERA | QUINTANILLA DE LAS TORRES | AGUILAR DE CAMPOO | MAVE | ALAR DEL REY | HERRERA DE PISUERGA | ESPINOSA DE VILLAGONZALO | OSORNO | FRÓMISTA | PIÑA | AMUSCO | EL CARRIÓN | MONZÓN DE CAMPOS | PALENCIA | VENTA DE BAÑOS | DUEÑAS | CUBILLAS DE SANTA MARTA | CORCOS-AGUILAREJO | CABEZÓN DEL PISUERGA | VALLADOLID UNIVERSIDAD | VALLADOLID-CAMPO GRANDE
18104,REG.EXP.,SANTANDER | VALDECILLA | MALIAÑO | RENEDO | TORRELAVEGA | LOS CORRALES DE BUELNA | BÁRCENA | REINOSA | MATAPORQUERA | AGUILAR DE CAMPOO | ALAR DEL REY | HERRERA DE PISUERGA | ESPINOSA DE VILLAGONZALO | OSORNO | FRÓMISTA | PIÑA | EL CARRIÓN | PALENCIA | VENTA DE BAÑOS | VALLADOLID UNIVERSIDAD | VALLADOLID-CAMPO GRANDE
18102,REG.EXP.,SANTANDER | VALDECILLA | MALIAÑO | RENEDO | TORRELAVEGA | LOS CORRALES DE BUELNA | BÁRCENA | REINOSA | MATAPORQUERA | QUINTANILLA DE LAS TORRES | AGUILAR DE CAMPOO | MAVE | ALAR DEL REY | HERRERA DE PISUERGA | ESPINOSA DE VILLAGONZALO | OSORNO | FRÓMISTA | PIÑA | AMUSCO | EL CARRIÓN | MONZÓN DE CAMPOS | PALENCIA | VENTA DE BAÑOS | DUEÑAS | CUBILLAS DE SANTA MARTA | CORCOS-AGUILAREJO | CABEZÓN DEL PISUERGA | VALLADOLID UNIVERSIDAD | VALLADOLID-CAMPO GRANDE
18105,REG.EXP.,VALLADOLID-CAMPO GRANDE | VALLADOLID UNIVERSIDAD | CABEZÓN DEL PISUERGA | CORCOS-AGUILAREJO | CUBILLAS DE SANTA MARTA | DUEÑAS | VENTA DE BAÑOS | PALENCIA | MONZÓN DE CAMPOS | EL CARRIÓN | AMUSCO | PIÑA | FRÓMISTA | OSORNO | ESPINOSA DE VILLAGONZALO | HERRERA DE PISUERGA | ALAR DEL REY | MAVE | AGUILAR DE CAMPOO | QUINTANILLA DE LAS TORRES | MATAPORQUERA | REINOSA | BÁRCENA | LOS CORRALES DE BUELNA | TORRELAVEGA | RENEDO | MALIAÑO | VALDECILLA | SANTANDER
18102,REG.EXP.,SANTANDER | VALDECILLA | MALIAÑO | RENEDO | TORRELAVEGA | LOS CORRALES DE BUELNA | BÁRCENA | REINOSA | MATAPORQUERA | QUINTANILLA DE LAS TORRES | AGUILAR DE CAMPOO | MAVE | ALAR DEL REY | HERRERA DE PISUERGA | ESPINOSA DE VILLAGONZALO | OSORNO | FRÓMISTA | PIÑA | AMUSCO | EL CARRIÓN | MONZÓN DE CAMPOS | PALENCIA | VENTA DE BAÑOS | DUEÑAS | CUBILLAS DE SANTA MARTA | CORCOS-AGUILAREJO | CABEZÓN DEL PISUERGA | VALLADOLID UNIVERSIDAD | VALLADOLID-CAMPO GRANDE
18102,REG.EXP.,SANTANDER | VALDECILLA | MALIAÑO | RENEDO | TORRELAVEGA | LOS CORRALES DE BUELNA | BÁRCENA | REINOSA | MATAPORQUERA | QUINTANILLA DE LAS TORRES | AGUILAR DE CAMPOO | MAVE | ALAR DEL REY | HERRERA DE PISUERGA | ESPINOSA DE VILLAGONZALO | OSORNO | FRÓMISTA | PIÑA | AMUSCO | EL CARRIÓN | MONZÓN DE CAMPOS | PALENCIA | VENTA DE BAÑOS | DUEÑAS | CUBILLAS DE SANTA MARTA | CORCOS-AGUILAREJO | CABEZÓN DEL PISUERGA | VALLADOLID UNIVERSIDAD | VALLADOLID-CAMPO GRANDE
18102,REG.EXP.,SANTANDER | VALDECILLA | MALIAÑO | RENEDO | TORRELAVEGA | LOS CORRALES DE BUELNA | BÁRCENA | REINOSA | MATAPORQUERA | QUINTANILLA DE LAS TORRES | AGUILAR DE CAMPOO | MAVE | ALAR DEL REY | HERRERA DE PISUERGA | ESPINOSA DE VILLAGONZALO | OSORNO | FRÓMISTA | PIÑA | AMUSCO | EL CARRIÓN | MONZÓN DE CAMPOS | PALENCIA | VENTA DE BAÑOS | DUEÑAS | CUBILLAS DE SANTA MARTA | CORCOS-AGUILAREJO | CABEZÓN DEL PISUERGA | VALLADOLID UNIVERSIDAD | VALLADOLID-CAMPO GRANDE
18104,REG.EXP.,SANTANDER | VALDECILLA | MALIAÑO | RENEDO | TORRELAVEGA | LOS CORRALES DE BUELNA | BÁRCENA | REINOSA | MATAPORQUERA | AGUILAR DE CAMPOO | ALAR DEL REY | HERRERA DE PISUERGA | ESPINOSA DE VILLAGONZALO | OSORNO | FRÓMISTA | PIÑA | EL CARRIÓN | PALENCIA | VENTA DE BAÑOS | VALLADOLID UNIVERSIDAD | VALLADOLID-CAMPO GRANDE
18101,REG.EXP.,VALLADOLID-CAMPO GRANDE | VALLADOLID UNIVERSIDAD | CABEZÓN DEL PISUERGA | CORCOS-AGUILAREJO | CUBILLAS DE SANTA MARTA | DUEÑAS | VENTA DE BAÑOS | PALENCIA | EL CARRIÓN | PIÑA | FRÓMISTA | OSORNO | ESPINOSA DE VILLAGONZALO | HERRERA DE PISUERGA | ALAR DEL REY | AGUILAR DE CAMPOO | MATAPORQUERA | REINOSA | BÁRCENA | LOS CORRALES DE BUELNA | TORRELAVEGA | RENEDO | MALIAÑO | VALDECILLA | SANTANDER
18105,REG.EXP.,VALLADOLID-CAMPO GRANDE | VALLADOLID UNIVERSIDAD | CABEZÓN DEL PISUERGA | CORCOS-AGUILAREJO | CUBILLAS DE SANTA MARTA | DUEÑAS | VENTA DE BAÑOS | PALENCIA | MONZÓN DE CAMPOS | EL CARRIÓN | AMUSCO | PIÑA | FRÓMISTA | OSORNO | ESPINOSA DE VILLAGONZALO | HERRERA DE PISUERGA | ALAR DEL REY | MAVE | AGUILAR DE CAMPOO | QUINTANILLA DE LAS TORRES | MATAPORQUERA | REINOSA | BÁRCENA | LOS CORRALES DE BUELNA | TORRELAVEGA | RENEDO | MALIAÑO | VALDECILLA | SANTANDER
18102,REG.EXP.,SANTANDER | VALDECILLA | MALIAÑO | RENEDO | TORRELAVEGA | LOS CORRALES DE BUELNA | BÁRCENA | REINOSA | MATAPORQUERA | QUINTANILLA DE LAS TORRES | AGUILAR DE CAMPOO | MAVE | ALAR DEL REY | HERRERA DE PISUERGA | ESPINOSA DE VILLAGONZALO | OSORNO | FRÓMISTA | PIÑA | AMUSCO | EL CARRIÓN | MONZÓN DE CAMPOS | PALENCIA | VENTA DE BAÑOS | DUEÑAS | CUBILLAS DE SANTA MARTA | CORCOS-AGUILAREJO | CABEZÓN DEL PISUERGA | VALLADOLID UNIVERSIDAD | VALLADOLID-CAMPO GRANDE
18104,REG.EXP.,SANTANDER | VALDECILLA | MALIAÑO | RENEDO | TORRELAVEGA | LOS CORRALES DE BUELNA | BÁRCENA | REINOSA | MATAPORQUERA | AGUILAR DE CAMPOO | ALAR DEL REY | HERRERA DE PISUERGA | ESPINOSA DE VILLAGONZALO | OSORNO | FRÓMISTA | PIÑA | EL CARRIÓN | PALENCIA | VENTA DE BAÑOS | VALLADOLID UNIVERSIDAD | VALLADOLID-CAMPO GRANDE
18105,REG.EXP.,VALLADOLID-CAMPO GRANDE | VALLADOLID UNIVERSIDAD | CABEZÓN DEL PISUERGA | CORCOS-AGUILAREJO | CUBILLAS DE SANTA MARTA | DUEÑAS | VENTA DE BAÑOS | PALENCIA | MONZÓN DE CAMPOS | EL CARRIÓN | AMUSCO | PIÑA | FRÓMISTA | OSORNO | ESPINOSA DE VILLAGONZALO | HERRERA DE PISUERGA | ALAR DEL REY | MAVE | AGUILAR DE CAMPOO | QUINTANILLA DE LAS TORRES | MATAPORQUERA | REINOSA | BÁRCENA | LOS CORRALES DE BUELNA | TORRELAVEGA | RENEDO | MALIAÑO | VALDECILLA | SANTANDER
18101,REG.EXP.,VALLADOLID-CAMPO GRANDE | VALLADOLID UNIVERSIDAD | CABEZÓN DEL PISUERGA | CORCOS-AGUILAREJO | CUBILLAS DE SANTA MARTA | DUEÑAS | VENTA DE BAÑOS | PALENCIA | EL CARRIÓN | PIÑA | FRÓMISTA | OSORNO | ESPINOSA DE VILLAGONZALO | HERRERA DE PISUERGA | ALAR DEL REY | AGUILAR DE CAMPOO | MATAPORQUERA | REINOSA | BÁRCENA | LOS CORRALES DE BUELNA | TORRELAVEGA | RENEDO | MALIAÑO | VALDECILLA | SANTANDER
18105,REG.EXP.,VALLADOLID-CAMPO GRANDE | VALLADOLID UNIVERSIDAD | CABEZÓN DEL PISUERGA | CORCOS-AGUILAREJO | CUBILLAS DE SANTA MARTA | DUEÑAS | VENTA DE BAÑOS | PALENCIA | MONZÓN DE CAMPOS | EL CARRIÓN | AMUSCO | PIÑA | FRÓMISTA | OSORNO | ESPINOSA DE VILLAGONZALO | HERRERA DE PISUERGA | ALAR DEL REY | MAVE | AGUILAR DE CAMPOO | QUINTANILLA DE LAS TORRES | MATAPORQUERA | REINOSA | BÁRCENA | LOS CORRALES DE BUELNA | TORRELAVEGA | RENEDO | MALIAÑO | VALDECILLA | SANTANDER
18102,REG.EXP.,SANTANDER | VALDECILLA | MALIAÑO | RENEDO | TORRELAVEGA | LOS CORRALES DE BUELNA | BÁRCENA | REINOSA | MATAPORQUERA | QUINTANILLA DE LAS TORRES | AGUILAR DE CAMPOO | MAVE | ALAR DEL REY | HERRERA DE PISUERGA | ESPINOSA DE VILLAGONZALO | OSORNO | FRÓMISTA | PIÑA | AMUSCO | EL CARRIÓN | MONZÓN DE CAMPOS | PALENCIA | VENTA DE BAÑOS | DUEÑAS | CUBILLAS DE SANTA MARTA | CORCOS-AGUILAREJO | CABEZÓN DEL PISUERGA | VALLADOLID UNIVERSIDAD | VALLADOLID-CAMPO GRANDE
18104,REG.EXP.,SANTANDER | VALDECILLA | MALIAÑO | RENEDO | TORRELAVEGA | LOS CORRALES DE BUELNA | BÁRCENA | REINOSA | MATAPORQUERA | AGUILAR DE CAMPOO | ALAR DEL REY | HERRERA DE PISUERGA | ESPINOSA DE VILLAGONZALO | OSORNO | FRÓMISTA | PIÑA | EL CARRIÓN | PALENCIA | VENTA DE BAÑOS | VALLADOLID UNIVERSIDAD | VALLADOLID-CAMPO GRANDE
18214,REG.EXP.,LEÓN | PALANQUINOS | SANTAS MARTAS | EL BURGO RANERO | SAHAGÚN | GRAJAL | VILLADA | CISNEROS | PAREDES DE NAVA | BECERRIL | GRIJOTA | PALENCIA
18214,REG.EXP.,LEÓN | PALANQUINOS | SANTAS MARTAS | EL BURGO RANERO | SAHAGÚN | GRAJAL | VILLADA | CISNEROS | PAREDES DE NAVA | BECERRIL | GRIJOTA | PALENCIA
18214,REG.EXP.,LEÓN | PALANQUINOS | SANTAS MARTAS | EL BURGO RANERO | SAHAGÚN | GRAJAL | VILLADA | CISNEROS | PAREDES DE NAVA | BECERRIL | GRIJOTA | PALENCIA
18214,REG.EXP.,LEÓN | PALANQUINOS | SANTAS MARTAS | EL BURGO RANERO | SAHAGÚN | GRAJAL | VILLADA | CISNEROS | PAREDES DE NAVA | BECERRIL | GRIJOTA | PALENCIA
18215,REG.EXP.,PALENCIA | GRIJOTA | BECERRIL | PAREDES DE NAVA | CISNEROS | VILLADA | GRAJAL | SAHAGÚN | EL BURGO RANERO | SANTAS MARTAS | PALANQUINOS | LEÓN
12100,REGIONAL,GIJÓN-SANZ CRESPO | CALZADA DE ASTURIAS | OVIEDO | LLAMAQUIQUE | MIERES-PUENTE | UJO | POLA DE LENA | CAMPOMANES | PUENTE DE LOS FIERROS | LINARES-CONGOSTINAS | BUSDONGO | VILLAMANÍN | SANTA LUCÍA | LA POLA DE GORDÓN | LA ROBLA | LEÓN | PALANQUINOS | EL BURGO RANERO | SAHAGÚN | GRAJAL | VILLADA | PAREDES DE NAVA | BECERRIL | GRIJOTA | PALENCIA | VENTA DE BAÑOS | DUEÑAS | CUBILLAS DE SANTA MARTA | CORCOS-AGUILAREJO | CABEZÓN DEL PISUERGA | VALLADOLID UNIVERSIDAD | VALLADOLID-CAMPO GRANDE
12100,REGIONAL,GIJÓN-SANZ CRESPO | CALZADA DE ASTURIAS | OVIEDO | LLAMAQUIQUE | MIERES-PUENTE | UJO | POLA DE LENA | CAMPOMANES | PUENTE DE LOS FIERROS | LINARES-CONGOSTINAS | BUSDONGO | VILLAMANÍN | SANTA LUCÍA | LA POLA DE GORDÓN | LA ROBLA | LEÓN | PALANQUINOS | EL BURGO RANERO | SAHAGÚN | GRAJAL | VILLADA | PAREDES DE NAVA | BECERRIL | GRIJOTA | PALENCIA | VENTA DE BAÑOS | DUEÑAS | CUBILLAS DE SANTA MARTA | CORCOS-AGUILAREJO | CABEZÓN DEL PISUERGA | VALLADOLID UNIVERSIDAD | VALLADOLID-CAMPO GRANDE
12100,REGIONAL,GIJÓN-SANZ CRESPO | CALZADA DE ASTURIAS | OVIEDO | LLAMAQUIQUE | MIERES-PUENTE | UJO | POLA DE LENA | CAMPOMANES | PUENTE DE LOS FIERROS | LINARES-CONGOSTINAS | BUSDONGO | VILLAMANÍN | SANTA LUCÍA | LA POLA DE GORDÓN | LA ROBLA | LEÓN | PALANQUINOS | EL BURGO RANERO | SAHAGÚN | GRAJAL | VILLADA | PAREDES DE NAVA | BECERRIL | GRIJOTA | PALENCIA | VENTA DE BAÑOS | DUEÑAS | CUBILLAS DE SANTA MARTA | CORCOS-AGUILAREJO | CABEZÓN DEL PISUERGA | VALLADOLID UNIVERSIDAD | VALLADOLID-CAMPO GRANDE
12100,REGIONAL,GIJÓN-SANZ CRESPO | CALZADA DE ASTURIAS | OVIEDO | LLAMAQUIQUE | MIERES-PUENTE | UJO | POLA DE LENA | CAMPOMANES | PUENTE DE LOS FIERROS | LINARES-CONGOSTINAS | BUSDONGO | VILLAMANÍN | SANTA LUCÍA | LA POLA DE GORDÓN | LA ROBLA | LEÓN | PALANQUINOS | EL BURGO RANERO | SAHAGÚN | GRAJAL | VILLADA | PAREDES DE NAVA | BECERRIL | GRIJOTA | PALENCIA | VENTA DE BAÑOS | DUEÑAS | CUBILLAS DE SANTA MARTA | CORCOS-AGUILAREJO | CABEZÓN DEL PISUERGA | VALLADOLID UNIVERSIDAD | VALLADOLID-CAMPO GRANDE
18215,REG.EXP.,PALENCIA | GRIJOTA | BECERRIL | PAREDES DE NAVA | CISNEROS | VILLADA | GRAJAL | SAHAGÚN | EL BURGO RANERO | SANTAS MARTAS | PALANQUINOS | LEÓN
18215,REG.EXP.,PALENCIA | GRIJOTA | BECERRIL | PAREDES DE NAVA | CISNEROS | VILLADA | GRAJAL | SAHAGÚN | EL BURGO RANERO | SANTAS MARTAS | PALANQUINOS | LEÓN
12100,REGIONAL,GIJÓN-SANZ CRESPO | CALZADA DE ASTURIAS | OVIEDO | LLAMAQUIQUE | MIERES-PUENTE | UJO | POLA DE LENA | CAMPOMANES | PUENTE DE LOS FIERROS | LINARES-CONGOSTINAS | BUSDONGO | VILLAMANÍN | SANTA LUCÍA | LA POLA DE GORDÓN | LA ROBLA | LEÓN | PALANQUINOS | EL BURGO RANERO | SAHAGÚN | GRAJAL | VILLADA | PAREDES DE NAVA | BECERRIL | GRIJOTA | PALENCIA | VENTA DE BAÑOS | DUEÑAS | CUBILLAS DE SANTA MARTA | CORCOS-AGUILAREJO | CABEZÓN DEL PISUERGA | VALLADOLID UNIVERSIDAD | VALLADOLID-CAMPO GRANDE
12100,REGIONAL,GIJÓN-SANZ CRESPO | CALZADA DE ASTURIAS | OVIEDO | LLAMAQUIQUE | MIERES-PUENTE | UJO | POLA DE LENA | CAMPOMANES | PUENTE DE LOS FIERROS | LINARES-CONGOSTINAS | BUSDONGO | VILLAMANÍN | SANTA LUCÍA | LA POLA DE GORDÓN | LA ROBLA | LEÓN | PALANQUINOS | EL BURGO RANERO | SAHAGÚN | GRAJAL | VILLADA | PAREDES DE NAVA | BECERRIL | GRIJOTA | PALENCIA | VENTA DE BAÑOS | DUEÑAS | CUBILLAS DE SANTA MARTA | CORCOS-AGUILAREJO | CABEZÓN DEL PISUERGA | VALLADOLID UNIVERSIDAD | VALLADOLID-CAMPO GRANDE
18214,REG.EXP.,LEÓN | PALANQUINOS | SANTAS MARTAS | EL BURGO RANERO | SAHAGÚN | GRAJAL | VILLADA | CISNEROS | PAREDES DE NAVA | BECERRIL | GRIJOTA | PALENCIA
12100,REGIONAL,GIJÓN-SANZ CRESPO | CALZADA DE ASTURIAS | OVIEDO | LLAMAQUIQUE | MIERES-PUENTE | UJO | POLA DE LENA | CAMPOMANES | PUENTE DE LOS FIERROS | LINARES-CONGOSTINAS | BUSDONGO | VILLAMANÍN | SANTA LUCÍA | LA POLA DE GORDÓN | LA ROBLA | LEÓN | PALANQUINOS | EL BURGO RANERO | SAHAGÚN | GRAJAL | VILLADA | PAREDES DE NAVA | BECERRIL | GRIJOTA | PALENCIA | VENTA DE BAÑOS | DUEÑAS | CUBILLAS DE SANTA MARTA | CORCOS-AGUILAREJO | CABEZÓN DEL PISUERGA | VALLADOLID UNIVERSIDAD | VALLADOLID-CAMPO GRANDE
18215,REG.EXP.,PALENCIA | GRIJOTA | BECERRIL | PAREDES DE NAVA | CISNEROS | VILLADA | GRAJAL | SAHAGÚN | EL BURGO RANERO | SANTAS MARTAS | PALANQUINOS | LEÓN
18215,REG.EXP.,PALENCIA | GRIJOTA | BECERRIL | PAREDES DE NAVA | CISNEROS | VILLADA | GRAJAL | SAHAGÚN | EL BURGO RANERO | SANTAS MARTAS | PALANQUINOS | LEÓN
18306,MD,SALAMANCA | MORISCOS | GOMECELLO | PITIEGUA | EL PEDROSO DE LA ARMUÑA | CANTALAPIEDRA | FRESNO EL VIEJO | EL CARPIO | MEDINA DEL CAMPO | POZALDEZ | MATAPOZUELOS | VALDESTILLAS | VIANA | VALLADOLID-CAMPO GRANDE | VALLADOLID UNIVERSIDAD | VENTA DE BAÑOS | PALENCIA
38306,PROXIMDAD,MEDINA DEL CAMPO | POZALDEZ | MATAPOZUELOS | VALDESTILLAS | VIANA | VALLADOLID-CAMPO GRANDE | VALLADOLID UNIVERSIDAD | VENTA DE BAÑOS | PALENCIA
18322,REG.EXP.,VALLADOLID-CAMPO GRANDE | VIANA | VALDESTILLAS | MATAPOZUELOS | POZALDEZ | MEDINA DEL CAMPO | NAVA DEL REY | TORO | ZAMORA | CARBAJALES DE ALBA | FERRERUELA DE TÁBARA | ABEJERA | SARRACÍN DE ALISTE | CABAÑAS DE ALISTE | LINAREJOS-PEDROSO | PUEBLA DE SANABRIA
17201,REG.EXP.,ÁVILA | ARÉVALO | MEDINA DEL CAMPO | POZALDEZ | MATAPOZUELOS | VALDESTILLAS | VIANA | VALLADOLID-CAMPO GRANDE | VALLADOLID UNIVERSIDAD
38301,PROXIMDAD,MEDINA DEL CAMPO | POZALDEZ | MATAPOZUELOS | VALDESTILLAS | VIANA | VALLADOLID-CAMPO GRANDE | VALLADOLID UNIVERSIDAD
18306,MD,SALAMANCA | MORISCOS | GOMECELLO | PITIEGUA | EL PEDROSO DE LA ARMUÑA | CANTALAPIEDRA | FRESNO EL VIEJO | EL CARPIO | MEDINA DEL CAMPO | POZALDEZ | MATAPOZUELOS | VALDESTILLAS | VIANA | VALLADOLID-CAMPO GRANDE | VALLADOLID UNIVERSIDAD | VENTA DE BAÑOS | PALENCIA
38306,PROXIMDAD,MEDINA DEL CAMPO | POZALDEZ | MATAPOZUELOS | VALDESTILLAS | VIANA | VALLADOLID-CAMPO GRANDE | VALLADOLID UNIVERSIDAD | VENTA DE BAÑOS | PALENCIA
17227,PROXIMDAD,MEDINA DEL CAMPO | POZALDEZ | MATAPOZUELOS | VALDESTILLAS | VIANA | VALLADOLID-CAMPO GRANDE
17201,REG.EXP.,ÁVILA | ARÉVALO | MEDINA DEL CAMPO | POZALDEZ | MATAPOZUELOS | VALDESTILLAS | VIANA | VALLADOLID-CAMPO GRANDE | VALLADOLID UNIVERSIDAD
38301,PROXIMDAD,MEDINA DEL CAMPO | POZALDEZ | MATAPOZUELOS | VALDESTILLAS | VIANA | VALLADOLID-CAMPO GRANDE | VALLADOLID UNIVERSIDAD
18321,REG.EXP.,PUEBLA DE SANABRIA | LINAREJOS-PEDROSO | CABAÑAS DE ALISTE | SARRACÍN DE ALISTE | ABEJERA | FERRERUELA DE TÁBARA | CARBAJALES DE ALBA | ZAMORA | TORO | NAVA DEL REY | MEDINA DEL CAMPO | POZALDEZ | MATAPOZUELOS | VALDESTILLAS | VIANA | VALLADOLID-CAMPO GRANDE
38321,PROXIMDAD,MEDINA DEL CAMPO | POZALDEZ | MATAPOZUELOS | VALDESTILLAS | VIANA | VALLADOLID-CAMPO GRANDE
18302,REG.EXP.,SALAMANCA | MEDINA DEL CAMPO | POZALDEZ | MATAPOZUELOS | VALDESTILLAS | VIANA | VALLADOLID-CAMPO GRANDE
18306,MD,SALAMANCA | MORISCOS | GOMECELLO | PITIEGUA | EL PEDROSO DE LA ARMUÑA | CANTALAPIEDRA | FRESNO EL VIEJO | EL CARPIO | MEDINA DEL CAMPO | POZALDEZ | MATAPOZUELOS | VALDESTILLAS | VIANA | VALLADOLID-CAMPO GRANDE | VALLADOLID UNIVERSIDAD | VENTA DE BAÑOS | PALENCIA
38306,PROXIMDAD,MEDINA DEL CAMPO | POZALDEZ | MATAPOZUELOS | VALDESTILLAS | VIANA | VALLADOLID-CAMPO GRANDE | VALLADOLID UNIVERSIDAD | VENTA DE BAÑOS | PALENCIA
17221,REG.EXP.,ÁVILA | ARÉVALO | MEDINA DEL CAMPO | POZALDEZ | MATAPOZUELOS | VALDESTILLAS | VIANA | VALLADOLID-CAMPO GRANDE
38221,PROXIMDAD,MEDINA DEL CAMPO | POZALDEZ | MATAPOZUELOS | VALDESTILLAS | VIANA | VALLADOLID-CAMPO GRANDE
17229,PROXIMDAD,MEDINA DEL CAMPO | POZALDEZ | MATAPOZUELOS | VALDESTILLAS | VIANA | VALLADOLID-CAMPO GRANDE
18312,REG.EXP.,SALAMANCA | GOMECELLO | PITIEGUA | EL PEDROSO DE LA ARMUÑA | CANTALAPIEDRA | FRESNO EL VIEJO | EL CARPIO | CAMPILLO | MEDINA DEL CAMPO | POZALDEZ | MATAPOZUELOS | VALDESTILLAS | VIANA | VALLADOLID-CAMPO GRANDE
38312,PROXIMDAD,MEDINA DEL CAMPO | POZALDEZ | MATAPOZUELOS | VALDESTILLAS | VIANA | VALLADOLID-CAMPO GRANDE
17227,PROXIMDAD,MEDINA DEL CAMPO | POZALDEZ | MATAPOZUELOS | VALDESTILLAS | VIANA | VALLADOLID-CAMPO GRANDE
17201,REG.EXP.,ÁVILA | ARÉVALO | MEDINA DEL CAMPO | POZALDEZ | MATAPOZUELOS | VALDESTILLAS | VIANA | VALLADOLID-CAMPO GRANDE | VALLADOLID UNIVERSIDAD
38301,PROXIMDAD,MEDINA DEL CAMPO | POZALDEZ | MATAPOZUELOS | VALDESTILLAS | VIANA | VALLADOLID-CAMPO GRANDE | VALLADOLID UNIVERSIDAD
18321,REG.EXP.,PUEBLA DE SANABRIA | LINAREJOS-PEDROSO | CABAÑAS DE ALISTE | SARRACÍN DE ALISTE | ABEJERA | FERRERUELA DE TÁBARA | CARBAJALES DE ALBA | ZAMORA | TORO | NAVA DEL REY | MEDINA DEL CAMPO | POZALDEZ | MATAPOZUELOS | VALDESTILLAS | VIANA | VALLADOLID-CAMPO GRANDE
38321,PROXIMDAD,MEDINA DEL CAMPO | POZALDEZ | MATAPOZUELOS | VALDESTILLAS | VIANA | VALLADOLID-CAMPO GRANDE
18302,REG.EXP.,SALAMANCA | MEDINA DEL CAMPO | POZALDEZ | MATAPOZUELOS | VALDESTILLAS | VIANA | VALLADOLID-CAMPO GRANDE
18306,MD,SALAMANCA | MORISCOS | GOMECELLO | PITIEGUA | EL PEDROSO DE LA ARMUÑA | CANTALAPIEDRA | FRESNO EL VIEJO | EL CARPIO | MEDINA DEL CAMPO | POZALDEZ | MATAPOZUELOS | VALDESTILLAS | VIANA | VALLADOLID-CAMPO GRANDE | VALLADOLID UNIVERSIDAD | VENTA DE BAÑOS | PALENCIA
38306,PROXIMDAD,MEDINA DEL CAMPO | POZALDEZ | MATAPOZUELOS | VALDESTILLAS | VIANA | VALLADOLID-CAMPO GRANDE | VALLADOLID UNIVERSIDAD | VENTA DE BAÑOS | PALENCIA
17221,REG.EXP.,ÁVILA | ARÉVALO | MEDINA DEL CAMPO | POZALDEZ | MATAPOZUELOS | VALDESTILLAS | VIANA | VALLADOLID-CAMPO GRANDE
38221,PROXIMDAD,MEDINA DEL CAMPO | POZALDEZ | MATAPOZUELOS | VALDESTILLAS | VIANA | VALLADOLID-CAMPO GRANDE
17229,PROXIMDAD,MEDINA DEL CAMPO | POZALDEZ | MATAPOZUELOS | VALDESTILLAS | VIANA | VALLADOLID-CAMPO GRANDE
18312,REG.EXP.,SALAMANCA | GOMECELLO | PITIEGUA | EL PEDROSO DE LA ARMUÑA | CANTALAPIEDRA | FRESNO EL VIEJO | EL CARPIO | CAMPILLO | MEDINA DEL CAMPO | POZALDEZ | MATAPOZUELOS | VALDESTILLAS | VIANA | VALLADOLID-CAMPO GRANDE
38312,PROXIMDAD,MEDINA DEL CAMPO | POZALDEZ | MATAPOZUELOS | VALDESTILLAS | VIANA | VALLADOLID-CAMPO GRANDE
18300,REG.EXP.,VALLADOLID-CAMPO GRANDE | VIANA | VALDESTILLAS | MATAPOZUELOS | POZALDEZ | MEDINA DEL CAMPO | EL CARPIO | FRESNO EL VIEJO | CANTALAPIEDRA | EL PEDROSO DE LA ARMUÑA | PITIEGUA | GOMECELLO | MORISCOS | SALAMANCA | SALAMANCA-LA ALAMEDILLA
18318,REG.EXP.,VALLADOLID-CAMPO GRANDE | VIANA | VALDESTILLAS | MATAPOZUELOS | POZALDEZ | MEDINA DEL CAMPO | EL CARPIO | FRESNO EL VIEJO | CANTALAPIEDRA | GOMECELLO | SALAMANCA | SALAMANCA-LA ALAMEDILLA
17227,PROXIMDAD,MEDINA DEL CAMPO | POZALDEZ | MATAPOZUELOS | VALDESTILLAS | VIANA | VALLADOLID-CAMPO GRANDE
17201,REG.EXP.,ÁVILA | ARÉVALO | MEDINA DEL CAMPO | POZALDEZ | MATAPOZUELOS | VALDESTILLAS | VIANA | VALLADOLID-CAMPO GRANDE | VALLADOLID UNIVERSIDAD
38301,PROXIMDAD,MEDINA DEL CAMPO | POZALDEZ | MATAPOZUELOS | VALDESTILLAS | VIANA | VALLADOLID-CAMPO GRANDE | VALLADOLID UNIVERSIDAD
18321,REG.EXP.,PUEBLA DE SANABRIA | LINAREJOS-PEDROSO | CABAÑAS DE ALISTE | SARRACÍN DE ALISTE | ABEJERA | FERRERUELA DE TÁBARA | CARBAJALES DE ALBA | ZAMORA | TORO | NAVA DEL REY | MEDINA DEL CAMPO | POZALDEZ | MATAPOZUELOS | VALDESTILLAS | VIANA | VALLADOLID-CAMPO GRANDE
38321,PROXIMDAD,MEDINA DEL CAMPO | POZALDEZ | MATAPOZUELOS | VALDESTILLAS | VIANA | VALLADOLID-CAMPO GRANDE
18302,REG.EXP.,SALAMANCA | MEDINA DEL CAMPO | POZALDEZ | MATAPOZUELOS | VALDESTILLAS | VIANA | VALLADOLID-CAMPO GRANDE
18306,MD,SALAMANCA | MORISCOS | GOMECELLO | PITIEGUA | EL PEDROSO DE LA ARMUÑA | CANTALAPIEDRA | FRESNO EL VIEJO | EL CARPIO | MEDINA DEL CAMPO | POZALDEZ | MATAPOZUELOS | VALDESTILLAS | VIANA | VALLADOLID-CAMPO GRANDE | VALLADOLID UNIVERSIDAD | VENTA DE BAÑOS | PALENCIA
38306,PROXIMDAD,MEDINA DEL CAMPO | POZALDEZ | MATAPOZUELOS | VALDESTILLAS | VIANA | VALLADOLID-CAMPO GRANDE | VALLADOLID UNIVERSIDAD | VENTA DE BAÑOS | PALENCIA
17221,REG.EXP.,ÁVILA | ARÉVALO | MEDINA DEL CAMPO | POZALDEZ | MATAPOZUELOS | VALDESTILLAS | VIANA | VALLADOLID-CAMPO GRANDE
38221,PROXIMDAD,MEDINA DEL CAMPO | POZALDEZ | MATAPOZUELOS | VALDESTILLAS | VIANA | VALLADOLID-CAMPO GRANDE
17229,PROXIMDAD,MEDINA DEL CAMPO | POZALDEZ | MATAPOZUELOS | VALDESTILLAS | VIANA | VALLADOLID-CAMPO GRANDE
18312,REG.EXP.,SALAMANCA | GOMECELLO | PITIEGUA | EL PEDROSO DE LA ARMUÑA | CANTALAPIEDRA | FRESNO EL VIEJO | EL CARPIO | CAMPILLO | MEDINA DEL CAMPO | POZALDEZ | MATAPOZUELOS | VALDESTILLAS | VIANA | VALLADOLID-CAMPO GRANDE
38312,PROXIMDAD,MEDINA DEL CAMPO | POZALDEZ | MATAPOZUELOS | VALDESTILLAS | VIANA | VALLADOLID-CAMPO GRANDE
18306,MD,SALAMANCA | MORISCOS | GOMECELLO | PITIEGUA | EL PEDROSO DE LA ARMUÑA | CANTALAPIEDRA | FRESNO EL VIEJO | EL CARPIO | MEDINA DEL CAMPO | POZALDEZ | MATAPOZUELOS | VALDESTILLAS | VIANA | VALLADOLID-CAMPO GRANDE | VALLADOLID UNIVERSIDAD | VENTA DE BAÑOS | PALENCIA
38306,PROXIMDAD,MEDINA DEL CAMPO | POZALDEZ | MATAPOZUELOS | VALDESTILLAS | VIANA | VALLADOLID-CAMPO GRANDE | VALLADOLID UNIVERSIDAD | VENTA DE BAÑOS | PALENCIA
18300,REG.EXP.,VALLADOLID-CAMPO GRANDE | VIANA | VALDESTILLAS | MATAPOZUELOS | POZALDEZ | MEDINA DEL CAMPO | EL CARPIO | FRESNO EL VIEJO | CANTALAPIEDRA | EL PEDROSO DE LA ARMUÑA | PITIEGUA | GOMECELLO | MORISCOS | SALAMANCA | SALAMANCA-LA ALAMEDILLA
18318,REG.EXP.,VALLADOLID-CAMPO GRANDE | VIANA | VALDESTILLAS | MATAPOZUELOS | POZALDEZ | MEDINA DEL CAMPO | EL CARPIO | FRESNO EL VIEJO | CANTALAPIEDRA | GOMECELLO | SALAMANCA | SALAMANCA-LA ALAMEDILLA
17227,PROXIMDAD,MEDINA DEL CAMPO | POZALDEZ | MATAPOZUELOS | VALDESTILLAS | VIANA | VALLADOLID-CAMPO GRANDE
17201,REG.EXP.,ÁVILA | ARÉVALO | MEDINA DEL CAMPO | POZALDEZ | MATAPOZUELOS | VALDESTILLAS | VIANA | VALLADOLID-CAMPO GRANDE | VALLADOLID UNIVERSIDAD
38301,PROXIMDAD,MEDINA DEL CAMPO | POZALDEZ | MATAPOZUELOS | VALDESTILLAS | VIANA | VALLADOLID-CAMPO GRANDE | VALLADOLID UNIVERSIDAD
18321,REG.EXP.,PUEBLA DE SANABRIA | LINAREJOS-PEDROSO | CABAÑAS DE ALISTE | SARRACÍN DE ALISTE | ABEJERA | FERRERUELA DE TÁBARA | CARBAJALES DE ALBA | ZAMORA | TORO | NAVA DEL REY | MEDINA DEL CAMPO | POZALDEZ | MATAPOZUELOS | VALDESTILLAS | VIANA | VALLADOLID-CAMPO GRANDE
38321,PROXIMDAD,MEDINA DEL CAMPO | POZALDEZ | MATAPOZUELOS | VALDESTILLAS | VIANA | VALLADOLID-CAMPO GRANDE
18302,REG.EXP.,SALAMANCA | MEDINA DEL CAMPO | POZALDEZ | MATAPOZUELOS | VALDESTILLAS | VIANA | VALLADOLID-CAMPO GRANDE
18306,MD,SALAMANCA | MORISCOS | GOMECELLO | PITIEGUA | EL PEDROSO DE LA ARMUÑA | CANTALAPIEDRA | FRESNO EL VIEJO | EL CARPIO | MEDINA DEL CAMPO | POZALDEZ | MATAPOZUELOS | VALDESTILLAS | VIANA | VALLADOLID-CAMPO GRANDE | VALLADOLID UNIVERSIDAD | VENTA DE BAÑOS | PALENCIA
38306,PROXIMDAD,MEDINA DEL CAMPO | POZALDEZ | MATAPOZUELOS | VALDESTILLAS | VIANA | VALLADOLID-CAMPO GRANDE | VALLADOLID UNIVERSIDAD | VENTA DE BAÑOS | PALENCIA
17221,REG.EXP.,ÁVILA | ARÉVALO | MEDINA DEL CAMPO | POZALDEZ | MATAPOZUELOS | VALDESTILLAS | VIANA | VALLADOLID-CAMPO GRANDE
38221,PROXIMDAD,MEDINA DEL CAMPO | POZALDEZ | MATAPOZUELOS | VALDESTILLAS | VIANA | VALLADOLID-CAMPO GRANDE
17229,PROXIMDAD,MEDINA DEL CAMPO | POZALDEZ | MATAPOZUELOS | VALDESTILLAS | VIANA | VALLADOLID-CAMPO GRANDE
18312,REG.EXP.,SALAMANCA | GOMECELLO | PITIEGUA | EL PEDROSO DE LA ARMUÑA | CANTALAPIEDRA | FRESNO EL VIEJO | EL CARPIO | CAMPILLO | MEDINA DEL CAMPO | POZALDEZ | MATAPOZUELOS | VALDESTILLAS | VIANA | VALLADOLID-CAMPO GRANDE
38312,PROXIMDAD,MEDINA DEL CAMPO | POZALDEZ | MATAPOZUELOS | VALDESTILLAS | VIANA | VALLADOLID-CAMPO GRANDE
18101,REG.EXP.,VALLADOLID-CAMPO GRANDE | VALLADOLID UNIVERSIDAD | CABEZÓN DEL PISUERGA | CORCOS-AGUILAREJO | CUBILLAS DE SANTA MARTA | DUEÑAS | VENTA DE BAÑOS | PALENCIA | EL CARRIÓN | PIÑA | FRÓMISTA | OSORNO | ESPINOSA DE VILLAGONZALO | HERRERA DE PISUERGA | ALAR DEL REY | AGUILAR DE CAMPOO | MATAPORQUERA | REINOSA | BÁRCENA | LOS CORRALES DE BUELNA | TORRELAVEGA | RENEDO | MALIAÑO | VALDECILLA | SANTANDER
18105,REG.EXP.,VALLADOLID-CAMPO GRANDE | VALLADOLID UNIVERSIDAD | CABEZÓN DEL PISUERGA | CORCOS-AGUILAREJO | CUBILLAS DE SANTA MARTA | DUEÑAS | VENTA DE BAÑOS | PALENCIA | MONZÓN DE CAMPOS | EL CARRIÓN | AMUSCO | PIÑA | FRÓMISTA | OSORNO | ESPINOSA DE VILLAGONZALO | HERRERA DE PISUERGA | ALAR DEL REY | MAVE | AGUILAR DE CAMPOO | QUINTANILLA DE LAS TORRES | MATAPORQUERA | REINOSA | BÁRCENA | LOS CORRALES DE BUELNA | TORRELAVEGA | RENEDO | MALIAÑO | VALDECILLA | SANTANDER
12101,REGIONAL,VALLADOLID-CAMPO GRANDE | VALLADOLID UNIVERSIDAD | CABEZÓN DEL PISUERGA | DUEÑAS | VENTA DE BAÑOS | PALENCIA | PAREDES DE NAVA | VILLADA | GRAJAL | SAHAGÚN | EL BURGO RANERO | PALANQUINOS | LEÓN | LA ROBLA | LA POLA DE GORDÓN | SANTA LUCÍA | VILLAMANÍN | BUSDONGO | LINARES-CONGOSTINAS | PUENTE DE LOS FIERROS | CAMPOMANES | POLA DE LENA | UJO | MIERES-PUENTE | LLAMAQUIQUE | OVIEDO | CALZADA DE ASTURIAS | GIJÓN-SANZ CRESPO
18101,REG.EXP.,VALLADOLID-CAMPO GRANDE | VALLADOLID UNIVERSIDAD | CABEZÓN DEL PISUERGA | CORCOS-AGUILAREJO | CUBILLAS DE SANTA MARTA | DUEÑAS | VENTA DE BAÑOS | PALENCIA | EL CARRIÓN | PIÑA | FRÓMISTA | OSORNO | ESPINOSA DE VILLAGONZALO | HERRERA DE PISUERGA | ALAR DEL REY | AGUILAR DE CAMPOO | MATAPORQUERA | REINOSA | BÁRCENA | LOS CORRALES DE BUELNA | TORRELAVEGA | RENEDO | MALIAÑO | VALDECILLA | SANTANDER
38401,PROXIMDAD,VALLADOLID-CAMPO GRANDE | VALLADOLID UNIVERSIDAD | CABEZÓN DEL PISUERGA | CORCOS-AGUILAREJO | CUBILLAS DE SANTA MARTA | DUEÑAS | VENTA DE BAÑOS | PALENCIA
18211,PROXIMDAD,VALLADOLID-CAMPO GRANDE | VALLADOLID UNIVERSIDAD | CABEZÓN DEL PISUERGA | CORCOS-AGUILAREJO | CUBILLAS DE SANTA MARTA | DUEÑAS | VENTA DE BAÑOS | PALENCIA
18217,PROXIMDAD,VALLADOLID-CAMPO GRANDE | VALLADOLID UNIVERSIDAD | CABEZÓN DEL PISUERGA | CORCOS-AGUILAREJO | CUBILLAS DE SANTA MARTA | DUEÑAS | VENTA DE BAÑOS | PALENCIA
18105,REG.EXP.,VALLADOLID-CAMPO GRANDE | VALLADOLID UNIVERSIDAD | CABEZÓN DEL PISUERGA | CORCOS-AGUILAREJO | CUBILLAS DE SANTA MARTA | DUEÑAS | VENTA DE BAÑOS | PALENCIA | MONZÓN DE CAMPOS | EL CARRIÓN | AMUSCO | PIÑA | FRÓMISTA | OSORNO | ESPINOSA DE VILLAGONZALO | HERRERA DE PISUERGA | ALAR DEL REY | MAVE | AGUILAR DE CAMPOO | QUINTANILLA DE LAS TORRES | MATAPORQUERA | REINOSA | BÁRCENA | LOS CORRALES DE BUELNA | TORRELAVEGA | RENEDO | MALIAÑO | VALDECILLA | SANTANDER
38105,PROXIMDAD,VALLADOLID-CAMPO GRANDE | VALLADOLID UNIVERSIDAD | CABEZÓN DEL PISUERGA | CORCOS-AGUILAREJO | CUBILLAS DE SANTA MARTA | DUEÑAS | VENTA DE BAÑOS | PALENCIA
18219,PROXIMDAD,VALLADOLID-CAMPO GRANDE | VALLADOLID UNIVERSIDAD | CABEZÓN DEL PISUERGA | CORCOS-AGUILAREJO | CUBILLAS DE SANTA MARTA | DUEÑAS | VENTA DE BAÑOS | PALENCIA
18216,PROXIMDAD,PALENCIA | VENTA DE BAÑOS | DUEÑAS | CUBILLAS DE SANTA MARTA | CORCOS-AGUILAREJO | CABEZÓN DEL PISUERGA | VALLADOLID UNIVERSIDAD | VALLADOLID-CAMPO GRANDE
18102,REG.EXP.,SANTANDER | VALDECILLA | MALIAÑO | RENEDO | TORRELAVEGA | LOS CORRALES DE BUELNA | BÁRCENA | REINOSA | MATAPORQUERA | QUINTANILLA DE LAS TORRES | AGUILAR DE CAMPOO | MAVE | ALAR DEL REY | HERRERA DE PISUERGA | ESPINOSA DE VILLAGONZALO | OSORNO | FRÓMISTA | PIÑA | AMUSCO | EL CARRIÓN | MONZÓN DE CAMPOS | PALENCIA | VENTA DE BAÑOS | DUEÑAS | CUBILLAS DE SANTA MARTA | CORCOS-AGUILAREJO | CABEZÓN DEL PISUERGA | VALLADOLID UNIVERSIDAD | VALLADOLID-CAMPO GRANDE
38102,PROXIMDAD,PALENCIA | VENTA DE BAÑOS | DUEÑAS | CUBILLAS DE SANTA MARTA | CORCOS-AGUILAREJO | CABEZÓN DEL PISUERGA | VALLADOLID UNIVERSIDAD | VALLADOLID-CAMPO GRANDE
18218,PROXIMDAD,PALENCIA | VENTA DE BAÑOS | DUEÑAS | CUBILLAS DE SANTA MARTA | CORCOS-AGUILAREJO | CABEZÓN DEL PISUERGA | VALLADOLID UNIVERSIDAD | VALLADOLID-CAMPO GRANDE | VIANA | VALDESTILLAS | MATAPOZUELOS | POZALDEZ | MEDINA DEL CAMPO
18212,PROXIMDAD,PALENCIA | VENTA DE BAÑOS | DUEÑAS | CUBILLAS DE SANTA MARTA | CORCOS-AGUILAREJO | CABEZÓN DEL PISUERGA | VALLADOLID UNIVERSIDAD | VALLADOLID-CAMPO GRANDE
12100,REGIONAL,GIJÓN-SANZ CRESPO | CALZADA DE ASTURIAS | OVIEDO | LLAMAQUIQUE | MIERES-PUENTE | UJO | POLA DE LENA | CAMPOMANES | PUENTE DE LOS FIERROS | LINARES-CONGOSTINAS | BUSDONGO | VILLAMANÍN | SANTA LUCÍA | LA POLA DE GORDÓN | LA ROBLA | LEÓN | PALANQUINOS | EL BURGO RANERO | SAHAGÚN | GRAJAL | VILLADA | PAREDES DE NAVA | BECERRIL | GRIJOTA | PALENCIA | VENTA DE BAÑOS | DUEÑAS | CUBILLAS DE SANTA MARTA | CORCOS-AGUILAREJO | CABEZÓN DEL PISUERGA | VALLADOLID UNIVERSIDAD | VALLADOLID-CAMPO GRANDE
18105,REG.EXP.,VALLADOLID-CAMPO GRANDE | VALLADOLID UNIVERSIDAD | CABEZÓN DEL PISUERGA | CORCOS-AGUILAREJO | CUBILLAS DE SANTA MARTA | DUEÑAS | VENTA DE BAÑOS | PALENCIA | MONZÓN DE CAMPOS | EL CARRIÓN | AMUSCO | PIÑA | FRÓMISTA | OSORNO | ESPINOSA DE VILLAGONZALO | HERRERA DE PISUERGA | ALAR DEL REY | MAVE | AGUILAR DE CAMPOO | QUINTANILLA DE LAS TORRES | MATAPORQUERA | REINOSA | BÁRCENA | LOS CORRALES DE BUELNA | TORRELAVEGA | RENEDO | MALIAÑO | VALDECILLA | SANTANDER
18101,REG.EXP.,VALLADOLID-CAMPO GRANDE | VALLADOLID UNIVERSIDAD | CABEZÓN DEL PISUERGA | CORCOS-AGUILAREJO | CUBILLAS DE SANTA MARTA | DUEÑAS | VENTA DE BAÑOS | PALENCIA | EL CARRIÓN | PIÑA | FRÓMISTA | OSORNO | ESPINOSA DE VILLAGONZALO | HERRERA DE PISUERGA | ALAR DEL REY | AGUILAR DE CAMPOO | MATAPORQUERA | REINOSA | BÁRCENA | LOS CORRALES DE BUELNA | TORRELAVEGA | RENEDO | MALIAÑO | VALDECILLA | SANTANDER
18105,REG.EXP.,VALLADOLID-CAMPO GRANDE | VALLADOLID UNIVERSIDAD | CABEZÓN DEL PISUERGA | CORCOS-AGUILAREJO | CUBILLAS DE SANTA MARTA | DUEÑAS | VENTA DE BAÑOS | PALENCIA | MONZÓN DE CAMPOS | EL CARRIÓN | AMUSCO | PIÑA | FRÓMISTA | OSORNO | ESPINOSA DE VILLAGONZALO | HERRERA DE PISUERGA | ALAR DEL REY | MAVE | AGUILAR DE CAMPOO | QUINTANILLA DE LAS TORRES | MATAPORQUERA | REINOSA | BÁRCENA | LOS CORRALES DE BUELNA | TORRELAVEGA | RENEDO | MALIAÑO | VALDECILLA | SANTANDER
12101,REGIONAL,VALLADOLID-CAMPO GRANDE | VALLADOLID UNIVERSIDAD | CABEZÓN DEL PISUERGA | DUEÑAS | VENTA DE BAÑOS | PALENCIA | PAREDES DE NAVA | VILLADA | GRAJAL | SAHAGÚN | EL BURGO RANERO | PALANQUINOS | LEÓN | LA ROBLA | LA POLA DE GORDÓN | SANTA LUCÍA | VILLAMANÍN | BUSDONGO | LINARES-CONGOSTINAS | PUENTE DE LOS FIERROS | CAMPOMANES | POLA DE LENA | UJO | MIERES-PUENTE | LLAMAQUIQUE | OVIEDO | CALZADA DE ASTURIAS | GIJÓN-SANZ CRESPO
18101,REG.EXP.,VALLADOLID-CAMPO GRANDE | VALLADOLID UNIVERSIDAD | CABEZÓN DEL PISUERGA | CORCOS-AGUILAREJO | CUBILLAS DE SANTA MARTA | DUEÑAS | VENTA DE BAÑOS | PALENCIA | EL CARRIÓN | PIÑA | FRÓMISTA | OSORNO | ESPINOSA DE VILLAGONZALO | HERRERA DE PISUERGA | ALAR DEL REY | AGUILAR DE CAMPOO | MATAPORQUERA | REINOSA | BÁRCENA | LOS CORRALES DE BUELNA | TORRELAVEGA | RENEDO | MALIAÑO | VALDECILLA | SANTANDER
38401,PROXIMDAD,VALLADOLID-CAMPO GRANDE | VALLADOLID UNIVERSIDAD | CABEZÓN DEL PISUERGA | CORCOS-AGUILAREJO | CUBILLAS DE SANTA MARTA | DUEÑAS | VENTA DE BAÑOS | PALENCIA
18211,PROXIMDAD,VALLADOLID-CAMPO GRANDE | VALLADOLID UNIVERSIDAD | CABEZÓN DEL PISUERGA | CORCOS-AGUILAREJO | CUBILLAS DE SANTA MARTA | DUEÑAS | VENTA DE BAÑOS | PALENCIA
18217,PROXIMDAD,VALLADOLID-CAMPO GRANDE | VALLADOLID UNIVERSIDAD | CABEZÓN DEL PISUERGA | CORCOS-AGUILAREJO | CUBILLAS DE SANTA MARTA | DUEÑAS | VENTA DE BAÑOS | PALENCIA
18105,REG.EXP.,VALLADOLID-CAMPO GRANDE | VALLADOLID UNIVERSIDAD | CABEZÓN DEL PISUERGA | CORCOS-AGUILAREJO | CUBILLAS DE SANTA MARTA | DUEÑAS | VENTA DE BAÑOS | PALENCIA | MONZÓN DE CAMPOS | EL CARRIÓN | AMUSCO | PIÑA | FRÓMISTA | OSORNO | ESPINOSA DE VILLAGONZALO | HERRERA DE PISUERGA | ALAR DEL REY | MAVE | AGUILAR DE CAMPOO | QUINTANILLA DE LAS TORRES | MATAPORQUERA | REINOSA | BÁRCENA | LOS CORRALES DE BUELNA | TORRELAVEGA | RENEDO | MALIAÑO | VALDECILLA | SANTANDER
38105,PROXIMDAD,VALLADOLID-CAMPO GRANDE | VALLADOLID UNIVERSIDAD | CABEZÓN DEL PISUERGA | CORCOS-AGUILAREJO | CUBILLAS DE SANTA MARTA | DUEÑAS | VENTA DE BAÑOS | PALENCIA
18219,PROXIMDAD,VALLADOLID-CAMPO GRANDE | VALLADOLID UNIVERSIDAD | CABEZÓN DEL PISUERGA | CORCOS-AGUILAREJO | CUBILLAS DE SANTA MARTA | DUEÑAS | VENTA DE BAÑOS | PALENCIA
18216,PROXIMDAD,PALENCIA | VENTA DE BAÑOS | DUEÑAS | CUBILLAS DE SANTA MARTA | CORCOS-AGUILAREJO | CABEZÓN DEL PISUERGA | VALLADOLID UNIVERSIDAD | VALLADOLID-CAMPO GRANDE
18102,REG.EXP.,SANTANDER | VALDECILLA | MALIAÑO | RENEDO | TORRELAVEGA | LOS CORRALES DE BUELNA | BÁRCENA | REINOSA | MATAPORQUERA | QUINTANILLA DE LAS TORRES | AGUILAR DE CAMPOO | MAVE | ALAR DEL REY | HERRERA DE PISUERGA | ESPINOSA DE VILLAGONZALO | OSORNO | FRÓMISTA | PIÑA | AMUSCO | EL CARRIÓN | MONZÓN DE CAMPOS | PALENCIA | VENTA DE BAÑOS | DUEÑAS | CUBILLAS DE SANTA MARTA | CORCOS-AGUILAREJO | CABEZÓN DEL PISUERGA | VALLADOLID UNIVERSIDAD | VALLADOLID-CAMPO GRANDE
38102,PROXIMDAD,PALENCIA | VENTA DE BAÑOS | DUEÑAS | CUBILLAS DE SANTA MARTA | CORCOS-AGUILAREJO | CABEZÓN DEL PISUERGA | VALLADOLID UNIVERSIDAD | VALLADOLID-CAMPO GRANDE
18218,PROXIMDAD,PALENCIA | VENTA DE BAÑOS | DUEÑAS | CUBILLAS DE SANTA MARTA | CORCOS-AGUILAREJO | CABEZÓN DEL PISUERGA | VALLADOLID UNIVERSIDAD | VALLADOLID-CAMPO GRANDE | VIANA | VALDESTILLAS | MATAPOZUELOS | POZALDEZ | MEDINA DEL CAMPO
18212,PROXIMDAD,PALENCIA | VENTA DE BAÑOS | DUEÑAS | CUBILLAS DE SANTA MARTA | CORCOS-AGUILAREJO | CABEZÓN DEL PISUERGA | VALLADOLID UNIVERSIDAD | VALLADOLID-CAMPO GRANDE
12100,REGIONAL,GIJÓN-SANZ CRESPO | CALZADA DE ASTURIAS | OVIEDO | LLAMAQUIQUE | MIERES-PUENTE | UJO | POLA DE LENA | CAMPOMANES | PUENTE DE LOS FIERROS | LINARES-CONGOSTINAS | BUSDONGO | VILLAMANÍN | SANTA LUCÍA | LA POLA DE GORDÓN | LA ROBLA | LEÓN | PALANQUINOS | EL BURGO RANERO | SAHAGÚN | GRAJAL | VILLADA | PAREDES DE NAVA | BECERRIL | GRIJOTA | PALENCIA | VENTA DE BAÑOS | DUEÑAS | CUBILLAS DE SANTA MARTA | CORCOS-AGUILAREJO | CABEZÓN DEL PISUERGA | VALLADOLID UNIVERSIDAD | VALLADOLID-CAMPO GRANDE
18218,PROXIMDAD,PALENCIA | VENTA DE BAÑOS | DUEÑAS | CUBILLAS DE SANTA MARTA | CORCOS-AGUILAREJO | CABEZÓN DEL PISUERGA | VALLADOLID UNIVERSIDAD | VALLADOLID-CAMPO GRANDE | VIANA | VALDESTILLAS | MATAPOZUELOS | POZALDEZ | MEDINA DEL CAMPO
18101,REG.EXP.,VALLADOLID-CAMPO GRANDE | VALLADOLID UNIVERSIDAD | CABEZÓN DEL PISUERGA | CORCOS-AGUILAREJO | CUBILLAS DE SANTA MARTA | DUEÑAS | VENTA DE BAÑOS | PALENCIA | EL CARRIÓN | PIÑA | FRÓMISTA | OSORNO | ESPINOSA DE VILLAGONZALO | HERRERA DE PISUERGA | ALAR DEL REY | AGUILAR DE CAMPOO | MATAPORQUERA | REINOSA | BÁRCENA | LOS CORRALES DE BUELNA | TORRELAVEGA | RENEDO | MALIAÑO | VALDECILLA | SANTANDER
18105,REG.EXP.,VALLADOLID-CAMPO GRANDE | VALLADOLID UNIVERSIDAD | CABEZÓN DEL PISUERGA | CORCOS-AGUILAREJO | CUBILLAS DE SANTA MARTA | DUEÑAS | VENTA DE BAÑOS | PALENCIA | MONZÓN DE CAMPOS | EL CARRIÓN | AMUSCO | PIÑA | FRÓMISTA | OSORNO | ESPINOSA DE VILLAGONZALO | HERRERA DE PISUERGA | ALAR DEL REY | MAVE | AGUILAR DE CAMPOO | QUINTANILLA DE LAS TORRES | MATAPORQUERA | REINOSA | BÁRCENA | LOS CORRALES DE BUELNA | TORRELAVEGA | RENEDO | MALIAÑO | VALDECILLA | SANTANDER
18105,REG.EXP.,VALLADOLID-CAMPO GRANDE | VALLADOLID UNIVERSIDAD | CABEZÓN DEL PISUERGA | CORCOS-AGUILAREJO | CUBILLAS DE SANTA MARTA | DUEÑAS | VENTA DE BAÑOS | PALENCIA | MONZÓN DE CAMPOS | EL CARRIÓN | AMUSCO | PIÑA | FRÓMISTA | OSORNO | ESPINOSA DE VILLAGONZALO | HERRERA DE PISUERGA | ALAR DEL REY | MAVE | AGUILAR DE CAMPOO | QUINTANILLA DE LAS TORRES | MATAPORQUERA | REINOSA | BÁRCENA | LOS CORRALES DE BUELNA | TORRELAVEGA | RENEDO | MALIAÑO | VALDECILLA | SANTANDER
18105,REG.EXP.,VALLADOLID-CAMPO GRANDE | VALLADOLID UNIVERSIDAD | CABEZÓN DEL PISUERGA | CORCOS-AGUILAREJO | CUBILLAS DE SANTA MARTA | DUEÑAS | VENTA DE BAÑOS | PALENCIA | MONZÓN DE CAMPOS | EL CARRIÓN | AMUSCO | PIÑA | FRÓMISTA | OSORNO | ESPINOSA DE VILLAGONZALO | HERRERA DE PISUERGA | ALAR DEL REY | MAVE | AGUILAR DE CAMPOO | QUINTANILLA DE LAS TORRES | MATAPORQUERA | REINOSA | BÁRCENA | LOS CORRALES DE BUELNA | TORRELAVEGA | RENEDO | MALIAÑO | VALDECILLA | SANTANDER
18101,REG.EXP.,VALLADOLID-CAMPO GRANDE | VALLADOLID UNIVERSIDAD | CABEZÓN DEL PISUERGA | CORCOS-AGUILAREJO | CUBILLAS DE SANTA MARTA | DUEÑAS | VENTA DE BAÑOS | PALENCIA | EL CARRIÓN | PIÑA | FRÓMISTA | OSORNO | ESPINOSA DE VILLAGONZALO | HERRERA DE PISUERGA | ALAR DEL REY | AGUILAR DE CAMPOO | MATAPORQUERA | REINOSA | BÁRCENA | LOS CORRALES DE BUELNA | TORRELAVEGA | RENEDO | MALIAÑO | VALDECILLA | SANTANDER
18105,REG.EXP.,VALLADOLID-CAMPO GRANDE | VALLADOLID UNIVERSIDAD | CABEZÓN DEL PISUERGA | CORCOS-AGUILAREJO | CUBILLAS DE SANTA MARTA | DUEÑAS | VENTA DE BAÑOS | PALENCIA | MONZÓN DE CAMPOS | EL CARRIÓN | AMUSCO | PIÑA | FRÓMISTA | OSORNO | ESPINOSA DE VILLAGONZALO | HERRERA DE PISUERGA | ALAR DEL REY | MAVE | AGUILAR DE CAMPOO | QUINTANILLA DE LAS TORRES | MATAPORQUERA | REINOSA | BÁRCENA | LOS CORRALES DE BUELNA | TORRELAVEGA | RENEDO | MALIAÑO | VALDECILLA | SANTANDER
18218,PROXIMDAD,PALENCIA | VENTA DE BAÑOS | DUEÑAS | CUBILLAS DE SANTA MARTA | CORCOS-AGUILAREJO | CABEZÓN DEL PISUERGA | VALLADOLID UNIVERSIDAD | VALLADOLID-CAMPO GRANDE | VIANA | VALDESTILLAS | MATAPOZUELOS | POZALDEZ | MEDINA DEL CAMPO
18101,REG.EXP.,VALLADOLID-CAMPO GRANDE | VALLADOLID UNIVERSIDAD | CABEZÓN DEL PISUERGA | CORCOS-AGUILAREJO | CUBILLAS DE SANTA MARTA | DUEÑAS | VENTA DE BAÑOS | PALENCIA | EL CARRIÓN | PIÑA | FRÓMISTA | OSORNO | ESPINOSA DE VILLAGONZALO | HERRERA DE PISUERGA | ALAR DEL REY | AGUILAR DE CAMPOO | MATAPORQUERA | REINOSA | BÁRCENA | LOS CORRALES DE BUELNA | TORRELAVEGA | RENEDO | MALIAÑO | VALDECILLA | SANTANDER
38401,PROXIMDAD,VALLADOLID-CAMPO GRANDE | VALLADOLID UNIVERSIDAD | CABEZÓN DEL PISUERGA | CORCOS-AGUILAREJO | CUBILLAS DE SANTA MARTA | DUEÑAS | VENTA DE BAÑOS | PALENCIA
18211,PROXIMDAD,VALLADOLID-CAMPO GRANDE | VALLADOLID UNIVERSIDAD | CABEZÓN DEL PISUERGA | CORCOS-AGUILAREJO | CUBILLAS DE SANTA MARTA | DUEÑAS | VENTA DE BAÑOS | PALENCIA
18217,PROXIMDAD,VALLADOLID-CAMPO GRANDE | VALLADOLID UNIVERSIDAD | CABEZÓN DEL PISUERGA | CORCOS-AGUILAREJO | CUBILLAS DE SANTA MARTA | DUEÑAS | VENTA DE BAÑOS | PALENCIA
18105,REG.EXP.,VALLADOLID-CAMPO GRANDE | VALLADOLID UNIVERSIDAD | CABEZÓN DEL PISUERGA | CORCOS-AGUILAREJO | CUBILLAS DE SANTA MARTA | DUEÑAS | VENTA DE BAÑOS | PALENCIA | MONZÓN DE CAMPOS | EL CARRIÓN | AMUSCO | PIÑA | FRÓMISTA | OSORNO | ESPINOSA DE VILLAGONZALO | HERRERA DE PISUERGA | ALAR DEL REY | MAVE | AGUILAR DE CAMPOO | QUINTANILLA DE LAS TORRES | MATAPORQUERA | REINOSA | BÁRCENA | LOS CORRALES DE BUELNA | TORRELAVEGA | RENEDO | MALIAÑO | VALDECILLA | SANTANDER
38105,PROXIMDAD,VALLADOLID-CAMPO GRANDE | VALLADOLID UNIVERSIDAD | CABEZÓN DEL PISUERGA | CORCOS-AGUILAREJO | CUBILLAS DE SANTA MARTA | DUEÑAS | VENTA DE BAÑOS | PALENCIA
18219,PROXIMDAD,VALLADOLID-CAMPO GRANDE | VALLADOLID UNIVERSIDAD | CABEZÓN DEL PISUERGA | CORCOS-AGUILAREJO | CUBILLAS DE SANTA MARTA | DUEÑAS | VENTA DE BAÑOS | PALENCIA
18218,PROXIMDAD,PALENCIA | VENTA DE BAÑOS | DUEÑAS | CUBILLAS DE SANTA MARTA | CORCOS-AGUILAREJO | CABEZÓN DEL PISUERGA | VALLADOLID UNIVERSIDAD | VALLADOLID-CAMPO GRANDE | VIANA | VALDESTILLAS | MATAPOZUELOS | POZALDEZ | MEDINA DEL CAMPO
12101,REGIONAL,VALLADOLID-CAMPO GRANDE | VALLADOLID UNIVERSIDAD | CABEZÓN DEL PISUERGA | DUEÑAS | VENTA DE BAÑOS | PALENCIA | PAREDES DE NAVA | VILLADA | GRAJAL | SAHAGÚN | EL BURGO RANERO | PALANQUINOS | LEÓN | LA ROBLA | LA POLA DE GORDÓN | SANTA LUCÍA | VILLAMANÍN | BUSDONGO | LINARES-CONGOSTINAS | PUENTE DE LOS FIERROS | CAMPOMANES | POLA DE LENA | UJO | MIERES-PUENTE | LLAMAQUIQUE | OVIEDO | CALZADA DE ASTURIAS | GIJÓN-SANZ CRESPO
18101,REG.EXP.,VALLADOLID-CAMPO GRANDE | VALLADOLID UNIVERSIDAD | CABEZÓN DEL PISUERGA | CORCOS-AGUILAREJO | CUBILLAS DE SANTA MARTA | DUEÑAS | VENTA DE BAÑOS | PALENCIA | EL CARRIÓN | PIÑA | FRÓMISTA | OSORNO | ESPINOSA DE VILLAGONZALO | HERRERA DE PISUERGA | ALAR DEL REY | AGUILAR DE CAMPOO | MATAPORQUERA | REINOSA | BÁRCENA | LOS CORRALES DE BUELNA | TORRELAVEGA | RENEDO | MALIAÑO | VALDECILLA | SANTANDER
38401,PROXIMDAD,VALLADOLID-CAMPO GRANDE | VALLADOLID UNIVERSIDAD | CABEZÓN DEL PISUERGA | CORCOS-AGUILAREJO | CUBILLAS DE SANTA MARTA | DUEÑAS | VENTA DE BAÑOS | PALENCIA
18211,PROXIMDAD,VALLADOLID-CAMPO GRANDE | VALLADOLID UNIVERSIDAD | CABEZÓN DEL PISUERGA | CORCOS-AGUILAREJO | CUBILLAS DE SANTA MARTA | DUEÑAS | VENTA DE BAÑOS | PALENCIA
18217,PROXIMDAD,VALLADOLID-CAMPO GRANDE | VALLADOLID UNIVERSIDAD | CABEZÓN DEL PISUERGA | CORCOS-AGUILAREJO | CUBILLAS DE SANTA MARTA | DUEÑAS | VENTA DE BAÑOS | PALENCIA
18105,REG.EXP.,VALLADOLID-CAMPO GRANDE | VALLADOLID UNIVERSIDAD | CABEZÓN DEL PISUERGA | CORCOS-AGUILAREJO | CUBILLAS DE SANTA MARTA | DUEÑAS | VENTA DE BAÑOS | PALENCIA | MONZÓN DE CAMPOS | EL CARRIÓN | AMUSCO | PIÑA | FRÓMISTA | OSORNO | ESPINOSA DE VILLAGONZALO | HERRERA DE PISUERGA | ALAR DEL REY | MAVE | AGUILAR DE CAMPOO | QUINTANILLA DE LAS TORRES | MATAPORQUERA | REINOSA | BÁRCENA | LOS CORRALES DE BUELNA | TORRELAVEGA | RENEDO | MALIAÑO | VALDECILLA | SANTANDER
38105,PROXIMDAD,VALLADOLID-CAMPO GRANDE | VALLADOLID UNIVERSIDAD | CABEZÓN DEL PISUERGA | CORCOS-AGUILAREJO | CUBILLAS DE SANTA MARTA | DUEÑAS | VENTA DE BAÑOS | PALENCIA
18219,PROXIMDAD,VALLADOLID-CAMPO GRANDE | VALLADOLID UNIVERSIDAD | CABEZÓN DEL PISUERGA | CORCOS-AGUILAREJO | CUBILLAS DE SANTA MARTA | DUEÑAS | VENTA DE BAÑOS | PALENCIA
18101,REG.EXP.,VALLADOLID-CAMPO GRANDE | VALLADOLID UNIVERSIDAD | CABEZÓN DEL PISUERGA | CORCOS-AGUILAREJO | CUBILLAS DE SANTA MARTA | DUEÑAS | VENTA DE BAÑOS | PALENCIA | EL CARRIÓN | PIÑA | FRÓMISTA | OSORNO | ESPINOSA DE VILLAGONZALO | HERRERA DE PISUERGA | ALAR DEL REY | AGUILAR DE CAMPOO | MATAPORQUERA | REINOSA | BÁRCENA | LOS CORRALES DE BUELNA | TORRELAVEGA | RENEDO | MALIAÑO | VALDECILLA | SANTANDER
18105,REG.EXP.,VALLADOLID-CAMPO GRANDE | VALLADOLID UNIVERSIDAD | CABEZÓN DEL PISUERGA | CORCOS-AGUILAREJO | CUBILLAS DE SANTA MARTA | DUEÑAS | VENTA DE BAÑOS | PALENCIA | MONZÓN DE CAMPOS | EL CARRIÓN | AMUSCO | PIÑA | FRÓMISTA | OSORNO | ESPINOSA DE VILLAGONZALO | HERRERA DE PISUERGA | ALAR DEL REY | MAVE | AGUILAR DE CAMPOO | QUINTANILLA DE LAS TORRES | MATAPORQUERA | REINOSA | BÁRCENA | LOS CORRALES DE BUELNA | TORRELAVEGA | RENEDO | MALIAÑO | VALDECILLA | SANTANDER
18101,REG.EXP.,VALLADOLID-CAMPO GRANDE | VALLADOLID UNIVERSIDAD | CABEZÓN DEL PISUERGA | CORCOS-AGUILAREJO | CUBILLAS DE SANTA MARTA | DUEÑAS | VENTA DE BAÑOS | PALENCIA | EL CARRIÓN | PIÑA | FRÓMISTA | OSORNO | ESPINOSA DE VILLAGONZALO | HERRERA DE PISUERGA | ALAR DEL REY | AGUILAR DE CAMPOO | MATAPORQUERA | REINOSA | BÁRCENA | LOS CORRALES DE BUELNA | TORRELAVEGA | RENEDO | MALIAÑO | VALDECILLA | SANTANDER
18105,REG.EXP.,VALLADOLID-CAMPO GRANDE | VALLADOLID UNIVERSIDAD | CABEZÓN DEL PISUERGA | CORCOS-AGUILAREJO | CUBILLAS DE SANTA MARTA | DUEÑAS | VENTA DE BAÑOS | PALENCIA | MONZÓN DE CAMPOS | EL CARRIÓN | AMUSCO | PIÑA | FRÓMISTA | OSORNO | ESPINOSA DE VILLAGONZALO | HERRERA DE PISUERGA | ALAR DEL REY | MAVE | AGUILAR DE CAMPOO | QUINTANILLA DE LAS TORRES | MATAPORQUERA | REINOSA | BÁRCENA | LOS CORRALES DE BUELNA | TORRELAVEGA | RENEDO | MALIAÑO | VALDECILLA | SANTANDER
12101,REGIONAL,VALLADOLID-CAMPO GRANDE | VALLADOLID UNIVERSIDAD | CABEZÓN DEL PISUERGA | DUEÑAS | VENTA DE BAÑOS | PALENCIA | PAREDES DE NAVA | VILLADA | GRAJAL | SAHAGÚN | EL BURGO RANERO | PALANQUINOS | LEÓN | LA ROBLA | LA POLA DE GORDÓN | SANTA LUCÍA | VILLAMANÍN | BUSDONGO | LINARES-CONGOSTINAS | PUENTE DE LOS FIERROS | CAMPOMANES | POLA DE LENA | UJO | MIERES-PUENTE | LLAMAQUIQUE | OVIEDO | CALZADA DE ASTURIAS | GIJÓN-SANZ CRESPO
18105,REG.EXP.,VALLADOLID-CAMPO GRANDE | VALLADOLID UNIVERSIDAD | CABEZÓN DEL PISUERGA | CORCOS-AGUILAREJO | CUBILLAS DE SANTA MARTA | DUEÑAS | VENTA DE BAÑOS | PALENCIA | MONZÓN DE CAMPOS | EL CARRIÓN | AMUSCO | PIÑA | FRÓMISTA | OSORNO | ESPINOSA DE VILLAGONZALO | HERRERA DE PISUERGA | ALAR DEL REY | MAVE | AGUILAR DE CAMPOO | QUINTANILLA DE LAS TORRES | MATAPORQUERA | REINOSA | BÁRCENA | LOS CORRALES DE BUELNA | TORRELAVEGA | RENEDO | MALIAÑO | VALDECILLA | SANTANDER
12101,REGIONAL,VALLADOLID-CAMPO GRANDE | VALLADOLID UNIVERSIDAD | CABEZÓN DEL PISUERGA | DUEÑAS | VENTA DE BAÑOS | PALENCIA | PAREDES DE NAVA | VILLADA | GRAJAL | SAHAGÚN | EL BURGO RANERO | PALANQUINOS | LEÓN | LA ROBLA | LA POLA DE GORDÓN | SANTA LUCÍA | VILLAMANÍN | BUSDONGO | LINARES-CONGOSTINAS | PUENTE DE LOS FIERROS | CAMPOMANES | POLA DE LENA | UJO | MIERES-PUENTE | LLAMAQUIQUE | OVIEDO | CALZADA DE ASTURIAS | GIJÓN-SANZ CRESPO
18101,REG.EXP.,VALLADOLID-CAMPO GRANDE | VALLADOLID UNIVERSIDAD | CABEZÓN DEL PISUERGA | CORCOS-AGUILAREJO | CUBILLAS DE SANTA MARTA | DUEÑAS | VENTA DE BAÑOS | PALENCIA | EL CARRIÓN | PIÑA | FRÓMISTA | OSORNO | ESPINOSA DE VILLAGONZALO | HERRERA DE PISUERGA | ALAR DEL REY | AGUILAR DE CAMPOO | MATAPORQUERA | REINOSA | BÁRCENA | LOS CORRALES DE BUELNA | TORRELAVEGA | RENEDO | MALIAÑO | VALDECILLA | SANTANDER
18105,REG.EXP.,VALLADOLID-CAMPO GRANDE | VALLADOLID UNIVERSIDAD | CABEZÓN DEL PISUERGA | CORCOS-AGUILAREJO | CUBILLAS DE SANTA MARTA | DUEÑAS | VENTA DE BAÑOS | PALENCIA | MONZÓN DE CAMPOS | EL CARRIÓN | AMUSCO | PIÑA | FRÓMISTA | OSORNO | ESPINOSA DE VILLAGONZALO | HERRERA DE PISUERGA | ALAR DEL REY | MAVE | AGUILAR DE CAMPOO | QUINTANILLA DE LAS TORRES | MATAPORQUERA | REINOSA | BÁRCENA | LOS CORRALES DE BUELNA | TORRELAVEGA | RENEDO | MALIAÑO | VALDECILLA | SANTANDER
18101,REG.EXP.,VALLADOLID-CAMPO GRANDE | VALLADOLID UNIVERSIDAD | CABEZÓN DEL PISUERGA | CORCOS-AGUILAREJO | CUBILLAS DE SANTA MARTA | DUEÑAS | VENTA DE BAÑOS | PALENCIA | EL CARRIÓN | PIÑA | FRÓMISTA | OSORNO | ESPINOSA DE VILLAGONZALO | HERRERA DE PISUERGA | ALAR DEL REY | AGUILAR DE CAMPOO | MATAPORQUERA | REINOSA | BÁRCENA | LOS CORRALES DE BUELNA | TORRELAVEGA | RENEDO | MALIAÑO | VALDECILLA | SANTANDER
18105,REG.EXP.,VALLADOLID-CAMPO GRANDE | VALLADOLID UNIVERSIDAD | CABEZÓN DEL PISUERGA | CORCOS-AGUILAREJO | CUBILLAS DE SANTA MARTA | DUEÑAS | VENTA DE BAÑOS | PALENCIA | MONZÓN DE CAMPOS | EL CARRIÓN | AMUSCO | PIÑA | FRÓMISTA | OSORNO | ESPINOSA DE VILLAGONZALO | HERRERA DE PISUERGA | ALAR DEL REY | MAVE | AGUILAR DE CAMPOO | QUINTANILLA DE LAS TORRES | MATAPORQUERA | REINOSA | BÁRCENA | LOS CORRALES DE BUELNA | TORRELAVEGA | RENEDO | MALIAÑO | VALDECILLA | SANTANDER
18218,PROXIMDAD,PALENCIA | VENTA DE BAÑOS | DUEÑAS | CUBILLAS DE SANTA MARTA | CORCOS-AGUILAREJO | CABEZÓN DEL PISUERGA | VALLADOLID UNIVERSIDAD | VALLADOLID-CAMPO GRANDE | VIANA | VALDESTILLAS | MATAPOZUELOS | POZALDEZ | MEDINA DEL CAMPO
18101,REG.EXP.,VALLADOLID-CAMPO GRANDE | VALLADOLID UNIVERSIDAD | CABEZÓN DEL PISUERGA | CORCOS-AGUILAREJO | CUBILLAS DE SANTA MARTA | DUEÑAS | VENTA DE BAÑOS | PALENCIA | EL CARRIÓN | PIÑA | FRÓMISTA | OSORNO | ESPINOSA DE VILLAGONZALO | HERRERA DE PISUERGA | ALAR DEL REY | AGUILAR DE CAMPOO | MATAPORQUERA | REINOSA | BÁRCENA | LOS CORRALES DE BUELNA | TORRELAVEGA | RENEDO | MALIAÑO | VALDECILLA | SANTANDER
18105,REG.EXP.,VALLADOLID-CAMPO GRANDE | VALLADOLID UNIVERSIDAD | CABEZÓN DEL PISUERGA | CORCOS-AGUILAREJO | CUBILLAS DE SANTA MARTA | DUEÑAS | VENTA DE BAÑOS | PALENCIA | MONZÓN DE CAMPOS | EL CARRIÓN | AMUSCO | PIÑA | FRÓMISTA | OSORNO | ESPINOSA DE VILLAGONZALO | HERRERA DE PISUERGA | ALAR DEL REY | MAVE | AGUILAR DE CAMPOO | QUINTANILLA DE LAS TORRES | MATAPORQUERA | REINOSA | BÁRCENA | LOS CORRALES DE BUELNA | TORRELAVEGA | RENEDO | MALIAÑO | VALDECILLA | SANTANDER
18101,REG.EXP.,VALLADOLID-CAMPO GRANDE | VALLADOLID UNIVERSIDAD | CABEZÓN DEL PISUERGA | CORCOS-AGUILAREJO | CUBILLAS DE SANTA MARTA | DUEÑAS | VENTA DE BAÑOS | PALENCIA | EL CARRIÓN | PIÑA | FRÓMISTA | OSORNO | ESPINOSA DE VILLAGONZALO | HERRERA DE PISUERGA | ALAR DEL REY | AGUILAR DE CAMPOO | MATAPORQUERA | REINOSA | BÁRCENA | LOS CORRALES DE BUELNA | TORRELAVEGA | RENEDO | MALIAÑO | VALDECILLA | SANTANDER
38401,PROXIMDAD,VALLADOLID-CAMPO GRANDE | VALLADOLID UNIVERSIDAD | CABEZÓN DEL PISUERGA | CORCOS-AGUILAREJO | CUBILLAS DE SANTA MARTA | DUEÑAS | VENTA DE BAÑOS | PALENCIA
18211,PROXIMDAD,VALLADOLID-CAMPO GRANDE | VALLADOLID UNIVERSIDAD | CABEZÓN DEL PISUERGA | CORCOS-AGUILAREJO | CUBILLAS DE SANTA MARTA | DUEÑAS | VENTA DE BAÑOS | PALENCIA
18217,PROXIMDAD,VALLADOLID-CAMPO GRANDE | VALLADOLID UNIVERSIDAD | CABEZÓN DEL PISUERGA | CORCOS-AGUILAREJO | CUBILLAS DE SANTA MARTA | DUEÑAS | VENTA DE BAÑOS | PALENCIA
18105,REG.EXP.,VALLADOLID-CAMPO GRANDE | VALLADOLID UNIVERSIDAD | CABEZÓN DEL PISUERGA | CORCOS-AGUILAREJO | CUBILLAS DE SANTA MARTA | DUEÑAS | VENTA DE BAÑOS | PALENCIA | MONZÓN DE CAMPOS | EL CARRIÓN | AMUSCO | PIÑA | FRÓMISTA | OSORNO | ESPINOSA DE VILLAGONZALO | HERRERA DE PISUERGA | ALAR DEL REY | MAVE | AGUILAR DE CAMPOO | QUINTANILLA DE LAS TORRES | MATAPORQUERA | REINOSA | BÁRCENA | LOS CORRALES DE BUELNA | TORRELAVEGA | RENEDO | MALIAÑO | VALDECILLA | SANTANDER
38105,PROXIMDAD,VALLADOLID-CAMPO GRANDE | VALLADOLID UNIVERSIDAD | CABEZÓN DEL PISUERGA | CORCOS-AGUILAREJO | CUBILLAS DE SANTA MARTA | DUEÑAS | VENTA DE BAÑOS | PALENCIA
18219,PROXIMDAD,VALLADOLID-CAMPO GRANDE | VALLADOLID UNIVERSIDAD | CABEZÓN DEL PISUERGA | CORCOS-AGUILAREJO | CUBILLAS DE SANTA MARTA | DUEÑAS | VENTA DE BAÑOS | PALENCIA
18216,PROXIMDAD,PALENCIA | VENTA DE BAÑOS | DUEÑAS | CUBILLAS DE SANTA MARTA | CORCOS-AGUILAREJO | CABEZÓN DEL PISUERGA | VALLADOLID UNIVERSIDAD | VALLADOLID-CAMPO GRANDE
18102,REG.EXP.,SANTANDER | VALDECILLA | MALIAÑO | RENEDO | TORRELAVEGA | LOS CORRALES DE BUELNA | BÁRCENA | REINOSA | MATAPORQUERA | QUINTANILLA DE LAS TORRES | AGUILAR DE CAMPOO | MAVE | ALAR DEL REY | HERRERA DE PISUERGA | ESPINOSA DE VILLAGONZALO | OSORNO | FRÓMISTA | PIÑA | AMUSCO | EL CARRIÓN | MONZÓN DE CAMPOS | PALENCIA | VENTA DE BAÑOS | DUEÑAS | CUBILLAS DE SANTA MARTA | CORCOS-AGUILAREJO | CABEZÓN DEL PISUERGA | VALLADOLID UNIVERSIDAD | VALLADOLID-CAMPO GRANDE
38102,PROXIMDAD,PALENCIA | VENTA DE BAÑOS | DUEÑAS | CUBILLAS DE SANTA MARTA | CORCOS-AGUILAREJO | CABEZÓN DEL PISUERGA | VALLADOLID UNIVERSIDAD | VALLADOLID-CAMPO GRANDE
18218,PROXIMDAD,PALENCIA | VENTA DE BAÑOS | DUEÑAS | CUBILLAS DE SANTA MARTA | CORCOS-AGUILAREJO | CABEZÓN DEL PISUERGA | VALLADOLID UNIVERSIDAD | VALLADOLID-CAMPO GRANDE | VIANA | VALDESTILLAS | MATAPOZUELOS | POZALDEZ | MEDINA DEL CAMPO
18212,PROXIMDAD,PALENCIA | VENTA DE BAÑOS | DUEÑAS | CUBILLAS DE SANTA MARTA | CORCOS-AGUILAREJO | CABEZÓN DEL PISUERGA | VALLADOLID UNIVERSIDAD | VALLADOLID-CAMPO GRANDE
12100,REGIONAL,GIJÓN-SANZ CRESPO | CALZADA DE ASTURIAS | OVIEDO | LLAMAQUIQUE | MIERES-PUENTE | UJO | POLA DE LENA | CAMPOMANES | PUENTE DE LOS FIERROS | LINARES-CONGOSTINAS | BUSDONGO | VILLAMANÍN | SANTA LUCÍA | LA POLA DE GORDÓN | LA ROBLA | LEÓN | PALANQUINOS | EL BURGO RANERO | SAHAGÚN | GRAJAL | VILLADA | PAREDES DE NAVA | BECERRIL | GRIJOTA | PALENCIA | VENTA DE BAÑOS | DUEÑAS | CUBILLAS DE SANTA MARTA | CORCOS-AGUILAREJO | CABEZÓN DEL PISUERGA | VALLADOLID UNIVERSIDAD | VALLADOLID-CAMPO GRANDE
18105,REG.EXP.,VALLADOLID-CAMPO GRANDE | VALLADOLID UNIVERSIDAD | CABEZÓN DEL PISUERGA | CORCOS-AGUILAREJO | CUBILLAS DE SANTA MARTA | DUEÑAS | VENTA DE BAÑOS | PALENCIA | MONZÓN DE CAMPOS | EL CARRIÓN | AMUSCO | PIÑA | FRÓMISTA | OSORNO | ESPINOSA DE VILLAGONZALO | HERRERA DE PISUERGA | ALAR DEL REY | MAVE | AGUILAR DE CAMPOO | QUINTANILLA DE LAS TORRES | MATAPORQUERA | REINOSA | BÁRCENA | LOS CORRALES DE BUELNA | TORRELAVEGA | RENEDO | MALIAÑO | VALDECILLA | SANTANDER
18101,REG.EXP.,VALLADOLID-CAMPO GRANDE | VALLADOLID UNIVERSIDAD | CABEZÓN DEL PISUERGA | CORCOS-AGUILAREJO | CUBILLAS DE SANTA MARTA | DUEÑAS | VENTA DE BAÑOS | PALENCIA | EL CARRIÓN | PIÑA | FRÓMISTA | OSORNO | ESPINOSA DE VILLAGONZALO | HERRERA DE PISUERGA | ALAR DEL REY | AGUILAR DE CAMPOO | MATAPORQUERA | REINOSA | BÁRCENA | LOS CORRALES DE BUELNA | TORRELAVEGA | RENEDO | MALIAÑO | VALDECILLA | SANTANDER
18105,REG.EXP.,VALLADOLID-CAMPO GRANDE | VALLADOLID UNIVERSIDAD | CABEZÓN DEL PISUERGA | CORCOS-AGUILAREJO | CUBILLAS DE SANTA MARTA | DUEÑAS | VENTA DE BAÑOS | PALENCIA | MONZÓN DE CAMPOS | EL CARRIÓN | AMUSCO | PIÑA | FRÓMISTA | OSORNO | ESPINOSA DE VILLAGONZALO | HERRERA DE PISUERGA | ALAR DEL REY | MAVE | AGUILAR DE CAMPOO | QUINTANILLA DE LAS TORRES | MATAPORQUERA | REINOSA | BÁRCENA | LOS CORRALES DE BUELNA | TORRELAVEGA | RENEDO | MALIAÑO | VALDECILLA | SANTANDER
18101,REG.EXP.,VALLADOLID-CAMPO GRANDE | VALLADOLID UNIVERSIDAD | CABEZÓN DEL PISUERGA | CORCOS-AGUILAREJO | CUBILLAS DE SANTA MARTA | DUEÑAS | VENTA DE BAÑOS | PALENCIA | EL CARRIÓN | PIÑA | FRÓMISTA | OSORNO | ESPINOSA DE VILLAGONZALO | HERRERA DE PISUERGA | ALAR DEL REY | AGUILAR DE CAMPOO | MATAPORQUERA | REINOSA | BÁRCENA | LOS CORRALES DE BUELNA | TORRELAVEGA | RENEDO | MALIAÑO | VALDECILLA | SANTANDER
38401,PROXIMDAD,VALLADOLID-CAMPO GRANDE | VALLADOLID UNIVERSIDAD | CABEZÓN DEL PISUERGA | CORCOS-AGUILAREJO | CUBILLAS DE SANTA MARTA | DUEÑAS | VENTA DE BAÑOS | PALENCIA
18211,PROXIMDAD,VALLADOLID-CAMPO GRANDE | VALLADOLID UNIVERSIDAD | CABEZÓN DEL PISUERGA | CORCOS-AGUILAREJO | CUBILLAS DE SANTA MARTA | DUEÑAS | VENTA DE BAÑOS | PALENCIA
18217,PROXIMDAD,VALLADOLID-CAMPO GRANDE | VALLADOLID UNIVERSIDAD | CABEZÓN DEL PISUERGA | CORCOS-AGUILAREJO | CUBILLAS DE SANTA MARTA | DUEÑAS | VENTA DE BAÑOS | PALENCIA
18105,REG.EXP.,VALLADOLID-CAMPO GRANDE | VALLADOLID UNIVERSIDAD | CABEZÓN DEL PISUERGA | CORCOS-AGUILAREJO | CUBILLAS DE SANTA MARTA | DUEÑAS | VENTA DE BAÑOS | PALENCIA | MONZÓN DE CAMPOS | EL CARRIÓN | AMUSCO | PIÑA | FRÓMISTA | OSORNO | ESPINOSA DE VILLAGONZALO | HERRERA DE PISUERGA | ALAR DEL REY | MAVE | AGUILAR DE CAMPOO | QUINTANILLA DE LAS TORRES | MATAPORQUERA | REINOSA | BÁRCENA | LOS CORRALES DE BUELNA | TORRELAVEGA | RENEDO | MALIAÑO | VALDECILLA | SANTANDER
38105,PROXIMDAD,VALLADOLID-CAMPO GRANDE | VALLADOLID UNIVERSIDAD | CABEZÓN DEL PISUERGA | CORCOS-AGUILAREJO | CUBILLAS DE SANTA MARTA | DUEÑAS | VENTA DE BAÑOS | PALENCIA
18219,PROXIMDAD,VALLADOLID-CAMPO GRANDE | VALLADOLID UNIVERSIDAD | CABEZÓN DEL PISUERGA | CORCOS-AGUILAREJO | CUBILLAS DE SANTA MARTA | DUEÑAS | VENTA DE BAÑOS | PALENCIA
18216,PROXIMDAD,PALENCIA | VENTA DE BAÑOS | DUEÑAS | CUBILLAS DE SANTA MARTA | CORCOS-AGUILAREJO | CABEZÓN DEL PISUERGA | VALLADOLID UNIVERSIDAD | VALLADOLID-CAMPO GRANDE
18102,REG.EXP.,SANTANDER | VALDECILLA | MALIAÑO | RENEDO | TORRELAVEGA | LOS CORRALES DE BUELNA | BÁRCENA | REINOSA | MATAPORQUERA | QUINTANILLA DE LAS TORRES | AGUILAR DE CAMPOO | MAVE | ALAR DEL REY | HERRERA DE PISUERGA | ESPINOSA DE VILLAGONZALO | OSORNO | FRÓMISTA | PIÑA | AMUSCO | EL CARRIÓN | MONZÓN DE CAMPOS | PALENCIA | VENTA DE BAÑOS | DUEÑAS | CUBILLAS DE SANTA MARTA | CORCOS-AGUILAREJO | CABEZÓN DEL PISUERGA | VALLADOLID UNIVERSIDAD | VALLADOLID-CAMPO GRANDE
38102,PROXIMDAD,PALENCIA | VENTA DE BAÑOS | DUEÑAS | CUBILLAS DE SANTA MARTA | CORCOS-AGUILAREJO | CABEZÓN DEL PISUERGA | VALLADOLID UNIVERSIDAD | VALLADOLID-CAMPO GRANDE
18218,PROXIMDAD,PALENCIA | VENTA DE BAÑOS | DUEÑAS | CUBILLAS DE SANTA MARTA | CORCOS-AGUILAREJO | CABEZÓN DEL PISUERGA | VALLADOLID UNIVERSIDAD | VALLADOLID-CAMPO GRANDE | VIANA | VALDESTILLAS | MATAPOZUELOS | POZALDEZ | MEDINA DEL CAMPO
18212,PROXIMDAD,PALENCIA | VENTA DE BAÑOS | DUEÑAS | CUBILLAS DE SANTA MARTA | CORCOS-AGUILAREJO | CABEZÓN DEL PISUERGA | VALLADOLID UNIVERSIDAD | VALLADOLID-CAMPO GRANDE
12100,REGIONAL,GIJÓN-SANZ CRESPO | CALZADA DE ASTURIAS | OVIEDO | LLAMAQUIQUE | MIERES-PUENTE | UJO | POLA DE LENA | CAMPOMANES | PUENTE DE LOS FIERROS | LINARES-CONGOSTINAS | BUSDONGO | VILLAMANÍN | SANTA LUCÍA | LA POLA DE GORDÓN | LA ROBLA | LEÓN | PALANQUINOS | EL BURGO RANERO | SAHAGÚN | GRAJAL | VILLADA | PAREDES DE NAVA | BECERRIL | GRIJOTA | PALENCIA | VENTA DE BAÑOS | DUEÑAS | CUBILLAS DE SANTA MARTA | CORCOS-AGUILAREJO | CABEZÓN DEL PISUERGA | VALLADOLID UNIVERSIDAD | VALLADOLID-CAMPO GRANDE
18218,PROXIMDAD,PALENCIA | VENTA DE BAÑOS | DUEÑAS | CUBILLAS DE SANTA MARTA | CORCOS-AGUILAREJO | CABEZÓN DEL PISUERGA | VALLADOLID UNIVERSIDAD | VALLADOLID-CAMPO GRANDE | VIANA | VALDESTILLAS | MATAPOZUELOS | POZALDEZ | MEDINA DEL CAMPO
18101,REG.EXP.,VALLADOLID-CAMPO GRANDE | VALLADOLID UNIVERSIDAD | CABEZÓN DEL PISUERGA | CORCOS-AGUILAREJO | CUBILLAS DE SANTA MARTA | DUEÑAS | VENTA DE BAÑOS | PALENCIA | EL CARRIÓN | PIÑA | FRÓMISTA | OSORNO | ESPINOSA DE VILLAGONZALO | HERRERA DE PISUERGA | ALAR DEL REY | AGUILAR DE CAMPOO | MATAPORQUERA | REINOSA | BÁRCENA | LOS CORRALES DE BUELNA | TORRELAVEGA | RENEDO | MALIAÑO | VALDECILLA | SANTANDER
18105,REG.EXP.,VALLADOLID-CAMPO GRANDE | VALLADOLID UNIVERSIDAD | CABEZÓN DEL PISUERGA | CORCOS-AGUILAREJO | CUBILLAS DE SANTA MARTA | DUEÑAS | VENTA DE BAÑOS | PALENCIA | MONZÓN DE CAMPOS | EL CARRIÓN | AMUSCO | PIÑA | FRÓMISTA | OSORNO | ESPINOSA DE VILLAGONZALO | HERRERA DE PISUERGA | ALAR DEL REY | MAVE | AGUILAR DE CAMPOO | QUINTANILLA DE LAS TORRES | MATAPORQUERA | REINOSA | BÁRCENA | LOS CORRALES DE BUELNA | TORRELAVEGA | RENEDO | MALIAÑO | VALDECILLA | SANTANDER
18105,REG.EXP.,VALLADOLID-CAMPO GRANDE | VALLADOLID UNIVERSIDAD | CABEZÓN DEL PISUERGA | CORCOS-AGUILAREJO | CUBILLAS DE SANTA MARTA | DUEÑAS | VENTA DE BAÑOS | PALENCIA | MONZÓN DE CAMPOS | EL CARRIÓN | AMUSCO | PIÑA | FRÓMISTA | OSORNO | ESPINOSA DE VILLAGONZALO | HERRERA DE PISUERGA | ALAR DEL REY | MAVE | AGUILAR DE CAMPOO | QUINTANILLA DE LAS TORRES | MATAPORQUERA | REINOSA | BÁRCENA | LOS CORRALES DE BUELNA | TORRELAVEGA | RENEDO | MALIAÑO | VALDECILLA | SANTANDER
18105,REG.EXP.,VALLADOLID-CAMPO GRANDE | VALLADOLID UNIVERSIDAD | CABEZÓN DEL PISUERGA | CORCOS-AGUILAREJO | CUBILLAS DE SANTA MARTA | DUEÑAS | VENTA DE BAÑOS | PALENCIA | MONZÓN DE CAMPOS | EL CARRIÓN | AMUSCO | PIÑA | FRÓMISTA | OSORNO | ESPINOSA DE VILLAGONZALO | HERRERA DE PISUERGA | ALAR DEL REY | MAVE | AGUILAR DE CAMPOO | QUINTANILLA DE LAS TORRES | MATAPORQUERA | REINOSA | BÁRCENA | LOS CORRALES DE BUELNA | TORRELAVEGA | RENEDO | MALIAÑO | VALDECILLA | SANTANDER
18101,REG.EXP.,VALLADOLID-CAMPO GRANDE | VALLADOLID UNIVERSIDAD | CABEZÓN DEL PISUERGA | CORCOS-AGUILAREJO | CUBILLAS DE SANTA MARTA | DUEÑAS | VENTA DE BAÑOS | PALENCIA | EL CARRIÓN | PIÑA | FRÓMISTA | OSORNO | ESPINOSA DE VILLAGONZALO | HERRERA DE PISUERGA | ALAR DEL REY | AGUILAR DE CAMPOO | MATAPORQUERA | REINOSA | BÁRCENA | LOS CORRALES DE BUELNA | TORRELAVEGA | RENEDO | MALIAÑO | VALDECILLA | SANTANDER
18105,REG.EXP.,VALLADOLID-CAMPO GRANDE | VALLADOLID UNIVERSIDAD | CABEZÓN DEL PISUERGA | CORCOS-AGUILAREJO | CUBILLAS DE SANTA MARTA | DUEÑAS | VENTA DE BAÑOS | PALENCIA | MONZÓN DE CAMPOS | EL CARRIÓN | AMUSCO | PIÑA | FRÓMISTA | OSORNO | ESPINOSA DE VILLAGONZALO | HERRERA DE PISUERGA | ALAR DEL REY | MAVE | AGUILAR DE CAMPOO | QUINTANILLA DE LAS TORRES | MATAPORQUERA | REINOSA | BÁRCENA | LOS CORRALES DE BUELNA | TORRELAVEGA | RENEDO | MALIAÑO | VALDECILLA | SANTANDER
18218,PROXIMDAD,PALENCIA | VENTA DE BAÑOS | DUEÑAS | CUBILLAS DE SANTA MARTA | CORCOS-AGUILAREJO | CABEZÓN DEL PISUERGA | VALLADOLID UNIVERSIDAD | VALLADOLID-CAMPO GRANDE | VIANA | VALDESTILLAS | MATAPOZUELOS | POZALDEZ | MEDINA DEL CAMPO
18216,PROXIMDAD,PALENCIA | VENTA DE BAÑOS | DUEÑAS | CUBILLAS DE SANTA MARTA | CORCOS-AGUILAREJO | CABEZÓN DEL PISUERGA | VALLADOLID UNIVERSIDAD | VALLADOLID-CAMPO GRANDE
18102,REG.EXP.,SANTANDER | VALDECILLA | MALIAÑO | RENEDO | TORRELAVEGA | LOS CORRALES DE BUELNA | BÁRCENA | REINOSA | MATAPORQUERA | QUINTANILLA DE LAS TORRES | AGUILAR DE CAMPOO | MAVE | ALAR DEL REY | HERRERA DE PISUERGA | ESPINOSA DE VILLAGONZALO | OSORNO | FRÓMISTA | PIÑA | AMUSCO | EL CARRIÓN | MONZÓN DE CAMPOS | PALENCIA | VENTA DE BAÑOS | DUEÑAS | CUBILLAS DE SANTA MARTA | CORCOS-AGUILAREJO | CABEZÓN DEL PISUERGA | VALLADOLID UNIVERSIDAD | VALLADOLID-CAMPO GRANDE
38102,PROXIMDAD,PALENCIA | VENTA DE BAÑOS | DUEÑAS | CUBILLAS DE SANTA MARTA | CORCOS-AGUILAREJO | CABEZÓN DEL PISUERGA | VALLADOLID UNIVERSIDAD | VALLADOLID-CAMPO GRANDE
18218,PROXIMDAD,PALENCIA | VENTA DE BAÑOS | DUEÑAS | CUBILLAS DE SANTA MARTA | CORCOS-AGUILAREJO | CABEZÓN DEL PISUERGA | VALLADOLID UNIVERSIDAD | VALLADOLID-CAMPO GRANDE | VIANA | VALDESTILLAS | MATAPOZUELOS | POZALDEZ | MEDINA DEL CAMPO
18212,PROXIMDAD,PALENCIA | VENTA DE BAÑOS | DUEÑAS | CUBILLAS DE SANTA MARTA | CORCOS-AGUILAREJO | CABEZÓN DEL PISUERGA | VALLADOLID UNIVERSIDAD | VALLADOLID-CAMPO GRANDE
12100,REGIONAL,GIJÓN-SANZ CRESPO | CALZADA DE ASTURIAS | OVIEDO | LLAMAQUIQUE | MIERES-PUENTE | UJO | POLA DE LENA | CAMPOMANES | PUENTE DE LOS FIERROS | LINARES-CONGOSTINAS | BUSDONGO | VILLAMANÍN | SANTA LUCÍA | LA POLA DE GORDÓN | LA ROBLA | LEÓN | PALANQUINOS | EL BURGO RANERO | SAHAGÚN | GRAJAL | VILLADA | PAREDES DE NAVA | BECERRIL | GRIJOTA | PALENCIA | VENTA DE BAÑOS | DUEÑAS | CUBILLAS DE SANTA MARTA | CORCOS-AGUILAREJO | CABEZÓN DEL PISUERGA | VALLADOLID UNIVERSIDAD | VALLADOLID-CAMPO GRANDE
18218,PROXIMDAD,PALENCIA | VENTA DE BAÑOS | DUEÑAS | CUBILLAS DE SANTA MARTA | CORCOS-AGUILAREJO | CABEZÓN DEL PISUERGA | VALLADOLID UNIVERSIDAD | VALLADOLID-CAMPO GRANDE | VIANA | VALDESTILLAS | MATAPOZUELOS | POZALDEZ | MEDINA DEL CAMPO
18101,REG.EXP.,VALLADOLID-CAMPO GRANDE | VALLADOLID UNIVERSIDAD | CABEZÓN DEL PISUERGA | CORCOS-AGUILAREJO | CUBILLAS DE SANTA MARTA | DUEÑAS | VENTA DE BAÑOS | PALENCIA | EL CARRIÓN | PIÑA | FRÓMISTA | OSORNO | ESPINOSA DE VILLAGONZALO | HERRERA DE PISUERGA | ALAR DEL REY | AGUILAR DE CAMPOO | MATAPORQUERA | REINOSA | BÁRCENA | LOS CORRALES DE BUELNA | TORRELAVEGA | RENEDO | MALIAÑO | VALDECILLA | SANTANDER
38401,PROXIMDAD,VALLADOLID-CAMPO GRANDE | VALLADOLID UNIVERSIDAD | CABEZÓN DEL PISUERGA | CORCOS-AGUILAREJO | CUBILLAS DE SANTA MARTA | DUEÑAS | VENTA DE BAÑOS | PALENCIA
18211,PROXIMDAD,VALLADOLID-CAMPO GRANDE | VALLADOLID UNIVERSIDAD | CABEZÓN DEL PISUERGA | CORCOS-AGUILAREJO | CUBILLAS DE SANTA MARTA | DUEÑAS | VENTA DE BAÑOS | PALENCIA
18217,PROXIMDAD,VALLADOLID-CAMPO GRANDE | VALLADOLID UNIVERSIDAD | CABEZÓN DEL PISUERGA | CORCOS-AGUILAREJO | CUBILLAS DE SANTA MARTA | DUEÑAS | VENTA DE BAÑOS | PALENCIA
18105,REG.EXP.,VALLADOLID-CAMPO GRANDE | VALLADOLID UNIVERSIDAD | CABEZÓN DEL PISUERGA | CORCOS-AGUILAREJO | CUBILLAS DE SANTA MARTA | DUEÑAS | VENTA DE BAÑOS | PALENCIA | MONZÓN DE CAMPOS | EL CARRIÓN | AMUSCO | PIÑA | FRÓMISTA | OSORNO | ESPINOSA DE VILLAGONZALO | HERRERA DE PISUERGA | ALAR DEL REY | MAVE | AGUILAR DE CAMPOO | QUINTANILLA DE LAS TORRES | MATAPORQUERA | REINOSA | BÁRCENA | LOS CORRALES DE BUELNA | TORRELAVEGA | RENEDO | MALIAÑO | VALDECILLA | SANTANDER
38105,PROXIMDAD,VALLADOLID-CAMPO GRANDE | VALLADOLID UNIVERSIDAD | CABEZÓN DEL PISUERGA | CORCOS-AGUILAREJO | CUBILLAS DE SANTA MARTA | DUEÑAS | VENTA DE BAÑOS | PALENCIA
18219,PROXIMDAD,VALLADOLID-CAMPO GRANDE | VALLADOLID UNIVERSIDAD | CABEZÓN DEL PISUERGA | CORCOS-AGUILAREJO | CUBILLAS DE SANTA MARTA | DUEÑAS | VENTA DE BAÑOS | PALENCIA
18101,REG.EXP.,VALLADOLID-CAMPO GRANDE | VALLADOLID UNIVERSIDAD | CABEZÓN DEL PISUERGA | CORCOS-AGUILAREJO | CUBILLAS DE SANTA MARTA | DUEÑAS | VENTA DE BAÑOS | PALENCIA | EL CARRIÓN | PIÑA | FRÓMISTA | OSORNO | ESPINOSA DE VILLAGONZALO | HERRERA DE PISUERGA | ALAR DEL REY | AGUILAR DE CAMPOO | MATAPORQUERA | REINOSA | BÁRCENA | LOS CORRALES DE BUELNA | TORRELAVEGA | RENEDO | MALIAÑO | VALDECILLA | SANTANDER
18105,REG.EXP.,VALLADOLID-CAMPO GRANDE | VALLADOLID UNIVERSIDAD | CABEZÓN DEL PISUERGA | CORCOS-AGUILAREJO | CUBILLAS DE SANTA MARTA | DUEÑAS | VENTA DE BAÑOS | PALENCIA | MONZÓN DE CAMPOS | EL CARRIÓN | AMUSCO | PIÑA | FRÓMISTA | OSORNO | ESPINOSA DE VILLAGONZALO | HERRERA DE PISUERGA | ALAR DEL REY | MAVE | AGUILAR DE CAMPOO | QUINTANILLA DE LAS TORRES | MATAPORQUERA | REINOSA | BÁRCENA | LOS CORRALES DE BUELNA | TORRELAVEGA | RENEDO | MALIAÑO | VALDECILLA | SANTANDER
18101,REG.EXP.,VALLADOLID-CAMPO GRANDE | VALLADOLID UNIVERSIDAD | CABEZÓN DEL PISUERGA | CORCOS-AGUILAREJO | CUBILLAS DE SANTA MARTA | DUEÑAS | VENTA DE BAÑOS | PALENCIA | EL CARRIÓN | PIÑA | FRÓMISTA | OSORNO | ESPINOSA DE VILLAGONZALO | HERRERA DE PISUERGA | ALAR DEL REY | AGUILAR DE CAMPOO | MATAPORQUERA | REINOSA | BÁRCENA | LOS CORRALES DE BUELNA | TORRELAVEGA | RENEDO | MALIAÑO | VALDECILLA | SANTANDER
18105,REG.EXP.,VALLADOLID-CAMPO GRANDE | VALLADOLID UNIVERSIDAD | CABEZÓN DEL PISUERGA | CORCOS-AGUILAREJO | CUBILLAS DE SANTA MARTA | DUEÑAS | VENTA DE BAÑOS | PALENCIA | MONZÓN DE CAMPOS | EL CARRIÓN | AMUSCO | PIÑA | FRÓMISTA | OSORNO | ESPINOSA DE VILLAGONZALO | HERRERA DE PISUERGA | ALAR DEL REY | MAVE | AGUILAR DE CAMPOO | QUINTANILLA DE LAS TORRES | MATAPORQUERA | REINOSA | BÁRCENA | LOS CORRALES DE BUELNA | TORRELAVEGA | RENEDO | MALIAÑO | VALDECILLA | SANTANDER
18105,REG.EXP.,VALLADOLID-CAMPO GRANDE | VALLADOLID UNIVERSIDAD | CABEZÓN DEL PISUERGA | CORCOS-AGUILAREJO | CUBILLAS DE SANTA MARTA | DUEÑAS | VENTA DE BAÑOS | PALENCIA | MONZÓN DE CAMPOS | EL CARRIÓN | AMUSCO | PIÑA | FRÓMISTA | OSORNO | ESPINOSA DE VILLAGONZALO | HERRERA DE PISUERGA | ALAR DEL REY | MAVE | AGUILAR DE CAMPOO | QUINTANILLA DE LAS TORRES | MATAPORQUERA | REINOSA | BÁRCENA | LOS CORRALES DE BUELNA | TORRELAVEGA | RENEDO | MALIAÑO | VALDECILLA | SANTANDER
18101,REG.EXP.,VALLADOLID-CAMPO GRANDE | VALLADOLID UNIVERSIDAD | CABEZÓN DEL PISUERGA | CORCOS-AGUILAREJO | CUBILLAS DE SANTA MARTA | DUEÑAS | VENTA DE BAÑOS | PALENCIA | EL CARRIÓN | PIÑA | FRÓMISTA | OSORNO | ESPINOSA DE VILLAGONZALO | HERRERA DE PISUERGA | ALAR DEL REY | AGUILAR DE CAMPOO | MATAPORQUERA | REINOSA | BÁRCENA | LOS CORRALES DE BUELNA | TORRELAVEGA | RENEDO | MALIAÑO | VALDECILLA | SANTANDER
18105,REG.EXP.,VALLADOLID-CAMPO GRANDE | VALLADOLID UNIVERSIDAD | CABEZÓN DEL PISUERGA | CORCOS-AGUILAREJO | CUBILLAS DE SANTA MARTA | DUEÑAS | VENTA DE BAÑOS | PALENCIA | MONZÓN DE CAMPOS | EL CARRIÓN | AMUSCO | PIÑA | FRÓMISTA | OSORNO | ESPINOSA DE VILLAGONZALO | HERRERA DE PISUERGA | ALAR DEL REY | MAVE | AGUILAR DE CAMPOO | QUINTANILLA DE LAS TORRES | MATAPORQUERA | REINOSA | BÁRCENA | LOS CORRALES DE BUELNA | TORRELAVEGA | RENEDO | MALIAÑO | VALDECILLA | SANTANDER
18101,REG.EXP.,VALLADOLID-CAMPO GRANDE | VALLADOLID UNIVERSIDAD | CABEZÓN DEL PISUERGA | CORCOS-AGUILAREJO | CUBILLAS DE SANTA MARTA | DUEÑAS | VENTA DE BAÑOS | PALENCIA | EL CARRIÓN | PIÑA | FRÓMISTA | OSORNO | ESPINOSA DE VILLAGONZALO | HERRERA DE PISUERGA | ALAR DEL REY | AGUILAR DE CAMPOO | MATAPORQUERA | REINOSA | BÁRCENA | LOS CORRALES DE BUELNA | TORRELAVEGA | RENEDO | MALIAÑO | VALDECILLA | SANTANDER
18105,REG.EXP.,VALLADOLID-CAMPO GRANDE | VALLADOLID UNIVERSIDAD | CABEZÓN DEL PISUERGA | CORCOS-AGUILAREJO | CUBILLAS DE SANTA MARTA | DUEÑAS | VENTA DE BAÑOS | PALENCIA | MONZÓN DE CAMPOS | EL CARRIÓN | AMUSCO | PIÑA | FRÓMISTA | OSORNO | ESPINOSA DE VILLAGONZALO | HERRERA DE PISUERGA | ALAR DEL REY | MAVE | AGUILAR DE CAMPOO | QUINTANILLA DE LAS TORRES | MATAPORQUERA | REINOSA | BÁRCENA | LOS CORRALES DE BUELNA | TORRELAVEGA | RENEDO | MALIAÑO | VALDECILLA | SANTANDER
18218,PROXIMDAD,PALENCIA | VENTA DE BAÑOS | DUEÑAS | CUBILLAS DE SANTA MARTA | CORCOS-AGUILAREJO | CABEZÓN DEL PISUERGA | VALLADOLID UNIVERSIDAD | VALLADOLID-CAMPO GRANDE | VIANA | VALDESTILLAS | MATAPOZUELOS | POZALDEZ | MEDINA DEL CAMPO
18306,MD,SALAMANCA | MORISCOS | GOMECELLO | PITIEGUA | EL PEDROSO DE LA ARMUÑA | CANTALAPIEDRA | FRESNO EL VIEJO | EL CARPIO | MEDINA DEL CAMPO | POZALDEZ | MATAPOZUELOS | VALDESTILLAS | VIANA | VALLADOLID-CAMPO GRANDE | VALLADOLID UNIVERSIDAD | VENTA DE BAÑOS | PALENCIA
38306,PROXIMDAD,MEDINA DEL CAMPO | POZALDEZ | MATAPOZUELOS | VALDESTILLAS | VIANA | VALLADOLID-CAMPO GRANDE | VALLADOLID UNIVERSIDAD | VENTA DE BAÑOS | PALENCIA
18322,REG.EXP.,VALLADOLID-CAMPO GRANDE | VIANA | VALDESTILLAS | MATAPOZUELOS | POZALDEZ | MEDINA DEL CAMPO | NAVA DEL REY | TORO | ZAMORA | CARBAJALES DE ALBA | FERRERUELA DE TÁBARA | ABEJERA | SARRACÍN DE ALISTE | CABAÑAS DE ALISTE | LINAREJOS-PEDROSO | PUEBLA DE SANABRIA
17201,REG.EXP.,ÁVILA | ARÉVALO | MEDINA DEL CAMPO | POZALDEZ | MATAPOZUELOS | VALDESTILLAS | VIANA | VALLADOLID-CAMPO GRANDE | VALLADOLID UNIVERSIDAD
38301,PROXIMDAD,MEDINA DEL CAMPO | POZALDEZ | MATAPOZUELOS | VALDESTILLAS | VIANA | VALLADOLID-CAMPO GRANDE | VALLADOLID UNIVERSIDAD
18306,MD,SALAMANCA | MORISCOS | GOMECELLO | PITIEGUA | EL PEDROSO DE LA ARMUÑA | CANTALAPIEDRA | FRESNO EL VIEJO | EL CARPIO | MEDINA DEL CAMPO | POZALDEZ | MATAPOZUELOS | VALDESTILLAS | VIANA | VALLADOLID-CAMPO GRANDE | VALLADOLID UNIVERSIDAD | VENTA DE BAÑOS | PALENCIA
38306,PROXIMDAD,MEDINA DEL CAMPO | POZALDEZ | MATAPOZUELOS | VALDESTILLAS | VIANA | VALLADOLID-CAMPO GRANDE | VALLADOLID UNIVERSIDAD | VENTA DE BAÑOS | PALENCIA
17227,PROXIMDAD,MEDINA DEL CAMPO | POZALDEZ | MATAPOZUELOS | VALDESTILLAS | VIANA | VALLADOLID-CAMPO GRANDE
17201,REG.EXP.,ÁVILA | ARÉVALO | MEDINA DEL CAMPO | POZALDEZ | MATAPOZUELOS | VALDESTILLAS | VIANA | VALLADOLID-CAMPO GRANDE | VALLADOLID UNIVERSIDAD
38301,PROXIMDAD,MEDINA DEL CAMPO | POZALDEZ | MATAPOZUELOS | VALDESTILLAS | VIANA | VALLADOLID-CAMPO GRANDE | VALLADOLID UNIVERSIDAD
18321,REG.EXP.,PUEBLA DE SANABRIA | LINAREJOS-PEDROSO | CABAÑAS DE ALISTE | SARRACÍN DE ALISTE | ABEJERA | FERRERUELA DE TÁBARA | CARBAJALES DE ALBA | ZAMORA | TORO | NAVA DEL REY | MEDINA DEL CAMPO | POZALDEZ | MATAPOZUELOS | VALDESTILLAS | VIANA | VALLADOLID-CAMPO GRANDE
38321,PROXIMDAD,MEDINA DEL CAMPO | POZALDEZ | MATAPOZUELOS | VALDESTILLAS | VIANA | VALLADOLID-CAMPO GRANDE
18302,REG.EXP.,SALAMANCA | MEDINA DEL CAMPO | POZALDEZ | MATAPOZUELOS | VALDESTILLAS | VIANA | VALLADOLID-CAMPO GRANDE
18306,MD,SALAMANCA | MORISCOS | GOMECELLO | PITIEGUA | EL PEDROSO DE LA ARMUÑA | CANTALAPIEDRA | FRESNO EL VIEJO | EL CARPIO | MEDINA DEL CAMPO | POZALDEZ | MATAPOZUELOS | VALDESTILLAS | VIANA | VALLADOLID-CAMPO GRANDE | VALLADOLID UNIVERSIDAD | VENTA DE BAÑOS | PALENCIA
38306,PROXIMDAD,MEDINA DEL CAMPO | POZALDEZ | MATAPOZUELOS | VALDESTILLAS | VIANA | VALLADOLID-CAMPO GRANDE | VALLADOLID UNIVERSIDAD | VENTA DE BAÑOS | PALENCIA
17221,REG.EXP.,ÁVILA | ARÉVALO | MEDINA DEL CAMPO | POZALDEZ | MATAPOZUELOS | VALDESTILLAS | VIANA | VALLADOLID-CAMPO GRANDE
38221,PROXIMDAD,MEDINA DEL CAMPO | POZALDEZ | MATAPOZUELOS | VALDESTILLAS | VIANA | VALLADOLID-CAMPO GRANDE
17229,PROXIMDAD,MEDINA DEL CAMPO | POZALDEZ | MATAPOZUELOS | VALDESTILLAS | VIANA | VALLADOLID-CAMPO GRANDE
18312,REG.EXP.,SALAMANCA | GOMECELLO | PITIEGUA | EL PEDROSO DE LA ARMUÑA | CANTALAPIEDRA | FRESNO EL VIEJO | EL CARPIO | CAMPILLO | MEDINA DEL CAMPO | POZALDEZ | MATAPOZUELOS | VALDESTILLAS | VIANA | VALLADOLID-CAMPO GRANDE
38312,PROXIMDAD,MEDINA DEL CAMPO | POZALDEZ | MATAPOZUELOS | VALDESTILLAS | VIANA | VALLADOLID-CAMPO GRANDE
17227,PROXIMDAD,MEDINA DEL CAMPO | POZALDEZ | MATAPOZUELOS | VALDESTILLAS | VIANA | VALLADOLID-CAMPO GRANDE
17201,REG.EXP.,ÁVILA | ARÉVALO | MEDINA DEL CAMPO | POZALDEZ | MATAPOZUELOS | VALDESTILLAS | VIANA | VALLADOLID-CAMPO GRANDE | VALLADOLID UNIVERSIDAD
38301,PROXIMDAD,MEDINA DEL CAMPO | POZALDEZ | MATAPOZUELOS | VALDESTILLAS | VIANA | VALLADOLID-CAMPO GRANDE | VALLADOLID UNIVERSIDAD
18321,REG.EXP.,PUEBLA DE SANABRIA | LINAREJOS-PEDROSO | CABAÑAS DE ALISTE | SARRACÍN DE ALISTE | ABEJERA | FERRERUELA DE TÁBARA | CARBAJALES DE ALBA | ZAMORA | TORO | NAVA DEL REY | MEDINA DEL CAMPO | POZALDEZ | MATAPOZUELOS | VALDESTILLAS | VIANA | VALLADOLID-CAMPO GRANDE
38321,PROXIMDAD,MEDINA DEL CAMPO | POZALDEZ | MATAPOZUELOS | VALDESTILLAS | VIANA | VALLADOLID-CAMPO GRANDE
18302,REG.EXP.,SALAMANCA | MEDINA DEL CAMPO | POZALDEZ | MATAPOZUELOS | VALDESTILLAS | VIANA | VALLADOLID-CAMPO GRANDE
18306,MD,SALAMANCA | MORISCOS | GOMECELLO | PITIEGUA | EL PEDROSO DE LA ARMUÑA | CANTALAPIEDRA | FRESNO EL VIEJO | EL CARPIO | MEDINA DEL CAMPO | POZALDEZ | MATAPOZUELOS | VALDESTILLAS | VIANA | VALLADOLID-CAMPO GRANDE | VALLADOLID UNIVERSIDAD | VENTA DE BAÑOS | PALENCIA
38306,PROXIMDAD,MEDINA DEL CAMPO | POZALDEZ | MATAPOZUELOS | VALDESTILLAS | VIANA | VALLADOLID-CAMPO GRANDE | VALLADOLID UNIVERSIDAD | VENTA DE BAÑOS | PALENCIA
17221,REG.EXP.,ÁVILA | ARÉVALO | MEDINA DEL CAMPO | POZALDEZ | MATAPOZUELOS | VALDESTILLAS | VIANA | VALLADOLID-CAMPO GRANDE
38221,PROXIMDAD,MEDINA DEL CAMPO | POZALDEZ | MATAPOZUELOS | VALDESTILLAS | VIANA | VALLADOLID-CAMPO GRANDE
17229,PROXIMDAD,MEDINA DEL CAMPO | POZALDEZ | MATAPOZUELOS | VALDESTILLAS | VIANA | VALLADOLID-CAMPO GRANDE
18312,REG.EXP.,SALAMANCA | GOMECELLO | PITIEGUA | EL PEDROSO DE LA ARMUÑA | CANTALAPIEDRA | FRESNO EL VIEJO | EL CARPIO | CAMPILLO | MEDINA DEL CAMPO | POZALDEZ | MATAPOZUELOS | VALDESTILLAS | VIANA | VALLADOLID-CAMPO GRANDE
38312,PROXIMDAD,MEDINA DEL CAMPO | POZALDEZ | MATAPOZUELOS | VALDESTILLAS | VIANA | VALLADOLID-CAMPO GRANDE
18300,REG.EXP.,VALLADOLID-CAMPO GRANDE | VIANA | VALDESTILLAS | MATAPOZUELOS | POZALDEZ | MEDINA DEL CAMPO | EL CARPIO | FRESNO EL VIEJO | CANTALAPIEDRA | EL PEDROSO DE LA ARMUÑA | PITIEGUA | GOMECELLO | MORISCOS | SALAMANCA | SALAMANCA-LA ALAMEDILLA
18318,REG.EXP.,VALLADOLID-CAMPO GRANDE | VIANA | VALDESTILLAS | MATAPOZUELOS | POZALDEZ | MEDINA DEL CAMPO | EL CARPIO | FRESNO EL VIEJO | CANTALAPIEDRA | GOMECELLO | SALAMANCA | SALAMANCA-LA ALAMEDILLA
18300,REG.EXP.,VALLADOLID-CAMPO GRANDE | VIANA | VALDESTILLAS | MATAPOZUELOS | POZALDEZ | MEDINA DEL CAMPO | EL CARPIO | FRESNO EL VIEJO | CANTALAPIEDRA | EL PEDROSO DE LA ARMUÑA | PITIEGUA | GOMECELLO | MORISCOS | SALAMANCA | SALAMANCA-LA ALAMEDILLA
38300,PROXIMDAD,VALLADOLID-CAMPO GRANDE | VIANA | VALDESTILLAS | MATAPOZUELOS | POZALDEZ | MEDINA DEL CAMPO
17218,REG.EXP.,VALLADOLID-CAMPO GRANDE | VIANA | VALDESTILLAS | MATAPOZUELOS | POZALDEZ | MEDINA DEL CAMPO | ARÉVALO | ÁVILA
38218,PROXIMDAD,VALLADOLID-CAMPO GRANDE | VIANA | VALDESTILLAS | MATAPOZUELOS | POZALDEZ | MEDINA DEL CAMPO
18004,MD,VALLADOLID-CAMPO GRANDE | VIANA | VALDESTILLAS | MATAPOZUELOS | POZALDEZ | MEDINA DEL CAMPO | ARÉVALO | ÁVILA | HERRADÓN-LA CAÑADA | NAVALPERAL | LAS NAVAS DEL MARQUÉS | SANTA MARÍA DE LA ALAMEDA-PEGUERINOS | ROBLEDO DE CHAVELA | ZARZALEJO | EL ESCORIAL | VILLALBA DE GUADARRAMA | MADRID-PRÍNCIPE PÍO
38004,PROXIMDAD,VALLADOLID-CAMPO GRANDE | VIANA | VALDESTILLAS | MATAPOZUELOS | POZALDEZ | MEDINA DEL CAMPO
18218,PROXIMDAD,PALENCIA | VENTA DE BAÑOS | DUEÑAS | CUBILLAS DE SANTA MARTA | CORCOS-AGUILAREJO | CABEZÓN DEL PISUERGA | VALLADOLID UNIVERSIDAD | VALLADOLID-CAMPO GRANDE | VIANA | VALDESTILLAS | MATAPOZUELOS | POZALDEZ | MEDINA DEL CAMPO
18322,REG.EXP.,VALLADOLID-CAMPO GRANDE | VIANA | VALDESTILLAS | MATAPOZUELOS | POZALDEZ | MEDINA DEL CAMPO | NAVA DEL REY | TORO | ZAMORA | CARBAJALES DE ALBA | FERRERUELA DE TÁBARA | ABEJERA | SARRACÍN DE ALISTE | CABAÑAS DE ALISTE | LINAREJOS-PEDROSO | PUEBLA DE SANABRIA
18318,REG.EXP.,VALLADOLID-CAMPO GRANDE | VIANA | VALDESTILLAS | MATAPOZUELOS | POZALDEZ | MEDINA DEL CAMPO | EL CARPIO | FRESNO EL VIEJO | CANTALAPIEDRA | GOMECELLO | SALAMANCA | SALAMANCA-LA ALAMEDILLA
38318,PROXIMDAD,VALLADOLID-CAMPO GRANDE | VIANA | VALDESTILLAS | MATAPOZUELOS | POZALDEZ | MEDINA DEL CAMPO
17200,REG.EXP.,VALLADOLID-CAMPO GRANDE | VIANA | VALDESTILLAS | MATAPOZUELOS | POZALDEZ | MEDINA DEL CAMPO | ARÉVALO | ÁVILA
38200,PROXIMDAD,VALLADOLID-CAMPO GRANDE | VIANA | VALDESTILLAS | MATAPOZUELOS | POZALDEZ | MEDINA DEL CAMPO
37432,MD,VALLADOLID-CAMPO GRANDE | VIANA | VALDESTILLAS | MATAPOZUELOS | POZALDEZ | MEDINA DEL CAMPO | SALAMANCA
00632,Intercity,ZARAGOZA DELICIAS | PAMPLONA/IRUÑA | VITORIA-GASTEIZ | MIRANDA DE EBRO | BURGOS-ROSA MANZANO | VALLADOLID-CAMPO GRANDE | VIANA | VALDESTILLAS | MATAPOZUELOS | POZALDEZ | MEDINA DEL CAMPO | SALAMANCA
17226,PROXIMDAD,VALLADOLID-CAMPO GRANDE | VIANA | VALDESTILLAS | MATAPOZUELOS | POZALDEZ | MEDINA DEL CAMPO
18306,MD,SALAMANCA | MORISCOS | GOMECELLO | PITIEGUA | EL PEDROSO DE LA ARMUÑA | CANTALAPIEDRA | FRESNO EL VIEJO | EL CARPIO | MEDINA DEL CAMPO | POZALDEZ | MATAPOZUELOS | VALDESTILLAS | VIANA | VALLADOLID-CAMPO GRANDE | VALLADOLID UNIVERSIDAD | VENTA DE BAÑOS | PALENCIA
38306,PROXIMDAD,MEDINA DEL CAMPO | POZALDEZ | MATAPOZUELOS | VALDESTILLAS | VIANA | VALLADOLID-CAMPO GRANDE | VALLADOLID UNIVERSIDAD | VENTA DE BAÑOS | PALENCIA
18300,REG.EXP.,VALLADOLID-CAMPO GRANDE | VIANA | VALDESTILLAS | MATAPOZUELOS | POZALDEZ | MEDINA DEL CAMPO | EL CARPIO | FRESNO EL VIEJO | CANTALAPIEDRA | EL PEDROSO DE LA ARMUÑA | PITIEGUA | GOMECELLO | MORISCOS | SALAMANCA | SALAMANCA-LA ALAMEDILLA
18318,REG.EXP.,VALLADOLID-CAMPO GRANDE | VIANA | VALDESTILLAS | MATAPOZUELOS | POZALDEZ | MEDINA DEL CAMPO | EL CARPIO | FRESNO EL VIEJO | CANTALAPIEDRA | GOMECELLO | SALAMANCA | SALAMANCA-LA ALAMEDILLA
17227,PROXIMDAD,MEDINA DEL CAMPO | POZALDEZ | MATAPOZUELOS | VALDESTILLAS | VIANA | VALLADOLID-CAMPO GRANDE
17201,REG.EXP.,ÁVILA | ARÉVALO | MEDINA DEL CAMPO | POZALDEZ | MATAPOZUELOS | VALDESTILLAS | VIANA | VALLADOLID-CAMPO GRANDE | VALLADOLID UNIVERSIDAD
38301,PROXIMDAD,MEDINA DEL CAMPO | POZALDEZ | MATAPOZUELOS | VALDESTILLAS | VIANA | VALLADOLID-CAMPO GRANDE | VALLADOLID UNIVERSIDAD
18321,REG.EXP.,PUEBLA DE SANABRIA | LINAREJOS-PEDROSO | CABAÑAS DE ALISTE | SARRACÍN DE ALISTE | ABEJERA | FERRERUELA DE TÁBARA | CARBAJALES DE ALBA | ZAMORA | TORO | NAVA DEL REY | MEDINA DEL CAMPO | POZALDEZ | MATAPOZUELOS | VALDESTILLAS | VIANA | VALLADOLID-CAMPO GRANDE
38321,PROXIMDAD,MEDINA DEL CAMPO | POZALDEZ | MATAPOZUELOS | VALDESTILLAS | VIANA | VALLADOLID-CAMPO GRANDE
18302,REG.EXP.,SALAMANCA | MEDINA DEL CAMPO | POZALDEZ | MATAPOZUELOS | VALDESTILLAS | VIANA | VALLADOLID-CAMPO GRANDE
18306,MD,SALAMANCA | MORISCOS | GOMECELLO | PITIEGUA | EL PEDROSO DE LA ARMUÑA | CANTALAPIEDRA | FRESNO EL VIEJO | EL CARPIO | MEDINA DEL CAMPO | POZALDEZ | MATAPOZUELOS | VALDESTILLAS | VIANA | VALLADOLID-CAMPO GRANDE | VALLADOLID UNIVERSIDAD | VENTA DE BAÑOS | PALENCIA
38306,PROXIMDAD,MEDINA DEL CAMPO | POZALDEZ | MATAPOZUELOS | VALDESTILLAS | VIANA | VALLADOLID-CAMPO GRANDE | VALLADOLID UNIVERSIDAD | VENTA DE BAÑOS | PALENCIA
17221,REG.EXP.,ÁVILA | ARÉVALO | MEDINA DEL CAMPO | POZALDEZ | MATAPOZUELOS | VALDESTILLAS | VIANA | VALLADOLID-CAMPO GRANDE
38221,PROXIMDAD,MEDINA DEL CAMPO | POZALDEZ | MATAPOZUELOS | VALDESTILLAS | VIANA | VALLADOLID-CAMPO GRANDE
17229,PROXIMDAD,MEDINA DEL CAMPO | POZALDEZ | MATAPOZUELOS | VALDESTILLAS | VIANA | VALLADOLID-CAMPO GRANDE
18312,REG.EXP.,SALAMANCA | GOMECELLO | PITIEGUA | EL PEDROSO DE LA ARMUÑA | CANTALAPIEDRA | FRESNO EL VIEJO | EL CARPIO | CAMPILLO | MEDINA DEL CAMPO | POZALDEZ | MATAPOZUELOS | VALDESTILLAS | VIANA | VALLADOLID-CAMPO GRANDE
38312,PROXIMDAD,MEDINA DEL CAMPO | POZALDEZ | MATAPOZUELOS | VALDESTILLAS | VIANA | VALLADOLID-CAMPO GRANDE
18010,MD,ALTSASU | ARAIA | AGURAIN-SALVATIERRA DE ÁLAVA | ALEGRÍA-DULANTZI | VITORIA-GASTEIZ | MIRANDA DE EBRO | PANCORBO | BRIVIESCA | BURGOS-ROSA MANZANO | VILLAQUIRÁN | QUINTANA DEL PUENTE | MAGAZ | VENTA DE BAÑOS | VALLADOLID-CAMPO GRANDE | MEDINA DEL CAMPO | ARÉVALO | ÁVILA | EL ESCORIAL | VILLALBA DE GUADARRAMA | MADRID-PRÍNCIPE PÍO
18010,MD,ALTSASU | ARAIA | AGURAIN-SALVATIERRA DE ÁLAVA | ALEGRÍA-DULANTZI | VITORIA-GASTEIZ | MIRANDA DE EBRO | PANCORBO | BRIVIESCA | BURGOS-ROSA MANZANO | VILLAQUIRÁN | QUINTANA DEL PUENTE | MAGAZ | VENTA DE BAÑOS | VALLADOLID-CAMPO GRANDE | MEDINA DEL CAMPO | ARÉVALO | ÁVILA | EL ESCORIAL | VILLALBA DE GUADARRAMA | MADRID-PRÍNCIPE PÍO
18010,MD,ALTSASU | ARAIA | AGURAIN-SALVATIERRA DE ÁLAVA | ALEGRÍA-DULANTZI | VITORIA-GASTEIZ | MIRANDA DE EBRO | PANCORBO | BRIVIESCA | BURGOS-ROSA MANZANO | VILLAQUIRÁN | QUINTANA DEL PUENTE | MAGAZ | PALENCIA
18065,MD,MADRID-PRÍNCIPE PÍO | VILLALBA DE GUADARRAMA | EL ESCORIAL | ZARZALEJO | ROBLEDO DE CHAVELA | SANTA MARÍA DE LA ALAMEDA-PEGUERINOS | LAS NAVAS DEL MARQUÉS | NAVALPERAL | HERRADÓN-LA CAÑADA | ÁVILA | ARÉVALO | MEDINA DEL CAMPO | VALLADOLID-CAMPO GRANDE | VENTA DE BAÑOS | MAGAZ | QUINTANA DEL PUENTE | VILLAQUIRÁN | BURGOS-ROSA MANZANO | BRIVIESCA | MIRANDA DE EBRO | VITORIA-GASTEIZ | ALEGRÍA-DULANTZI | AGURAIN-SALVATIERRA DE ÁLAVA | ARAIA | ALTSASU
04073,ALVIA,MADRID-CHAMARTÍN-CLARA CAMPOAMOR | VALLADOLID-CAMPO GRANDE | PALENCIA | AGUILAR DE CAMPOO | REINOSA | TORRELAVEGA | SANTANDER
18101,REG.EXP.,VALLADOLID-CAMPO GRANDE | VALLADOLID UNIVERSIDAD | CABEZÓN DEL PISUERGA | CORCOS-AGUILAREJO | CUBILLAS DE SANTA MARTA | DUEÑAS | VENTA DE BAÑOS | PALENCIA | EL CARRIÓN | PIÑA | FRÓMISTA | OSORNO | ESPINOSA DE VILLAGONZALO | HERRERA DE PISUERGA | ALAR DEL REY | AGUILAR DE CAMPOO | MATAPORQUERA | REINOSA | BÁRCENA | LOS CORRALES DE BUELNA | TORRELAVEGA | RENEDO | MALIAÑO | VALDECILLA | SANTANDER
18105,REG.EXP.,VALLADOLID-CAMPO GRANDE | VALLADOLID UNIVERSIDAD | CABEZÓN DEL PISUERGA | CORCOS-AGUILAREJO | CUBILLAS DE SANTA MARTA | DUEÑAS | VENTA DE BAÑOS | PALENCIA | MONZÓN DE CAMPOS | EL CARRIÓN | AMUSCO | PIÑA | FRÓMISTA | OSORNO | ESPINOSA DE VILLAGONZALO | HERRERA DE PISUERGA | ALAR DEL REY | MAVE | AGUILAR DE CAMPOO | QUINTANILLA DE LAS TORRES | MATAPORQUERA | REINOSA | BÁRCENA | LOS CORRALES DE BUELNA | TORRELAVEGA | RENEDO | MALIAÑO | VALDECILLA | SANTANDER
37193,MD,VALLADOLID-CAMPO GRANDE | PALENCIA | AGUILAR DE CAMPOO | REINOSA | TORRELAVEGA | SANTANDER
04193,ALVIA,MADRID-CHAMARTÍN-CLARA CAMPOAMOR | VALLADOLID-CAMPO GRANDE | PALENCIA | AGUILAR DE CAMPOO | REINOSA | TORRELAVEGA | SANTANDER
18066,MD,PALENCIA | VENTA DE BAÑOS | VALLADOLID-CAMPO GRANDE | MEDINA DEL CAMPO | ARÉVALO | ÁVILA | HERRADÓN-LA CAÑADA | NAVALPERAL | LAS NAVAS DEL MARQUÉS | SANTA MARÍA DE LA ALAMEDA-PEGUERINOS | ROBLEDO DE CHAVELA | ZARZALEJO | EL ESCORIAL | VILLALBA DE GUADARRAMA | MADRID-PRÍNCIPE PÍO
38066,PROXIMDAD,PALENCIA | VENTA DE BAÑOS | VALLADOLID-CAMPO GRANDE | MEDINA DEL CAMPO
18216,PROXIMDAD,PALENCIA | VENTA DE BAÑOS | DUEÑAS | CUBILLAS DE SANTA MARTA | CORCOS-AGUILAREJO | CABEZÓN DEL PISUERGA | VALLADOLID UNIVERSIDAD | VALLADOLID-CAMPO GRANDE
18002,MD,LEÓN | SAHAGÚN | VILLADA | PAREDES DE NAVA | PALENCIA | VENTA DE BAÑOS | VALLADOLID UNIVERSIDAD | VALLADOLID-CAMPO GRANDE | MEDINA DEL CAMPO | ARÉVALO | ÁVILA | HERRADÓN-LA CAÑADA | NAVALPERAL | LAS NAVAS DEL MARQUÉS | SANTA MARÍA DE LA ALAMEDA-PEGUERINOS | ROBLEDO DE CHAVELA | ZARZALEJO | EL ESCORIAL | VILLALBA DE GUADARRAMA | MADRID-PRÍNCIPE PÍO
38002,PROXIMDAD,PALENCIA | VENTA DE BAÑOS | VALLADOLID UNIVERSIDAD | VALLADOLID-CAMPO GRANDE | MEDINA DEL CAMPO
38010,PROXIMDAD,PALENCIA | VENTA DE BAÑOS | VALLADOLID-CAMPO GRANDE | MEDINA DEL CAMPO
18010,MD,PALENCIA | VENTA DE BAÑOS | VALLADOLID-CAMPO GRANDE | MEDINA DEL CAMPO | ARÉVALO | ÁVILA | EL ESCORIAL | VILLALBA DE GUADARRAMA | MADRID-PRÍNCIPE PÍO
18102,REG.EXP.,SANTANDER | VALDECILLA | MALIAÑO | RENEDO | TORRELAVEGA | LOS CORRALES DE BUELNA | BÁRCENA | REINOSA | MATAPORQUERA | QUINTANILLA DE LAS TORRES | AGUILAR DE CAMPOO | MAVE | ALAR DEL REY | HERRERA DE PISUERGA | ESPINOSA DE VILLAGONZALO | OSORNO | FRÓMISTA | PIÑA | AMUSCO | EL CARRIÓN | MONZÓN DE CAMPOS | PALENCIA | VENTA DE BAÑOS | DUEÑAS | CUBILLAS DE SANTA MARTA | CORCOS-AGUILAREJO | CABEZÓN DEL PISUERGA | VALLADOLID UNIVERSIDAD | VALLADOLID-CAMPO GRANDE
38102,PROXIMDAD,PALENCIA | VENTA DE BAÑOS | DUEÑAS | CUBILLAS DE SANTA MARTA | CORCOS-AGUILAREJO | CABEZÓN DEL PISUERGA | VALLADOLID UNIVERSIDAD | VALLADOLID-CAMPO GRANDE
18308,MD,PALENCIA | VENTA DE BAÑOS | DUEÑAS | VALLADOLID UNIVERSIDAD | VALLADOLID-CAMPO GRANDE | MEDINA DEL CAMPO | CAMPILLO | EL CARPIO | FRESNO EL VIEJO | CANTALAPIEDRA | EL PEDROSO DE LA ARMUÑA | GOMECELLO | SALAMANCA | SALAMANCA-LA ALAMEDILLA
38308,PROXIMDAD,PALENCIA | VENTA DE BAÑOS | DUEÑAS | VALLADOLID UNIVERSIDAD | VALLADOLID-CAMPO GRANDE | MEDINA DEL CAMPO
38112,PROXIMDAD,PALENCIA | VENTA DE BAÑOS | VALLADOLID-CAMPO GRANDE | MEDINA DEL CAMPO
18012,MD,PALENCIA | VENTA DE BAÑOS | VALLADOLID-CAMPO GRANDE | MEDINA DEL CAMPO | ARÉVALO | ÁVILA | EL ESCORIAL | VILLALBA DE GUADARRAMA | MADRID-PRÍNCIPE PÍO
18218,PROXIMDAD,PALENCIA | VENTA DE BAÑOS | DUEÑAS | CUBILLAS DE SANTA MARTA | CORCOS-AGUILAREJO | CABEZÓN DEL PISUERGA | VALLADOLID UNIVERSIDAD | VALLADOLID-CAMPO GRANDE | VIANA | VALDESTILLAS | MATAPOZUELOS | POZALDEZ | MEDINA DEL CAMPO
18212,PROXIMDAD,PALENCIA | VENTA DE BAÑOS | DUEÑAS | CUBILLAS DE SANTA MARTA | CORCOS-AGUILAREJO | CABEZÓN DEL PISUERGA | VALLADOLID UNIVERSIDAD | VALLADOLID-CAMPO GRANDE
18006,MD,LEÓN | SAHAGÚN | VILLADA | PAREDES DE NAVA | PALENCIA | VENTA DE BAÑOS | VALLADOLID-CAMPO GRANDE | MEDINA DEL CAMPO | ARÉVALO | ÁVILA | HERRADÓN-LA CAÑADA | NAVALPERAL | LAS NAVAS DEL MARQUÉS | SANTA MARÍA DE LA ALAMEDA-PEGUERINOS | ROBLEDO DE CHAVELA | ZARZALEJO | EL ESCORIAL | VILLALBA DE GUADARRAMA | MADRID-PRÍNCIPE PÍO
38006,PROXIMDAD,PALENCIA | VENTA DE BAÑOS | VALLADOLID-CAMPO GRANDE | MEDINA DEL CAMPO
38114,PROXIMDAD,PALENCIA | VENTA DE BAÑOS | VALLADOLID-CAMPO GRANDE | MEDINA DEL CAMPO
18014,MD,PALENCIA | VENTA DE BAÑOS | VALLADOLID-CAMPO GRANDE | MEDINA DEL CAMPO | ARÉVALO | ÁVILA | GUIMORCONDO | HERRADÓN-LA CAÑADA | NAVALPERAL | LAS NAVAS DEL MARQUÉS | EL PIMPOLLAR | SANTA MARÍA DE LA ALAMEDA-PEGUERINOS | ROBLEDO DE CHAVELA | ZARZALEJO | EL ESCORIAL | VILLALBA DE GUADARRAMA | MADRID-PRÍNCIPE PÍO
12100,REGIONAL,GIJÓN-SANZ CRESPO | CALZADA DE ASTURIAS | OVIEDO | LLAMAQUIQUE | MIERES-PUENTE | UJO | POLA DE LENA | CAMPOMANES | PUENTE DE LOS FIERROS | LINARES-CONGOSTINAS | BUSDONGO | VILLAMANÍN | SANTA LUCÍA | LA POLA DE GORDÓN | LA ROBLA | LEÓN | PALANQUINOS | EL BURGO RANERO | SAHAGÚN | GRAJAL | VILLADA | PAREDES DE NAVA | BECERRIL | GRIJOTA | PALENCIA | VENTA DE BAÑOS | DUEÑAS | CUBILLAS DE SANTA MARTA | CORCOS-AGUILAREJO | CABEZÓN DEL PISUERGA | VALLADOLID UNIVERSIDAD | VALLADOLID-CAMPO GRANDE
18104,REG.EXP.,SANTANDER | VALDECILLA | MALIAÑO | RENEDO | TORRELAVEGA | LOS CORRALES DE BUELNA | BÁRCENA | REINOSA | MATAPORQUERA | AGUILAR DE CAMPOO | ALAR DEL REY | HERRERA DE PISUERGA | ESPINOSA DE VILLAGONZALO | OSORNO | FRÓMISTA | PIÑA | EL CARRIÓN | PALENCIA | VENTA DE BAÑOS | VALLADOLID UNIVERSIDAD | VALLADOLID-CAMPO GRANDE
38104,PROXIMDAD,PALENCIA | VENTA DE BAÑOS | VALLADOLID UNIVERSIDAD | VALLADOLID-CAMPO GRANDE
18216,PROXIMDAD,PALENCIA | VENTA DE BAÑOS | DUEÑAS | CUBILLAS DE SANTA MARTA | CORCOS-AGUILAREJO | CABEZÓN DEL PISUERGA | VALLADOLID UNIVERSIDAD | VALLADOLID-CAMPO GRANDE
18002,MD,LEÓN | SAHAGÚN | VILLADA | PAREDES DE NAVA | PALENCIA | VENTA DE BAÑOS | VALLADOLID UNIVERSIDAD | VALLADOLID-CAMPO GRANDE | MEDINA DEL CAMPO | ARÉVALO | ÁVILA | HERRADÓN-LA CAÑADA | NAVALPERAL | LAS NAVAS DEL MARQUÉS | SANTA MARÍA DE LA ALAMEDA-PEGUERINOS | ROBLEDO DE CHAVELA | ZARZALEJO | EL ESCORIAL | VILLALBA DE GUADARRAMA | MADRID-PRÍNCIPE PÍO
38002,PROXIMDAD,PALENCIA | VENTA DE BAÑOS | VALLADOLID UNIVERSIDAD | VALLADOLID-CAMPO GRANDE | MEDINA DEL CAMPO
18102,REG.EXP.,SANTANDER | VALDECILLA | MALIAÑO | RENEDO | TORRELAVEGA | LOS CORRALES DE BUELNA | BÁRCENA | REINOSA | MATAPORQUERA | QUINTANILLA DE LAS TORRES | AGUILAR DE CAMPOO | MAVE | ALAR DEL REY | HERRERA DE PISUERGA | ESPINOSA DE VILLAGONZALO | OSORNO | FRÓMISTA | PIÑA | AMUSCO | EL CARRIÓN | MONZÓN DE CAMPOS | PALENCIA | VENTA DE BAÑOS | DUEÑAS | CUBILLAS DE SANTA MARTA | CORCOS-AGUILAREJO | CABEZÓN DEL PISUERGA | VALLADOLID UNIVERSIDAD | VALLADOLID-CAMPO GRANDE
38102,PROXIMDAD,PALENCIA | VENTA DE BAÑOS | DUEÑAS | CUBILLAS DE SANTA MARTA | CORCOS-AGUILAREJO | CABEZÓN DEL PISUERGA | VALLADOLID UNIVERSIDAD | VALLADOLID-CAMPO GRANDE
18308,MD,PALENCIA | VENTA DE BAÑOS | DUEÑAS | VALLADOLID UNIVERSIDAD | VALLADOLID-CAMPO GRANDE | MEDINA DEL CAMPO | CAMPILLO | EL CARPIO | FRESNO EL VIEJO | CANTALAPIEDRA | EL PEDROSO DE LA ARMUÑA | GOMECELLO | SALAMANCA | SALAMANCA-LA ALAMEDILLA
38308,PROXIMDAD,PALENCIA | VENTA DE BAÑOS | DUEÑAS | VALLADOLID UNIVERSIDAD | VALLADOLID-CAMPO GRANDE | MEDINA DEL CAMPO
18218,PROXIMDAD,PALENCIA | VENTA DE BAÑOS | DUEÑAS | CUBILLAS DE SANTA MARTA | CORCOS-AGUILAREJO | CABEZÓN DEL PISUERGA | VALLADOLID UNIVERSIDAD | VALLADOLID-CAMPO GRANDE | VIANA | VALDESTILLAS | MATAPOZUELOS | POZALDEZ | MEDINA DEL CAMPO
18212,PROXIMDAD,PALENCIA | VENTA DE BAÑOS | DUEÑAS | CUBILLAS DE SANTA MARTA | CORCOS-AGUILAREJO | CABEZÓN DEL PISUERGA | VALLADOLID UNIVERSIDAD | VALLADOLID-CAMPO GRANDE
12100,REGIONAL,GIJÓN-SANZ CRESPO | CALZADA DE ASTURIAS | OVIEDO | LLAMAQUIQUE | MIERES-PUENTE | UJO | POLA DE LENA | CAMPOMANES | PUENTE DE LOS FIERROS | LINARES-CONGOSTINAS | BUSDONGO | VILLAMANÍN | SANTA LUCÍA | LA POLA DE GORDÓN | LA ROBLA | LEÓN | PALANQUINOS | EL BURGO RANERO | SAHAGÚN | GRAJAL | VILLADA | PAREDES DE NAVA | BECERRIL | GRIJOTA | PALENCIA | VENTA DE BAÑOS | DUEÑAS | CUBILLAS DE SANTA MARTA | CORCOS-AGUILAREJO | CABEZÓN DEL PISUERGA | VALLADOLID UNIVERSIDAD | VALLADOLID-CAMPO GRANDE
18104,REG.EXP.,SANTANDER | VALDECILLA | MALIAÑO | RENEDO | TORRELAVEGA | LOS CORRALES DE BUELNA | BÁRCENA | REINOSA | MATAPORQUERA | AGUILAR DE CAMPOO | ALAR DEL REY | HERRERA DE PISUERGA | ESPINOSA DE VILLAGONZALO | OSORNO | FRÓMISTA | PIÑA | EL CARRIÓN | PALENCIA | VENTA DE BAÑOS | VALLADOLID UNIVERSIDAD | VALLADOLID-CAMPO GRANDE
38104,PROXIMDAD,PALENCIA | VENTA DE BAÑOS | VALLADOLID UNIVERSIDAD | VALLADOLID-CAMPO GRANDE
18105,REG.EXP.,VALLADOLID-CAMPO GRANDE | VALLADOLID UNIVERSIDAD | CABEZÓN DEL PISUERGA | CORCOS-AGUILAREJO | CUBILLAS DE SANTA MARTA | DUEÑAS | VENTA DE BAÑOS | PALENCIA | MONZÓN DE CAMPOS | EL CARRIÓN | AMUSCO | PIÑA | FRÓMISTA | OSORNO | ESPINOSA DE VILLAGONZALO | HERRERA DE PISUERGA | ALAR DEL REY | MAVE | AGUILAR DE CAMPOO | QUINTANILLA DE LAS TORRES | MATAPORQUERA | REINOSA | BÁRCENA | LOS CORRALES DE BUELNA | TORRELAVEGA | RENEDO | MALIAÑO | VALDECILLA | SANTANDER
18101,REG.EXP.,VALLADOLID-CAMPO GRANDE | VALLADOLID UNIVERSIDAD | CABEZÓN DEL PISUERGA | CORCOS-AGUILAREJO | CUBILLAS DE SANTA MARTA | DUEÑAS | VENTA DE BAÑOS | PALENCIA | EL CARRIÓN | PIÑA | FRÓMISTA | OSORNO | ESPINOSA DE VILLAGONZALO | HERRERA DE PISUERGA | ALAR DEL REY | AGUILAR DE CAMPOO | MATAPORQUERA | REINOSA | BÁRCENA | LOS CORRALES DE BUELNA | TORRELAVEGA | RENEDO | MALIAÑO | VALDECILLA | SANTANDER
18105,REG.EXP.,VALLADOLID-CAMPO GRANDE | VALLADOLID UNIVERSIDAD | CABEZÓN DEL PISUERGA | CORCOS-AGUILAREJO | CUBILLAS DE SANTA MARTA | DUEÑAS | VENTA DE BAÑOS | PALENCIA | MONZÓN DE CAMPOS | EL CARRIÓN | AMUSCO | PIÑA | FRÓMISTA | OSORNO | ESPINOSA DE VILLAGONZALO | HERRERA DE PISUERGA | ALAR DEL REY | MAVE | AGUILAR DE CAMPOO | QUINTANILLA DE LAS TORRES | MATAPORQUERA | REINOSA | BÁRCENA | LOS CORRALES DE BUELNA | TORRELAVEGA | RENEDO | MALIAÑO | VALDECILLA | SANTANDER
18216,PROXIMDAD,PALENCIA | VENTA DE BAÑOS | DUEÑAS | CUBILLAS DE SANTA MARTA | CORCOS-AGUILAREJO | CABEZÓN DEL PISUERGA | VALLADOLID UNIVERSIDAD | VALLADOLID-CAMPO GRANDE
18102,REG.EXP.,SANTANDER | VALDECILLA | MALIAÑO | RENEDO | TORRELAVEGA | LOS CORRALES DE BUELNA | BÁRCENA | REINOSA | MATAPORQUERA | QUINTANILLA DE LAS TORRES | AGUILAR DE CAMPOO | MAVE | ALAR DEL REY | HERRERA DE PISUERGA | ESPINOSA DE VILLAGONZALO | OSORNO | FRÓMISTA | PIÑA | AMUSCO | EL CARRIÓN | MONZÓN DE CAMPOS | PALENCIA | VENTA DE BAÑOS | DUEÑAS | CUBILLAS DE SANTA MARTA | CORCOS-AGUILAREJO | CABEZÓN DEL PISUERGA | VALLADOLID UNIVERSIDAD | VALLADOLID-CAMPO GRANDE
38102,PROXIMDAD,PALENCIA | VENTA DE BAÑOS | DUEÑAS | CUBILLAS DE SANTA MARTA | CORCOS-AGUILAREJO | CABEZÓN DEL PISUERGA | VALLADOLID UNIVERSIDAD | VALLADOLID-CAMPO GRANDE
18308,MD,PALENCIA | VENTA DE BAÑOS | DUEÑAS | VALLADOLID UNIVERSIDAD | VALLADOLID-CAMPO GRANDE | MEDINA DEL CAMPO | CAMPILLO | EL CARPIO | FRESNO EL VIEJO | CANTALAPIEDRA | EL PEDROSO DE LA ARMUÑA | GOMECELLO | SALAMANCA | SALAMANCA-LA ALAMEDILLA
38308,PROXIMDAD,PALENCIA | VENTA DE BAÑOS | DUEÑAS | VALLADOLID UNIVERSIDAD | VALLADOLID-CAMPO GRANDE | MEDINA DEL CAMPO
18218,PROXIMDAD,PALENCIA | VENTA DE BAÑOS | DUEÑAS | CUBILLAS DE SANTA MARTA | CORCOS-AGUILAREJO | CABEZÓN DEL PISUERGA | VALLADOLID UNIVERSIDAD | VALLADOLID-CAMPO GRANDE | VIANA | VALDESTILLAS | MATAPOZUELOS | POZALDEZ | MEDINA DEL CAMPO
18212,PROXIMDAD,PALENCIA | VENTA DE BAÑOS | DUEÑAS | CUBILLAS DE SANTA MARTA | CORCOS-AGUILAREJO | CABEZÓN DEL PISUERGA | VALLADOLID UNIVERSIDAD | VALLADOLID-CAMPO GRANDE
12100,REGIONAL,GIJÓN-SANZ CRESPO | CALZADA DE ASTURIAS | OVIEDO | LLAMAQUIQUE | MIERES-PUENTE | UJO | POLA DE LENA | CAMPOMANES | PUENTE DE LOS FIERROS | LINARES-CONGOSTINAS | BUSDONGO | VILLAMANÍN | SANTA LUCÍA | LA POLA DE GORDÓN | LA ROBLA | LEÓN | PALANQUINOS | EL BURGO RANERO | SAHAGÚN | GRAJAL | VILLADA | PAREDES DE NAVA | BECERRIL | GRIJOTA | PALENCIA | VENTA DE BAÑOS | DUEÑAS | CUBILLAS DE SANTA MARTA | CORCOS-AGUILAREJO | CABEZÓN DEL PISUERGA | VALLADOLID UNIVERSIDAD | VALLADOLID-CAMPO GRANDE
18066,MD,PALENCIA | VENTA DE BAÑOS | VALLADOLID-CAMPO GRANDE | MEDINA DEL CAMPO | ARÉVALO | ÁVILA | HERRADÓN-LA CAÑADA | NAVALPERAL | LAS NAVAS DEL MARQUÉS | SANTA MARÍA DE LA ALAMEDA-PEGUERINOS | ROBLEDO DE CHAVELA | ZARZALEJO | EL ESCORIAL | VILLALBA DE GUADARRAMA | MADRID-PRÍNCIPE PÍO
38066,PROXIMDAD,PALENCIA | VENTA DE BAÑOS | VALLADOLID-CAMPO GRANDE | MEDINA DEL CAMPO
18216,PROXIMDAD,PALENCIA | VENTA DE BAÑOS | DUEÑAS | CUBILLAS DE SANTA MARTA | CORCOS-AGUILAREJO | CABEZÓN DEL PISUERGA | VALLADOLID UNIVERSIDAD | VALLADOLID-CAMPO GRANDE
05092,AVE,LEÓN | PALENCIA | VALLADOLID-CAMPO GRANDE | MADRID-CHAMARTÍN-CLARA CAMPOAMOR | CUENCA-FERNANDO ZÓBEL | ALBACETE-LOS LLANOS | ALICANTE/ALACANT-TERMINAL
37092,MD,LEÓN | PALENCIA | VALLADOLID-CAMPO GRANDE
18002,MD,LEÓN | SAHAGÚN | VILLADA | PAREDES DE NAVA | PALENCIA | VENTA DE BAÑOS | VALLADOLID UNIVERSIDAD | VALLADOLID-CAMPO GRANDE | MEDINA DEL CAMPO | ARÉVALO | ÁVILA | HERRADÓN-LA CAÑADA | NAVALPERAL | LAS NAVAS DEL MARQUÉS | SANTA MARÍA DE LA ALAMEDA-PEGUERINOS | ROBLEDO DE CHAVELA | ZARZALEJO | EL ESCORIAL | VILLALBA DE GUADARRAMA | MADRID-PRÍNCIPE PÍO
38002,PROXIMDAD,PALENCIA | VENTA DE BAÑOS | VALLADOLID UNIVERSIDAD | VALLADOLID-CAMPO GRANDE | MEDINA DEL CAMPO
37088,MD,PONFERRADA | BEMBIBRE | BRAÑUELAS | ASTORGA | VEGUELLINA | LEÓN | PALENCIA | VALLADOLID-CAMPO GRANDE
04088,Intercity,PONFERRADA | BEMBIBRE | BRAÑUELAS | ASTORGA | VEGUELLINA | LEÓN | PALENCIA | VALLADOLID-CAMPO GRANDE | SEGOVIA-GUIOMAR | MADRID-CHAMARTÍN-CLARA CAMPOAMOR
37072,MD,SANTANDER | TORRELAVEGA | REINOSA | AGUILAR DE CAMPOO | PALENCIA | VALLADOLID-CAMPO GRANDE
04072,ALVIA,SANTANDER | TORRELAVEGA | REINOSA | AGUILAR DE CAMPOO | PALENCIA | VALLADOLID-CAMPO GRANDE | SEGOVIA-GUIOMAR | MADRID-CHAMARTÍN-CLARA CAMPOAMOR | CUENCA-FERNANDO ZÓBEL | ALBACETE-LOS LLANOS | VILLENA ALTA VELOCIDAD | ALICANTE/ALACANT-TERMINAL
38010,PROXIMDAD,PALENCIA | VENTA DE BAÑOS | VALLADOLID-CAMPO GRANDE | MEDINA DEL CAMPO
18010,MD,PALENCIA | VENTA DE BAÑOS | VALLADOLID-CAMPO GRANDE | MEDINA DEL CAMPO | ARÉVALO | ÁVILA | EL ESCORIAL | VILLALBA DE GUADARRAMA | MADRID-PRÍNCIPE PÍO
04080,ALVIA,GIJÓN-SANZ CRESPO | OVIEDO | MIERES-PUENTE | LEÓN | PALENCIA | VALLADOLID-CAMPO GRANDE | MADRID-CHAMARTÍN-CLARA CAMPOAMOR
18102,REG.EXP.,SANTANDER | VALDECILLA | MALIAÑO | RENEDO | TORRELAVEGA | LOS CORRALES DE BUELNA | BÁRCENA | REINOSA | MATAPORQUERA | QUINTANILLA DE LAS TORRES | AGUILAR DE CAMPOO | MAVE | ALAR DEL REY | HERRERA DE PISUERGA | ESPINOSA DE VILLAGONZALO | OSORNO | FRÓMISTA | PIÑA | AMUSCO | EL CARRIÓN | MONZÓN DE CAMPOS | PALENCIA | VENTA DE BAÑOS | DUEÑAS | CUBILLAS DE SANTA MARTA | CORCOS-AGUILAREJO | CABEZÓN DEL PISUERGA | VALLADOLID UNIVERSIDAD | VALLADOLID-CAMPO GRANDE
38102,PROXIMDAD,PALENCIA | VENTA DE BAÑOS | DUEÑAS | CUBILLAS DE SANTA MARTA | CORCOS-AGUILAREJO | CABEZÓN DEL PISUERGA | VALLADOLID UNIVERSIDAD | VALLADOLID-CAMPO GRANDE
18308,MD,PALENCIA | VENTA DE BAÑOS | DUEÑAS | VALLADOLID UNIVERSIDAD | VALLADOLID-CAMPO GRANDE | MEDINA DEL CAMPO | CAMPILLO | EL CARPIO | FRESNO EL VIEJO | CANTALAPIEDRA | EL PEDROSO DE LA ARMUÑA | GOMECELLO | SALAMANCA | SALAMANCA-LA ALAMEDILLA
38308,PROXIMDAD,PALENCIA | VENTA DE BAÑOS | DUEÑAS | VALLADOLID UNIVERSIDAD | VALLADOLID-CAMPO GRANDE | MEDINA DEL CAMPO
04110,AVE,GIJÓN-SANZ CRESPO | OVIEDO | LEÓN | PALENCIA | VALLADOLID-CAMPO GRANDE | SEGOVIA-GUIOMAR | MADRID-CHAMARTÍN-CLARA CAMPOAMOR
38112,PROXIMDAD,PALENCIA | VENTA DE BAÑOS | VALLADOLID-CAMPO GRANDE | MEDINA DEL CAMPO
18012,MD,PALENCIA | VENTA DE BAÑOS | VALLADOLID-CAMPO GRANDE | MEDINA DEL CAMPO | ARÉVALO | ÁVILA | EL ESCORIAL | VILLALBA DE GUADARRAMA | MADRID-PRÍNCIPE PÍO
18218,PROXIMDAD,PALENCIA | VENTA DE BAÑOS | DUEÑAS | CUBILLAS DE SANTA MARTA | CORCOS-AGUILAREJO | CABEZÓN DEL PISUERGA | VALLADOLID UNIVERSIDAD | VALLADOLID-CAMPO GRANDE | VIANA | VALDESTILLAS | MATAPOZUELOS | POZALDEZ | MEDINA DEL CAMPO
05170,AVE,LEÓN | PALENCIA | VALLADOLID-CAMPO GRANDE | MADRID-CHAMARTÍN-CLARA CAMPOAMOR | VALÈNCIA-JOAQUÍN SOROLLA
04142,ALVIA,SANTANDER | TORRELAVEGA | PALENCIA | VALLADOLID-CAMPO GRANDE | MADRID-CHAMARTÍN-CLARA CAMPOAMOR
18212,PROXIMDAD,PALENCIA | VENTA DE BAÑOS | DUEÑAS | CUBILLAS DE SANTA MARTA | CORCOS-AGUILAREJO | CABEZÓN DEL PISUERGA | VALLADOLID UNIVERSIDAD | VALLADOLID-CAMPO GRANDE
18006,MD,LEÓN | SAHAGÚN | VILLADA | PAREDES DE NAVA | PALENCIA | VENTA DE BAÑOS | VALLADOLID-CAMPO GRANDE | MEDINA DEL CAMPO | ARÉVALO | ÁVILA | HERRADÓN-LA CAÑADA | NAVALPERAL | LAS NAVAS DEL MARQUÉS | SANTA MARÍA DE LA ALAMEDA-PEGUERINOS | ROBLEDO DE CHAVELA | ZARZALEJO | EL ESCORIAL | VILLALBA DE GUADARRAMA | MADRID-PRÍNCIPE PÍO
38006,PROXIMDAD,PALENCIA | VENTA DE BAÑOS | VALLADOLID-CAMPO GRANDE | MEDINA DEL CAMPO
04140,ALVIA,GIJÓN-SANZ CRESPO | OVIEDO | MIERES-PUENTE | POLA DE LENA | LEÓN | PALENCIA | VALLADOLID-CAMPO GRANDE | MADRID-CHAMARTÍN-CLARA CAMPOAMOR | CUENCA-FERNANDO ZÓBEL | ALBACETE-LOS LLANOS | VILLENA ALTA VELOCIDAD | ALICANTE/ALACANT-TERMINAL
38114,PROXIMDAD,PALENCIA | VENTA DE BAÑOS | VALLADOLID-CAMPO GRANDE | MEDINA DEL CAMPO
18014,MD,PALENCIA | VENTA DE BAÑOS | VALLADOLID-CAMPO GRANDE | MEDINA DEL CAMPO | ARÉVALO | ÁVILA | GUIMORCONDO | HERRADÓN-LA CAÑADA | NAVALPERAL | LAS NAVAS DEL MARQUÉS | EL PIMPOLLAR | SANTA MARÍA DE LA ALAMEDA-PEGUERINOS | ROBLEDO DE CHAVELA | ZARZALEJO | EL ESCORIAL | VILLALBA DE GUADARRAMA | MADRID-PRÍNCIPE PÍO
05200,AVE,LEÓN | PALENCIA | VALLADOLID-CAMPO GRANDE | SEGOVIA-GUIOMAR | MADRID-CHAMARTÍN-CLARA CAMPOAMOR | VALÈNCIA-JOAQUÍN SOROLLA
12100,REGIONAL,GIJÓN-SANZ CRESPO | CALZADA DE ASTURIAS | OVIEDO | LLAMAQUIQUE | MIERES-PUENTE | UJO | POLA DE LENA | CAMPOMANES | PUENTE DE LOS FIERROS | LINARES-CONGOSTINAS | BUSDONGO | VILLAMANÍN | SANTA LUCÍA | LA POLA DE GORDÓN | LA ROBLA | LEÓN | PALANQUINOS | EL BURGO RANERO | SAHAGÚN | GRAJAL | VILLADA | PAREDES DE NAVA | BECERRIL | GRIJOTA | PALENCIA | VENTA DE BAÑOS | DUEÑAS | CUBILLAS DE SANTA MARTA | CORCOS-AGUILAREJO | CABEZÓN DEL PISUERGA | VALLADOLID UNIVERSIDAD | VALLADOLID-CAMPO GRANDE
18104,REG.EXP.,SANTANDER | VALDECILLA | MALIAÑO | RENEDO | TORRELAVEGA | LOS CORRALES DE BUELNA | BÁRCENA | REINOSA | MATAPORQUERA | AGUILAR DE CAMPOO | ALAR DEL REY | HERRERA DE PISUERGA | ESPINOSA DE VILLAGONZALO | OSORNO | FRÓMISTA | PIÑA | EL CARRIÓN | PALENCIA | VENTA DE BAÑOS | VALLADOLID UNIVERSIDAD | VALLADOLID-CAMPO GRANDE
38104,PROXIMDAD,PALENCIA | VENTA DE BAÑOS | VALLADOLID UNIVERSIDAD | VALLADOLID-CAMPO GRANDE
04170,ALVIA,AVILÉS | OVIEDO | POLA DE LENA | LEÓN | PALENCIA | VALLADOLID-CAMPO GRANDE | MADRID-CHAMARTÍN-CLARA CAMPOAMOR
04190,AVLO,GIJÓN-SANZ CRESPO | OVIEDO | MIERES-PUENTE | POLA DE LENA | LEÓN | PALENCIA | VALLADOLID-CAMPO GRANDE | SEGOVIA-GUIOMAR | MADRID-CHAMARTÍN-CLARA CAMPOAMOR
04192,ALVIA,SANTANDER | TORRELAVEGA | REINOSA | AGUILAR DE CAMPOO | PALENCIA | VALLADOLID-CAMPO GRANDE | MADRID-CHAMARTÍN-CLARA CAMPOAMOR
18218,PROXIMDAD,PALENCIA | VENTA DE BAÑOS | DUEÑAS | CUBILLAS DE SANTA MARTA | CORCOS-AGUILAREJO | CABEZÓN DEL PISUERGA | VALLADOLID UNIVERSIDAD | VALLADOLID-CAMPO GRANDE | VIANA | VALDESTILLAS | MATAPOZUELOS | POZALDEZ | MEDINA DEL CAMPO
18101,REG.EXP.,VALLADOLID-CAMPO GRANDE | VALLADOLID UNIVERSIDAD | CABEZÓN DEL PISUERGA | CORCOS-AGUILAREJO | CUBILLAS DE SANTA MARTA | DUEÑAS | VENTA DE BAÑOS | PALENCIA | EL CARRIÓN | PIÑA | FRÓMISTA | OSORNO | ESPINOSA DE VILLAGONZALO | HERRERA DE PISUERGA | ALAR DEL REY | AGUILAR DE CAMPOO | MATAPORQUERA | REINOSA | BÁRCENA | LOS CORRALES DE BUELNA | TORRELAVEGA | RENEDO | MALIAÑO | VALDECILLA | SANTANDER
18105,REG.EXP.,VALLADOLID-CAMPO GRANDE | VALLADOLID UNIVERSIDAD | CABEZÓN DEL PISUERGA | CORCOS-AGUILAREJO | CUBILLAS DE SANTA MARTA | DUEÑAS | VENTA DE BAÑOS | PALENCIA | MONZÓN DE CAMPOS | EL CARRIÓN | AMUSCO | PIÑA | FRÓMISTA | OSORNO | ESPINOSA DE VILLAGONZALO | HERRERA DE PISUERGA | ALAR DEL REY | MAVE | AGUILAR DE CAMPOO | QUINTANILLA DE LAS TORRES | MATAPORQUERA | REINOSA | BÁRCENA | LOS CORRALES DE BUELNA | TORRELAVEGA | RENEDO | MALIAÑO | VALDECILLA | SANTANDER
18105,REG.EXP.,VALLADOLID-CAMPO GRANDE | VALLADOLID UNIVERSIDAD | CABEZÓN DEL PISUERGA | CORCOS-AGUILAREJO | CUBILLAS DE SANTA MARTA | DUEÑAS | VENTA DE BAÑOS | PALENCIA | MONZÓN DE CAMPOS | EL CARRIÓN | AMUSCO | PIÑA | FRÓMISTA | OSORNO | ESPINOSA DE VILLAGONZALO | HERRERA DE PISUERGA | ALAR DEL REY | MAVE | AGUILAR DE CAMPOO | QUINTANILLA DE LAS TORRES | MATAPORQUERA | REINOSA | BÁRCENA | LOS CORRALES DE BUELNA | TORRELAVEGA | RENEDO | MALIAÑO | VALDECILLA | SANTANDER
18215,REG.EXP.,PALENCIA | GRIJOTA | BECERRIL | PAREDES DE NAVA | CISNEROS | VILLADA | GRAJAL | SAHAGÚN | EL BURGO RANERO | SANTAS MARTAS | PALANQUINOS | LEÓN
18308,MD,PALENCIA | VENTA DE BAÑOS | DUEÑAS | VALLADOLID UNIVERSIDAD | VALLADOLID-CAMPO GRANDE | MEDINA DEL CAMPO | CAMPILLO | EL CARPIO | FRESNO EL VIEJO | CANTALAPIEDRA | EL PEDROSO DE LA ARMUÑA | GOMECELLO | SALAMANCA | SALAMANCA-LA ALAMEDILLA
18105,REG.EXP.,VALLADOLID-CAMPO GRANDE | VALLADOLID UNIVERSIDAD | CABEZÓN DEL PISUERGA | CORCOS-AGUILAREJO | CUBILLAS DE SANTA MARTA | DUEÑAS | VENTA DE BAÑOS | PALENCIA | MONZÓN DE CAMPOS | EL CARRIÓN | AMUSCO | PIÑA | FRÓMISTA | OSORNO | ESPINOSA DE VILLAGONZALO | HERRERA DE PISUERGA | ALAR DEL REY | MAVE | AGUILAR DE CAMPOO | QUINTANILLA DE LAS TORRES | MATAPORQUERA | REINOSA | BÁRCENA | LOS CORRALES DE BUELNA | TORRELAVEGA | RENEDO | MALIAÑO | VALDECILLA | SANTANDER
18101,REG.EXP.,VALLADOLID-CAMPO GRANDE | VALLADOLID UNIVERSIDAD | CABEZÓN DEL PISUERGA | CORCOS-AGUILAREJO | CUBILLAS DE SANTA MARTA | DUEÑAS | VENTA DE BAÑOS | PALENCIA | EL CARRIÓN | PIÑA | FRÓMISTA | OSORNO | ESPINOSA DE VILLAGONZALO | HERRERA DE PISUERGA | ALAR DEL REY | AGUILAR DE CAMPOO | MATAPORQUERA | REINOSA | BÁRCENA | LOS CORRALES DE BUELNA | TORRELAVEGA | RENEDO | MALIAÑO | VALDECILLA | SANTANDER
18105,REG.EXP.,VALLADOLID-CAMPO GRANDE | VALLADOLID UNIVERSIDAD | CABEZÓN DEL PISUERGA | CORCOS-AGUILAREJO | CUBILLAS DE SANTA MARTA | DUEÑAS | VENTA DE BAÑOS | PALENCIA | MONZÓN DE CAMPOS | EL CARRIÓN | AMUSCO | PIÑA | FRÓMISTA | OSORNO | ESPINOSA DE VILLAGONZALO | HERRERA DE PISUERGA | ALAR DEL REY | MAVE | AGUILAR DE CAMPOO | QUINTANILLA DE LAS TORRES | MATAPORQUERA | REINOSA | BÁRCENA | LOS CORRALES DE BUELNA | TORRELAVEGA | RENEDO | MALIAÑO | VALDECILLA | SANTANDER
18215,REG.EXP.,PALENCIA | GRIJOTA | BECERRIL | PAREDES DE NAVA | CISNEROS | VILLADA | GRAJAL | SAHAGÚN | EL BURGO RANERO | SANTAS MARTAS | PALANQUINOS | LEÓN
18215,REG.EXP.,PALENCIA | GRIJOTA | BECERRIL | PAREDES DE NAVA | CISNEROS | VILLADA | GRAJAL | SAHAGÚN | EL BURGO RANERO | SANTAS MARTAS | PALANQUINOS | LEÓN
18218,PROXIMDAD,PALENCIA | VENTA DE BAÑOS | DUEÑAS | CUBILLAS DE SANTA MARTA | CORCOS-AGUILAREJO | CABEZÓN DEL PISUERGA | VALLADOLID UNIVERSIDAD | VALLADOLID-CAMPO GRANDE | VIANA | VALDESTILLAS | MATAPOZUELOS | POZALDEZ | MEDINA DEL CAMPO
18216,PROXIMDAD,PALENCIA | VENTA DE BAÑOS | DUEÑAS | CUBILLAS DE SANTA MARTA | CORCOS-AGUILAREJO | CABEZÓN DEL PISUERGA | VALLADOLID UNIVERSIDAD | VALLADOLID-CAMPO GRANDE
18102,REG.EXP.,SANTANDER | VALDECILLA | MALIAÑO | RENEDO | TORRELAVEGA | LOS CORRALES DE BUELNA | BÁRCENA | REINOSA | MATAPORQUERA | QUINTANILLA DE LAS TORRES | AGUILAR DE CAMPOO | MAVE | ALAR DEL REY | HERRERA DE PISUERGA | ESPINOSA DE VILLAGONZALO | OSORNO | FRÓMISTA | PIÑA | AMUSCO | EL CARRIÓN | MONZÓN DE CAMPOS | PALENCIA | VENTA DE BAÑOS | DUEÑAS | CUBILLAS DE SANTA MARTA | CORCOS-AGUILAREJO | CABEZÓN DEL PISUERGA | VALLADOLID UNIVERSIDAD | VALLADOLID-CAMPO GRANDE
38102,PROXIMDAD,PALENCIA | VENTA DE BAÑOS | DUEÑAS | CUBILLAS DE SANTA MARTA | CORCOS-AGUILAREJO | CABEZÓN DEL PISUERGA | VALLADOLID UNIVERSIDAD | VALLADOLID-CAMPO GRANDE
18218,PROXIMDAD,PALENCIA | VENTA DE BAÑOS | DUEÑAS | CUBILLAS DE SANTA MARTA | CORCOS-AGUILAREJO | CABEZÓN DEL PISUERGA | VALLADOLID UNIVERSIDAD | VALLADOLID-CAMPO GRANDE | VIANA | VALDESTILLAS | MATAPOZUELOS | POZALDEZ | MEDINA DEL CAMPO
18212,PROXIMDAD,PALENCIA | VENTA DE BAÑOS | DUEÑAS | CUBILLAS DE SANTA MARTA | CORCOS-AGUILAREJO | CABEZÓN DEL PISUERGA | VALLADOLID UNIVERSIDAD | VALLADOLID-CAMPO GRANDE
12100,REGIONAL,GIJÓN-SANZ CRESPO | CALZADA DE ASTURIAS | OVIEDO | LLAMAQUIQUE | MIERES-PUENTE | UJO | POLA DE LENA | CAMPOMANES | PUENTE DE LOS FIERROS | LINARES-CONGOSTINAS | BUSDONGO | VILLAMANÍN | SANTA LUCÍA | LA POLA DE GORDÓN | LA ROBLA | LEÓN | PALANQUINOS | EL BURGO RANERO | SAHAGÚN | GRAJAL | VILLADA | PAREDES DE NAVA | BECERRIL | GRIJOTA | PALENCIA | VENTA DE BAÑOS | DUEÑAS | CUBILLAS DE SANTA MARTA | CORCOS-AGUILAREJO | CABEZÓN DEL PISUERGA | VALLADOLID UNIVERSIDAD | VALLADOLID-CAMPO GRANDE
18216,PROXIMDAD,PALENCIA | VENTA DE BAÑOS | DUEÑAS | CUBILLAS DE SANTA MARTA | CORCOS-AGUILAREJO | CABEZÓN DEL PISUERGA | VALLADOLID UNIVERSIDAD | VALLADOLID-CAMPO GRANDE
18102,REG.EXP.,SANTANDER | VALDECILLA | MALIAÑO | RENEDO | TORRELAVEGA | LOS CORRALES DE BUELNA | BÁRCENA | REINOSA | MATAPORQUERA | QUINTANILLA DE LAS TORRES | AGUILAR DE CAMPOO | MAVE | ALAR DEL REY | HERRERA DE PISUERGA | ESPINOSA DE VILLAGONZALO | OSORNO | FRÓMISTA | PIÑA | AMUSCO | EL CARRIÓN | MONZÓN DE CAMPOS | PALENCIA | VENTA DE BAÑOS | DUEÑAS | CUBILLAS DE SANTA MARTA | CORCOS-AGUILAREJO | CABEZÓN DEL PISUERGA | VALLADOLID UNIVERSIDAD | VALLADOLID-CAMPO GRANDE
38102,PROXIMDAD,PALENCIA | VENTA DE BAÑOS | DUEÑAS | CUBILLAS DE SANTA MARTA | CORCOS-AGUILAREJO | CABEZÓN DEL PISUERGA | VALLADOLID UNIVERSIDAD | VALLADOLID-CAMPO GRANDE
18218,PROXIMDAD,PALENCIA | VENTA DE BAÑOS | DUEÑAS | CUBILLAS DE SANTA MARTA | CORCOS-AGUILAREJO | CABEZÓN DEL PISUERGA | VALLADOLID UNIVERSIDAD | VALLADOLID-CAMPO GRANDE | VIANA | VALDESTILLAS | MATAPOZUELOS | POZALDEZ | MEDINA DEL CAMPO
18212,PROXIMDAD,PALENCIA | VENTA DE BAÑOS | DUEÑAS | CUBILLAS DE SANTA MARTA | CORCOS-AGUILAREJO | CABEZÓN DEL PISUERGA | VALLADOLID UNIVERSIDAD | VALLADOLID-CAMPO GRANDE
12100,REGIONAL,GIJÓN-SANZ CRESPO | CALZADA DE ASTURIAS | OVIEDO | LLAMAQUIQUE | MIERES-PUENTE | UJO | POLA DE LENA | CAMPOMANES | PUENTE DE LOS FIERROS | LINARES-CONGOSTINAS | BUSDONGO | VILLAMANÍN | SANTA LUCÍA | LA POLA DE GORDÓN | LA ROBLA | LEÓN | PALANQUINOS | EL BURGO RANERO | SAHAGÚN | GRAJAL | VILLADA | PAREDES DE NAVA | BECERRIL | GRIJOTA | PALENCIA | VENTA DE BAÑOS | DUEÑAS | CUBILLAS DE SANTA MARTA | CORCOS-AGUILAREJO | CABEZÓN DEL PISUERGA | VALLADOLID UNIVERSIDAD | VALLADOLID-CAMPO GRANDE
18218,PROXIMDAD,PALENCIA | VENTA DE BAÑOS | DUEÑAS | CUBILLAS DE SANTA MARTA | CORCOS-AGUILAREJO | CABEZÓN DEL PISUERGA | VALLADOLID UNIVERSIDAD | VALLADOLID-CAMPO GRANDE | VIANA | VALDESTILLAS | MATAPOZUELOS | POZALDEZ | MEDINA DEL CAMPO
18065,MD,PALENCIA | MAGAZ | QUINTANA DEL PUENTE | VILLAQUIRÁN | BURGOS-ROSA MANZANO | BRIVIESCA | MIRANDA DE EBRO | VITORIA-GASTEIZ | ALEGRÍA-DULANTZI | AGURAIN-SALVATIERRA DE ÁLAVA | ARAIA | ALTSASU
18101,REG.EXP.,VALLADOLID-CAMPO GRANDE | VALLADOLID UNIVERSIDAD | CABEZÓN DEL PISUERGA | CORCOS-AGUILAREJO | CUBILLAS DE SANTA MARTA | DUEÑAS | VENTA DE BAÑOS | PALENCIA | EL CARRIÓN | PIÑA | FRÓMISTA | OSORNO | ESPINOSA DE VILLAGONZALO | HERRERA DE PISUERGA | ALAR DEL REY | AGUILAR DE CAMPOO | MATAPORQUERA | REINOSA | BÁRCENA | LOS CORRALES DE BUELNA | TORRELAVEGA | RENEDO | MALIAÑO | VALDECILLA | SANTANDER
18105,REG.EXP.,VALLADOLID-CAMPO GRANDE | VALLADOLID UNIVERSIDAD | CABEZÓN DEL PISUERGA | CORCOS-AGUILAREJO | CUBILLAS DE SANTA MARTA | DUEÑAS | VENTA DE BAÑOS | PALENCIA | MONZÓN DE CAMPOS | EL CARRIÓN | AMUSCO | PIÑA | FRÓMISTA | OSORNO | ESPINOSA DE VILLAGONZALO | HERRERA DE PISUERGA | ALAR DEL REY | MAVE | AGUILAR DE CAMPOO | QUINTANILLA DE LAS TORRES | MATAPORQUERA | REINOSA | BÁRCENA | LOS CORRALES DE BUELNA | TORRELAVEGA | RENEDO | MALIAÑO | VALDECILLA | SANTANDER
18101,REG.EXP.,VALLADOLID-CAMPO GRANDE | VALLADOLID UNIVERSIDAD | CABEZÓN DEL PISUERGA | CORCOS-AGUILAREJO | CUBILLAS DE SANTA MARTA | DUEÑAS | VENTA DE BAÑOS | PALENCIA | EL CARRIÓN | PIÑA | FRÓMISTA | OSORNO | ESPINOSA DE VILLAGONZALO | HERRERA DE PISUERGA | ALAR DEL REY | AGUILAR DE CAMPOO | MATAPORQUERA | REINOSA | BÁRCENA | LOS CORRALES DE BUELNA | TORRELAVEGA | RENEDO | MALIAÑO | VALDECILLA | SANTANDER
18105,REG.EXP.,VALLADOLID-CAMPO GRANDE | VALLADOLID UNIVERSIDAD | CABEZÓN DEL PISUERGA | CORCOS-AGUILAREJO | CUBILLAS DE SANTA MARTA | DUEÑAS | VENTA DE BAÑOS | PALENCIA | MONZÓN DE CAMPOS | EL CARRIÓN | AMUSCO | PIÑA | FRÓMISTA | OSORNO | ESPINOSA DE VILLAGONZALO | HERRERA DE PISUERGA | ALAR DEL REY | MAVE | AGUILAR DE CAMPOO | QUINTANILLA DE LAS TORRES | MATAPORQUERA | REINOSA | BÁRCENA | LOS CORRALES DE BUELNA | TORRELAVEGA | RENEDO | MALIAÑO | VALDECILLA | SANTANDER
12101,REGIONAL,VALLADOLID-CAMPO GRANDE | VALLADOLID UNIVERSIDAD | CABEZÓN DEL PISUERGA | DUEÑAS | VENTA DE BAÑOS | PALENCIA | PAREDES DE NAVA | VILLADA | GRAJAL | SAHAGÚN | EL BURGO RANERO | PALANQUINOS | LEÓN | LA ROBLA | LA POLA DE GORDÓN | SANTA LUCÍA | VILLAMANÍN | BUSDONGO | LINARES-CONGOSTINAS | PUENTE DE LOS FIERROS | CAMPOMANES | POLA DE LENA | UJO | MIERES-PUENTE | LLAMAQUIQUE | OVIEDO | CALZADA DE ASTURIAS | GIJÓN-SANZ CRESPO
18215,REG.EXP.,PALENCIA | GRIJOTA | BECERRIL | PAREDES DE NAVA | CISNEROS | VILLADA | GRAJAL | SAHAGÚN | EL BURGO RANERO | SANTAS MARTAS | PALANQUINOS | LEÓN
18003,MD,MADRID-PRÍNCIPE PÍO | VILLALBA DE GUADARRAMA | EL ESCORIAL | ÁVILA | ARÉVALO | MEDINA DEL CAMPO | VALLADOLID-CAMPO GRANDE | VENTA DE BAÑOS | PALENCIA | PAREDES DE NAVA | VILLADA | SAHAGÚN | LEÓN
18005,MD,MADRID-PRÍNCIPE PÍO | VILLALBA DE GUADARRAMA | EL ESCORIAL | ZARZALEJO | ROBLEDO DE CHAVELA | SANTA MARÍA DE LA ALAMEDA-PEGUERINOS | LAS NAVAS DEL MARQUÉS | NAVALPERAL | HERRADÓN-LA CAÑADA | ÁVILA | ARÉVALO | MEDINA DEL CAMPO | VALLADOLID-CAMPO GRANDE | VENTA DE BAÑOS | PALENCIA | PAREDES DE NAVA | VILLADA | SAHAGÚN | LEÓN
18105,REG.EXP.,VALLADOLID-CAMPO GRANDE | VALLADOLID UNIVERSIDAD | CABEZÓN DEL PISUERGA | CORCOS-AGUILAREJO | CUBILLAS DE SANTA MARTA | DUEÑAS | VENTA DE BAÑOS | PALENCIA | MONZÓN DE CAMPOS | EL CARRIÓN | AMUSCO | PIÑA | FRÓMISTA | OSORNO | ESPINOSA DE VILLAGONZALO | HERRERA DE PISUERGA | ALAR DEL REY | MAVE | AGUILAR DE CAMPOO | QUINTANILLA DE LAS TORRES | MATAPORQUERA | REINOSA | BÁRCENA | LOS CORRALES DE BUELNA | TORRELAVEGA | RENEDO | MALIAÑO | VALDECILLA | SANTANDER
18065,MD,PALENCIA | MAGAZ | QUINTANA DEL PUENTE | VILLAQUIRÁN | BURGOS-ROSA MANZANO | BRIVIESCA | MIRANDA DE EBRO | VITORIA-GASTEIZ | ALEGRÍA-DULANTZI | AGURAIN-SALVATIERRA DE ÁLAVA | ARAIA | ALTSASU
12101,REGIONAL,VALLADOLID-CAMPO GRANDE | VALLADOLID UNIVERSIDAD | CABEZÓN DEL PISUERGA | DUEÑAS | VENTA DE BAÑOS | PALENCIA | PAREDES DE NAVA | VILLADA | GRAJAL | SAHAGÚN | EL BURGO RANERO | PALANQUINOS | LEÓN | LA ROBLA | LA POLA DE GORDÓN | SANTA LUCÍA | VILLAMANÍN | BUSDONGO | LINARES-CONGOSTINAS | PUENTE DE LOS FIERROS | CAMPOMANES | POLA DE LENA | UJO | MIERES-PUENTE | LLAMAQUIQUE | OVIEDO | CALZADA DE ASTURIAS | GIJÓN-SANZ CRESPO
18215,REG.EXP.,PALENCIA | GRIJOTA | BECERRIL | PAREDES DE NAVA | CISNEROS | VILLADA | GRAJAL | SAHAGÚN | EL BURGO RANERO | SANTAS MARTAS | PALANQUINOS | LEÓN
18003,MD,MADRID-PRÍNCIPE PÍO | VILLALBA DE GUADARRAMA | EL ESCORIAL | ÁVILA | ARÉVALO | MEDINA DEL CAMPO | VALLADOLID-CAMPO GRANDE | VENTA DE BAÑOS | PALENCIA | PAREDES DE NAVA | VILLADA | SAHAGÚN | LEÓN
18005,MD,MADRID-PRÍNCIPE PÍO | VILLALBA DE GUADARRAMA | EL ESCORIAL | ZARZALEJO | ROBLEDO DE CHAVELA | SANTA MARÍA DE LA ALAMEDA-PEGUERINOS | LAS NAVAS DEL MARQUÉS | NAVALPERAL | HERRADÓN-LA CAÑADA | ÁVILA | ARÉVALO | MEDINA DEL CAMPO | VALLADOLID-CAMPO GRANDE | VENTA DE BAÑOS | PALENCIA | PAREDES DE NAVA | VILLADA | SAHAGÚN | LEÓN
18308,MD,PALENCIA | VENTA DE BAÑOS | DUEÑAS | VALLADOLID UNIVERSIDAD | VALLADOLID-CAMPO GRANDE | MEDINA DEL CAMPO | CAMPILLO | EL CARPIO | FRESNO EL VIEJO | CANTALAPIEDRA | EL PEDROSO DE LA ARMUÑA | GOMECELLO | SALAMANCA | SALAMANCA-LA ALAMEDILLA
18101,REG.EXP.,VALLADOLID-CAMPO GRANDE | VALLADOLID UNIVERSIDAD | CABEZÓN DEL PISUERGA | CORCOS-AGUILAREJO | CUBILLAS DE SANTA MARTA | DUEÑAS | VENTA DE BAÑOS | PALENCIA | EL CARRIÓN | PIÑA | FRÓMISTA | OSORNO | ESPINOSA DE VILLAGONZALO | HERRERA DE PISUERGA | ALAR DEL REY | AGUILAR DE CAMPOO | MATAPORQUERA | REINOSA | BÁRCENA | LOS CORRALES DE BUELNA | TORRELAVEGA | RENEDO | MALIAÑO | VALDECILLA | SANTANDER
18105,REG.EXP.,VALLADOLID-CAMPO GRANDE | VALLADOLID UNIVERSIDAD | CABEZÓN DEL PISUERGA | CORCOS-AGUILAREJO | CUBILLAS DE SANTA MARTA | DUEÑAS | VENTA DE BAÑOS | PALENCIA | MONZÓN DE CAMPOS | EL CARRIÓN | AMUSCO | PIÑA | FRÓMISTA | OSORNO | ESPINOSA DE VILLAGONZALO | HERRERA DE PISUERGA | ALAR DEL REY | MAVE | AGUILAR DE CAMPOO | QUINTANILLA DE LAS TORRES | MATAPORQUERA | REINOSA | BÁRCENA | LOS CORRALES DE BUELNA | TORRELAVEGA | RENEDO | MALIAÑO | VALDECILLA | SANTANDER
18101,REG.EXP.,VALLADOLID-CAMPO GRANDE | VALLADOLID UNIVERSIDAD | CABEZÓN DEL PISUERGA | CORCOS-AGUILAREJO | CUBILLAS DE SANTA MARTA | DUEÑAS | VENTA DE BAÑOS | PALENCIA | EL CARRIÓN | PIÑA | FRÓMISTA | OSORNO | ESPINOSA DE VILLAGONZALO | HERRERA DE PISUERGA | ALAR DEL REY | AGUILAR DE CAMPOO | MATAPORQUERA | REINOSA | BÁRCENA | LOS CORRALES DE BUELNA | TORRELAVEGA | RENEDO | MALIAÑO | VALDECILLA | SANTANDER
18105,REG.EXP.,VALLADOLID-CAMPO GRANDE | VALLADOLID UNIVERSIDAD | CABEZÓN DEL PISUERGA | CORCOS-AGUILAREJO | CUBILLAS DE SANTA MARTA | DUEÑAS | VENTA DE BAÑOS | PALENCIA | MONZÓN DE CAMPOS | EL CARRIÓN | AMUSCO | PIÑA | FRÓMISTA | OSORNO | ESPINOSA DE VILLAGONZALO | HERRERA DE PISUERGA | ALAR DEL REY | MAVE | AGUILAR DE CAMPOO | QUINTANILLA DE LAS TORRES | MATAPORQUERA | REINOSA | BÁRCENA | LOS CORRALES DE BUELNA | TORRELAVEGA | RENEDO | MALIAÑO | VALDECILLA | SANTANDER
18218,PROXIMDAD,PALENCIA | VENTA DE BAÑOS | DUEÑAS | CUBILLAS DE SANTA MARTA | CORCOS-AGUILAREJO | CABEZÓN DEL PISUERGA | VALLADOLID UNIVERSIDAD | VALLADOLID-CAMPO GRANDE | VIANA | VALDESTILLAS | MATAPOZUELOS | POZALDEZ | MEDINA DEL CAMPO
18101,REG.EXP.,VALLADOLID-CAMPO GRANDE | VALLADOLID UNIVERSIDAD | CABEZÓN DEL PISUERGA | CORCOS-AGUILAREJO | CUBILLAS DE SANTA MARTA | DUEÑAS | VENTA DE BAÑOS | PALENCIA | EL CARRIÓN | PIÑA | FRÓMISTA | OSORNO | ESPINOSA DE VILLAGONZALO | HERRERA DE PISUERGA | ALAR DEL REY | AGUILAR DE CAMPOO | MATAPORQUERA | REINOSA | BÁRCENA | LOS CORRALES DE BUELNA | TORRELAVEGA | RENEDO | MALIAÑO | VALDECILLA | SANTANDER
18105,REG.EXP.,VALLADOLID-CAMPO GRANDE | VALLADOLID UNIVERSIDAD | CABEZÓN DEL PISUERGA | CORCOS-AGUILAREJO | CUBILLAS DE SANTA MARTA | DUEÑAS | VENTA DE BAÑOS | PALENCIA | MONZÓN DE CAMPOS | EL CARRIÓN | AMUSCO | PIÑA | FRÓMISTA | OSORNO | ESPINOSA DE VILLAGONZALO | HERRERA DE PISUERGA | ALAR DEL REY | MAVE | AGUILAR DE CAMPOO | QUINTANILLA DE LAS TORRES | MATAPORQUERA | REINOSA | BÁRCENA | LOS CORRALES DE BUELNA | TORRELAVEGA | RENEDO | MALIAÑO | VALDECILLA | SANTANDER
18102,REG.EXP.,SANTANDER | VALDECILLA | MALIAÑO | RENEDO | TORRELAVEGA | LOS CORRALES DE BUELNA | BÁRCENA | REINOSA | MATAPORQUERA | QUINTANILLA DE LAS TORRES | AGUILAR DE CAMPOO | MAVE | ALAR DEL REY | HERRERA DE PISUERGA | ESPINOSA DE VILLAGONZALO | OSORNO | FRÓMISTA | PIÑA | AMUSCO | EL CARRIÓN | MONZÓN DE CAMPOS | PALENCIA | VENTA DE BAÑOS | DUEÑAS | CUBILLAS DE SANTA MARTA | CORCOS-AGUILAREJO | CABEZÓN DEL PISUERGA | VALLADOLID UNIVERSIDAD | VALLADOLID-CAMPO GRANDE
18104,REG.EXP.,SANTANDER | VALDECILLA | MALIAÑO | RENEDO | TORRELAVEGA | LOS CORRALES DE BUELNA | BÁRCENA | REINOSA | MATAPORQUERA | AGUILAR DE CAMPOO | ALAR DEL REY | HERRERA DE PISUERGA | ESPINOSA DE VILLAGONZALO | OSORNO | FRÓMISTA | PIÑA | EL CARRIÓN | PALENCIA | VENTA DE BAÑOS | VALLADOLID UNIVERSIDAD | VALLADOLID-CAMPO GRANDE
18102,REG.EXP.,SANTANDER | VALDECILLA | MALIAÑO | RENEDO | TORRELAVEGA | LOS CORRALES DE BUELNA | BÁRCENA | REINOSA | MATAPORQUERA | QUINTANILLA DE LAS TORRES | AGUILAR DE CAMPOO | MAVE | ALAR DEL REY | HERRERA DE PISUERGA | ESPINOSA DE VILLAGONZALO | OSORNO | FRÓMISTA | PIÑA | AMUSCO | EL CARRIÓN | MONZÓN DE CAMPOS | PALENCIA | VENTA DE BAÑOS | DUEÑAS | CUBILLAS DE SANTA MARTA | CORCOS-AGUILAREJO | CABEZÓN DEL PISUERGA | VALLADOLID UNIVERSIDAD | VALLADOLID-CAMPO GRANDE
18104,REG.EXP.,SANTANDER | VALDECILLA | MALIAÑO | RENEDO | TORRELAVEGA | LOS CORRALES DE BUELNA | BÁRCENA | REINOSA | MATAPORQUERA | AGUILAR DE CAMPOO | ALAR DEL REY | HERRERA DE PISUERGA | ESPINOSA DE VILLAGONZALO | OSORNO | FRÓMISTA | PIÑA | EL CARRIÓN | PALENCIA | VENTA DE BAÑOS | VALLADOLID UNIVERSIDAD | VALLADOLID-CAMPO GRANDE
18102,REG.EXP.,SANTANDER | VALDECILLA | MALIAÑO | RENEDO | TORRELAVEGA | LOS CORRALES DE BUELNA | BÁRCENA | REINOSA | MATAPORQUERA | QUINTANILLA DE LAS TORRES | AGUILAR DE CAMPOO | MAVE | ALAR DEL REY | HERRERA DE PISUERGA | ESPINOSA DE VILLAGONZALO | OSORNO | FRÓMISTA | PIÑA | AMUSCO | EL CARRIÓN | MONZÓN DE CAMPOS | PALENCIA | VENTA DE BAÑOS | DUEÑAS | CUBILLAS DE SANTA MARTA | CORCOS-AGUILAREJO | CABEZÓN DEL PISUERGA | VALLADOLID UNIVERSIDAD | VALLADOLID-CAMPO GRANDE
18101,REG.EXP.,VALLADOLID-CAMPO GRANDE | VALLADOLID UNIVERSIDAD | CABEZÓN DEL PISUERGA | CORCOS-AGUILAREJO | CUBILLAS DE SANTA MARTA | DUEÑAS | VENTA DE BAÑOS | PALENCIA | EL CARRIÓN | PIÑA | FRÓMISTA | OSORNO | ESPINOSA DE VILLAGONZALO | HERRERA DE PISUERGA | ALAR DEL REY | AGUILAR DE CAMPOO | MATAPORQUERA | REINOSA | BÁRCENA | LOS CORRALES DE BUELNA | TORRELAVEGA | RENEDO | MALIAÑO | VALDECILLA | SANTANDER
18105,REG.EXP.,VALLADOLID-CAMPO GRANDE | VALLADOLID UNIVERSIDAD | CABEZÓN DEL PISUERGA | CORCOS-AGUILAREJO | CUBILLAS DE SANTA MARTA | DUEÑAS | VENTA DE BAÑOS | PALENCIA | MONZÓN DE CAMPOS | EL CARRIÓN | AMUSCO | PIÑA | FRÓMISTA | OSORNO | ESPINOSA DE VILLAGONZALO | HERRERA DE PISUERGA | ALAR DEL REY | MAVE | AGUILAR DE CAMPOO | QUINTANILLA DE LAS TORRES | MATAPORQUERA | REINOSA | BÁRCENA | LOS CORRALES DE BUELNA | TORRELAVEGA | RENEDO | MALIAÑO | VALDECILLA | SANTANDER
18102,REG.EXP.,SANTANDER | VALDECILLA | MALIAÑO | RENEDO | TORRELAVEGA | LOS CORRALES DE BUELNA | BÁRCENA | REINOSA | MATAPORQUERA | QUINTANILLA DE LAS TORRES | AGUILAR DE CAMPOO | MAVE | ALAR DEL REY | HERRERA DE PISUERGA | ESPINOSA DE VILLAGONZALO | OSORNO | FRÓMISTA | PIÑA | AMUSCO | EL CARRIÓN | MONZÓN DE CAMPOS | PALENCIA | VENTA DE BAÑOS | DUEÑAS | CUBILLAS DE SANTA MARTA | CORCOS-AGUILAREJO | CABEZÓN DEL PISUERGA | VALLADOLID UNIVERSIDAD | VALLADOLID-CAMPO GRANDE
18102,REG.EXP.,SANTANDER | VALDECILLA | MALIAÑO | RENEDO | TORRELAVEGA | LOS CORRALES DE BUELNA | BÁRCENA | REINOSA | MATAPORQUERA | QUINTANILLA DE LAS TORRES | AGUILAR DE CAMPOO | MAVE | ALAR DEL REY | HERRERA DE PISUERGA | ESPINOSA DE VILLAGONZALO | OSORNO | FRÓMISTA | PIÑA | AMUSCO | EL CARRIÓN | MONZÓN DE CAMPOS | PALENCIA | VENTA DE BAÑOS | DUEÑAS | CUBILLAS DE SANTA MARTA | CORCOS-AGUILAREJO | CABEZÓN DEL PISUERGA | VALLADOLID UNIVERSIDAD | VALLADOLID-CAMPO GRANDE
18104,REG.EXP.,SANTANDER | VALDECILLA | MALIAÑO | RENEDO | TORRELAVEGA | LOS CORRALES DE BUELNA | BÁRCENA | REINOSA | MATAPORQUERA | AGUILAR DE CAMPOO | ALAR DEL REY | HERRERA DE PISUERGA | ESPINOSA DE VILLAGONZALO | OSORNO | FRÓMISTA | PIÑA | EL CARRIÓN | PALENCIA | VENTA DE BAÑOS | VALLADOLID UNIVERSIDAD | VALLADOLID-CAMPO GRANDE
18102,REG.EXP.,SANTANDER | VALDECILLA | MALIAÑO | RENEDO | TORRELAVEGA | LOS CORRALES DE BUELNA | BÁRCENA | REINOSA | MATAPORQUERA | QUINTANILLA DE LAS TORRES | AGUILAR DE CAMPOO | MAVE | ALAR DEL REY | HERRERA DE PISUERGA | ESPINOSA DE VILLAGONZALO | OSORNO | FRÓMISTA | PIÑA | AMUSCO | EL CARRIÓN | MONZÓN DE CAMPOS | PALENCIA | VENTA DE BAÑOS | DUEÑAS | CUBILLAS DE SANTA MARTA | CORCOS-AGUILAREJO | CABEZÓN DEL PISUERGA | VALLADOLID UNIVERSIDAD | VALLADOLID-CAMPO GRANDE
18104,REG.EXP.,SANTANDER | VALDECILLA | MALIAÑO | RENEDO | TORRELAVEGA | LOS CORRALES DE BUELNA | BÁRCENA | REINOSA | MATAPORQUERA | AGUILAR DE CAMPOO | ALAR DEL REY | HERRERA DE PISUERGA | ESPINOSA DE VILLAGONZALO | OSORNO | FRÓMISTA | PIÑA | EL CARRIÓN | PALENCIA | VENTA DE BAÑOS | VALLADOLID UNIVERSIDAD | VALLADOLID-CAMPO GRANDE
18102,REG.EXP.,SANTANDER | VALDECILLA | MALIAÑO | RENEDO | TORRELAVEGA | LOS CORRALES DE BUELNA | BÁRCENA | REINOSA | MATAPORQUERA | QUINTANILLA DE LAS TORRES | AGUILAR DE CAMPOO | MAVE | ALAR DEL REY | HERRERA DE PISUERGA | ESPINOSA DE VILLAGONZALO | OSORNO | FRÓMISTA | PIÑA | AMUSCO | EL CARRIÓN | MONZÓN DE CAMPOS | PALENCIA | VENTA DE BAÑOS | DUEÑAS | CUBILLAS DE SANTA MARTA | CORCOS-AGUILAREJO | CABEZÓN DEL PISUERGA | VALLADOLID UNIVERSIDAD | VALLADOLID-CAMPO GRANDE
18105,REG.EXP.,VALLADOLID-CAMPO GRANDE | VALLADOLID UNIVERSIDAD | CABEZÓN DEL PISUERGA | CORCOS-AGUILAREJO | CUBILLAS DE SANTA MARTA | DUEÑAS | VENTA DE BAÑOS | PALENCIA | MONZÓN DE CAMPOS | EL CARRIÓN | AMUSCO | PIÑA | FRÓMISTA | OSORNO | ESPINOSA DE VILLAGONZALO | HERRERA DE PISUERGA | ALAR DEL REY | MAVE | AGUILAR DE CAMPOO | QUINTANILLA DE LAS TORRES | MATAPORQUERA | REINOSA | BÁRCENA | LOS CORRALES DE BUELNA | TORRELAVEGA | RENEDO | MALIAÑO | VALDECILLA | SANTANDER
18102,REG.EXP.,SANTANDER | VALDECILLA | MALIAÑO | RENEDO | TORRELAVEGA | LOS CORRALES DE BUELNA | BÁRCENA | REINOSA | MATAPORQUERA | QUINTANILLA DE LAS TORRES | AGUILAR DE CAMPOO | MAVE | ALAR DEL REY | HERRERA DE PISUERGA | ESPINOSA DE VILLAGONZALO | OSORNO | FRÓMISTA | PIÑA | AMUSCO | EL CARRIÓN | MONZÓN DE CAMPOS | PALENCIA | VENTA DE BAÑOS | DUEÑAS | CUBILLAS DE SANTA MARTA | CORCOS-AGUILAREJO | CABEZÓN DEL PISUERGA | VALLADOLID UNIVERSIDAD | VALLADOLID-CAMPO GRANDE
18104,REG.EXP.,SANTANDER | VALDECILLA | MALIAÑO | RENEDO | TORRELAVEGA | LOS CORRALES DE BUELNA | BÁRCENA | REINOSA | MATAPORQUERA | AGUILAR DE CAMPOO | ALAR DEL REY | HERRERA DE PISUERGA | ESPINOSA DE VILLAGONZALO | OSORNO | FRÓMISTA | PIÑA | EL CARRIÓN | PALENCIA | VENTA DE BAÑOS | VALLADOLID UNIVERSIDAD | VALLADOLID-CAMPO GRANDE
18102,REG.EXP.,SANTANDER | VALDECILLA | MALIAÑO | RENEDO | TORRELAVEGA | LOS CORRALES DE BUELNA | BÁRCENA | REINOSA | MATAPORQUERA | QUINTANILLA DE LAS TORRES | AGUILAR DE CAMPOO | MAVE | ALAR DEL REY | HERRERA DE PISUERGA | ESPINOSA DE VILLAGONZALO | OSORNO | FRÓMISTA | PIÑA | AMUSCO | EL CARRIÓN | MONZÓN DE CAMPOS | PALENCIA | VENTA DE BAÑOS | DUEÑAS | CUBILLAS DE SANTA MARTA | CORCOS-AGUILAREJO | CABEZÓN DEL PISUERGA | VALLADOLID UNIVERSIDAD | VALLADOLID-CAMPO GRANDE
18102,REG.EXP.,SANTANDER | VALDECILLA | MALIAÑO | RENEDO | TORRELAVEGA | LOS CORRALES DE BUELNA | BÁRCENA | REINOSA | MATAPORQUERA | QUINTANILLA DE LAS TORRES | AGUILAR DE CAMPOO | MAVE | ALAR DEL REY | HERRERA DE PISUERGA | ESPINOSA DE VILLAGONZALO | OSORNO | FRÓMISTA | PIÑA | AMUSCO | EL CARRIÓN | MONZÓN DE CAMPOS | PALENCIA | VENTA DE BAÑOS | DUEÑAS | CUBILLAS DE SANTA MARTA | CORCOS-AGUILAREJO | CABEZÓN DEL PISUERGA | VALLADOLID UNIVERSIDAD | VALLADOLID-CAMPO GRANDE
18102,REG.EXP.,SANTANDER | VALDECILLA | MALIAÑO | RENEDO | TORRELAVEGA | LOS CORRALES DE BUELNA | BÁRCENA | REINOSA | MATAPORQUERA | QUINTANILLA DE LAS TORRES | AGUILAR DE CAMPOO | MAVE | ALAR DEL REY | HERRERA DE PISUERGA | ESPINOSA DE VILLAGONZALO | OSORNO | FRÓMISTA | PIÑA | AMUSCO | EL CARRIÓN | MONZÓN DE CAMPOS | PALENCIA | VENTA DE BAÑOS | DUEÑAS | CUBILLAS DE SANTA MARTA | CORCOS-AGUILAREJO | CABEZÓN DEL PISUERGA | VALLADOLID UNIVERSIDAD | VALLADOLID-CAMPO GRANDE
18104,REG.EXP.,SANTANDER | VALDECILLA | MALIAÑO | RENEDO | TORRELAVEGA | LOS CORRALES DE BUELNA | BÁRCENA | REINOSA | MATAPORQUERA | AGUILAR DE CAMPOO | ALAR DEL REY | HERRERA DE PISUERGA | ESPINOSA DE VILLAGONZALO | OSORNO | FRÓMISTA | PIÑA | EL CARRIÓN | PALENCIA | VENTA DE BAÑOS | VALLADOLID UNIVERSIDAD | VALLADOLID-CAMPO GRANDE
18102,REG.EXP.,SANTANDER | VALDECILLA | MALIAÑO | RENEDO | TORRELAVEGA | LOS CORRALES DE BUELNA | BÁRCENA | REINOSA | MATAPORQUERA | QUINTANILLA DE LAS TORRES | AGUILAR DE CAMPOO | MAVE | ALAR DEL REY | HERRERA DE PISUERGA | ESPINOSA DE VILLAGONZALO | OSORNO | FRÓMISTA | PIÑA | AMUSCO | EL CARRIÓN | MONZÓN DE CAMPOS | PALENCIA | VENTA DE BAÑOS | DUEÑAS | CUBILLAS DE SANTA MARTA | CORCOS-AGUILAREJO | CABEZÓN DEL PISUERGA | VALLADOLID UNIVERSIDAD | VALLADOLID-CAMPO GRANDE
18104,REG.EXP.,SANTANDER | VALDECILLA | MALIAÑO | RENEDO | TORRELAVEGA | LOS CORRALES DE BUELNA | BÁRCENA | REINOSA | MATAPORQUERA | AGUILAR DE CAMPOO | ALAR DEL REY | HERRERA DE PISUERGA | ESPINOSA DE VILLAGONZALO | OSORNO | FRÓMISTA | PIÑA | EL CARRIÓN | PALENCIA | VENTA DE BAÑOS | VALLADOLID UNIVERSIDAD | VALLADOLID-CAMPO GRANDE
18105,REG.EXP.,VALLADOLID-CAMPO GRANDE | VALLADOLID UNIVERSIDAD | CABEZÓN DEL PISUERGA | CORCOS-AGUILAREJO | CUBILLAS DE SANTA MARTA | DUEÑAS | VENTA DE BAÑOS | PALENCIA | MONZÓN DE CAMPOS | EL CARRIÓN | AMUSCO | PIÑA | FRÓMISTA | OSORNO | ESPINOSA DE VILLAGONZALO | HERRERA DE PISUERGA | ALAR DEL REY | MAVE | AGUILAR DE CAMPOO | QUINTANILLA DE LAS TORRES | MATAPORQUERA | REINOSA | BÁRCENA | LOS CORRALES DE BUELNA | TORRELAVEGA | RENEDO | MALIAÑO | VALDECILLA | SANTANDER
18102,REG.EXP.,SANTANDER | VALDECILLA | MALIAÑO | RENEDO | TORRELAVEGA | LOS CORRALES DE BUELNA | BÁRCENA | REINOSA | MATAPORQUERA | QUINTANILLA DE LAS TORRES | AGUILAR DE CAMPOO | MAVE | ALAR DEL REY | HERRERA DE PISUERGA | ESPINOSA DE VILLAGONZALO | OSORNO | FRÓMISTA | PIÑA | AMUSCO | EL CARRIÓN | MONZÓN DE CAMPOS | PALENCIA | VENTA DE BAÑOS | DUEÑAS | CUBILLAS DE SANTA MARTA | CORCOS-AGUILAREJO | CABEZÓN DEL PISUERGA | VALLADOLID UNIVERSIDAD | VALLADOLID-CAMPO GRANDE
18104,REG.EXP.,SANTANDER | VALDECILLA | MALIAÑO | RENEDO | TORRELAVEGA | LOS CORRALES DE BUELNA | BÁRCENA | REINOSA | MATAPORQUERA | AGUILAR DE CAMPOO | ALAR DEL REY | HERRERA DE PISUERGA | ESPINOSA DE VILLAGONZALO | OSORNO | FRÓMISTA | PIÑA | EL CARRIÓN | PALENCIA | VENTA DE BAÑOS | VALLADOLID UNIVERSIDAD | VALLADOLID-CAMPO GRANDE
18102,REG.EXP.,SANTANDER | VALDECILLA | MALIAÑO | RENEDO | TORRELAVEGA | LOS CORRALES DE BUELNA | BÁRCENA | REINOSA | MATAPORQUERA | QUINTANILLA DE LAS TORRES | AGUILAR DE CAMPOO | MAVE | ALAR DEL REY | HERRERA DE PISUERGA | ESPINOSA DE VILLAGONZALO | OSORNO | FRÓMISTA | PIÑA | AMUSCO | EL CARRIÓN | MONZÓN DE CAMPOS | PALENCIA | VENTA DE BAÑOS | DUEÑAS | CUBILLAS DE SANTA MARTA | CORCOS-AGUILAREJO | CABEZÓN DEL PISUERGA | VALLADOLID UNIVERSIDAD | VALLADOLID-CAMPO GRANDE
18104,REG.EXP.,SANTANDER | VALDECILLA | MALIAÑO | RENEDO | TORRELAVEGA | LOS CORRALES DE BUELNA | BÁRCENA | REINOSA | MATAPORQUERA | AGUILAR DE CAMPOO | ALAR DEL REY | HERRERA DE PISUERGA | ESPINOSA DE VILLAGONZALO | OSORNO | FRÓMISTA | PIÑA | EL CARRIÓN | PALENCIA | VENTA DE BAÑOS | VALLADOLID UNIVERSIDAD | VALLADOLID-CAMPO GRANDE
18101,REG.EXP.,VALLADOLID-CAMPO GRANDE | VALLADOLID UNIVERSIDAD | CABEZÓN DEL PISUERGA | CORCOS-AGUILAREJO | CUBILLAS DE SANTA MARTA | DUEÑAS | VENTA DE BAÑOS | PALENCIA | EL CARRIÓN | PIÑA | FRÓMISTA | OSORNO | ESPINOSA DE VILLAGONZALO | HERRERA DE PISUERGA | ALAR DEL REY | AGUILAR DE CAMPOO | MATAPORQUERA | REINOSA | BÁRCENA | LOS CORRALES DE BUELNA | TORRELAVEGA | RENEDO | MALIAÑO | VALDECILLA | SANTANDER
18105,REG.EXP.,VALLADOLID-CAMPO GRANDE | VALLADOLID UNIVERSIDAD | CABEZÓN DEL PISUERGA | CORCOS-AGUILAREJO | CUBILLAS DE SANTA MARTA | DUEÑAS | VENTA DE BAÑOS | PALENCIA | MONZÓN DE CAMPOS | EL CARRIÓN | AMUSCO | PIÑA | FRÓMISTA | OSORNO | ESPINOSA DE VILLAGONZALO | HERRERA DE PISUERGA | ALAR DEL REY | MAVE | AGUILAR DE CAMPOO | QUINTANILLA DE LAS TORRES | MATAPORQUERA | REINOSA | BÁRCENA | LOS CORRALES DE BUELNA | TORRELAVEGA | RENEDO | MALIAÑO | VALDECILLA | SANTANDER
18102,REG.EXP.,SANTANDER | VALDECILLA | MALIAÑO | RENEDO | TORRELAVEGA | LOS CORRALES DE BUELNA | BÁRCENA | REINOSA | MATAPORQUERA | QUINTANILLA DE LAS TORRES | AGUILAR DE CAMPOO | MAVE | ALAR DEL REY | HERRERA DE PISUERGA | ESPINOSA DE VILLAGONZALO | OSORNO | FRÓMISTA | PIÑA | AMUSCO | EL CARRIÓN | MONZÓN DE CAMPOS | PALENCIA | VENTA DE BAÑOS | DUEÑAS | CUBILLAS DE SANTA MARTA | CORCOS-AGUILAREJO | CABEZÓN DEL PISUERGA | VALLADOLID UNIVERSIDAD | VALLADOLID-CAMPO GRANDE
18104,REG.EXP.,SANTANDER | VALDECILLA | MALIAÑO | RENEDO | TORRELAVEGA | LOS CORRALES DE BUELNA | BÁRCENA | REINOSA | MATAPORQUERA | AGUILAR DE CAMPOO | ALAR DEL REY | HERRERA DE PISUERGA | ESPINOSA DE VILLAGONZALO | OSORNO | FRÓMISTA | PIÑA | EL CARRIÓN | PALENCIA | VENTA DE BAÑOS | VALLADOLID UNIVERSIDAD | VALLADOLID-CAMPO GRANDE
18102,REG.EXP.,SANTANDER | VALDECILLA | MALIAÑO | RENEDO | TORRELAVEGA | LOS CORRALES DE BUELNA | BÁRCENA | REINOSA | MATAPORQUERA | QUINTANILLA DE LAS TORRES | AGUILAR DE CAMPOO | MAVE | ALAR DEL REY | HERRERA DE PISUERGA | ESPINOSA DE VILLAGONZALO | OSORNO | FRÓMISTA | PIÑA | AMUSCO | EL CARRIÓN | MONZÓN DE CAMPOS | PALENCIA | VENTA DE BAÑOS | DUEÑAS | CUBILLAS DE SANTA MARTA | CORCOS-AGUILAREJO | CABEZÓN DEL PISUERGA | VALLADOLID UNIVERSIDAD | VALLADOLID-CAMPO GRANDE
18104,REG.EXP.,SANTANDER | VALDECILLA | MALIAÑO | RENEDO | TORRELAVEGA | LOS CORRALES DE BUELNA | BÁRCENA | REINOSA | MATAPORQUERA | AGUILAR DE CAMPOO | ALAR DEL REY | HERRERA DE PISUERGA | ESPINOSA DE VILLAGONZALO | OSORNO | FRÓMISTA | PIÑA | EL CARRIÓN | PALENCIA | VENTA DE BAÑOS | VALLADOLID UNIVERSIDAD | VALLADOLID-CAMPO GRANDE
18102,REG.EXP.,SANTANDER | VALDECILLA | MALIAÑO | RENEDO | TORRELAVEGA | LOS CORRALES DE BUELNA | BÁRCENA | REINOSA | MATAPORQUERA | QUINTANILLA DE LAS TORRES | AGUILAR DE CAMPOO | MAVE | ALAR DEL REY | HERRERA DE PISUERGA | ESPINOSA DE VILLAGONZALO | OSORNO | FRÓMISTA | PIÑA | AMUSCO | EL CARRIÓN | MONZÓN DE CAMPOS | PALENCIA | VENTA DE BAÑOS | DUEÑAS | CUBILLAS DE SANTA MARTA | CORCOS-AGUILAREJO | CABEZÓN DEL PISUERGA | VALLADOLID UNIVERSIDAD | VALLADOLID-CAMPO GRANDE
18101,REG.EXP.,VALLADOLID-CAMPO GRANDE | VALLADOLID UNIVERSIDAD | CABEZÓN DEL PISUERGA | CORCOS-AGUILAREJO | CUBILLAS DE SANTA MARTA | DUEÑAS | VENTA DE BAÑOS | PALENCIA | EL CARRIÓN | PIÑA | FRÓMISTA | OSORNO | ESPINOSA DE VILLAGONZALO | HERRERA DE PISUERGA | ALAR DEL REY | AGUILAR DE CAMPOO | MATAPORQUERA | REINOSA | BÁRCENA | LOS CORRALES DE BUELNA | TORRELAVEGA | RENEDO | MALIAÑO | VALDECILLA | SANTANDER
18105,REG.EXP.,VALLADOLID-CAMPO GRANDE | VALLADOLID UNIVERSIDAD | CABEZÓN DEL PISUERGA | CORCOS-AGUILAREJO | CUBILLAS DE SANTA MARTA | DUEÑAS | VENTA DE BAÑOS | PALENCIA | MONZÓN DE CAMPOS | EL CARRIÓN | AMUSCO | PIÑA | FRÓMISTA | OSORNO | ESPINOSA DE VILLAGONZALO | HERRERA DE PISUERGA | ALAR DEL REY | MAVE | AGUILAR DE CAMPOO | QUINTANILLA DE LAS TORRES | MATAPORQUERA | REINOSA | BÁRCENA | LOS CORRALES DE BUELNA | TORRELAVEGA | RENEDO | MALIAÑO | VALDECILLA | SANTANDER
18102,REG.EXP.,SANTANDER | VALDECILLA | MALIAÑO | RENEDO | TORRELAVEGA | LOS CORRALES DE BUELNA | BÁRCENA | REINOSA | MATAPORQUERA | QUINTANILLA DE LAS TORRES | AGUILAR DE CAMPOO | MAVE | ALAR DEL REY | HERRERA DE PISUERGA | ESPINOSA DE VILLAGONZALO | OSORNO | FRÓMISTA | PIÑA | AMUSCO | EL CARRIÓN | MONZÓN DE CAMPOS | PALENCIA | VENTA DE BAÑOS | DUEÑAS | CUBILLAS DE SANTA MARTA | CORCOS-AGUILAREJO | CABEZÓN DEL PISUERGA | VALLADOLID UNIVERSIDAD | VALLADOLID-CAMPO GRANDE
18102,REG.EXP.,SANTANDER | VALDECILLA | MALIAÑO | RENEDO | TORRELAVEGA | LOS CORRALES DE BUELNA | BÁRCENA | REINOSA | MATAPORQUERA | QUINTANILLA DE LAS TORRES | AGUILAR DE CAMPOO | MAVE | ALAR DEL REY | HERRERA DE PISUERGA | ESPINOSA DE VILLAGONZALO | OSORNO | FRÓMISTA | PIÑA | AMUSCO | EL CARRIÓN | MONZÓN DE CAMPOS | PALENCIA | VENTA DE BAÑOS | DUEÑAS | CUBILLAS DE SANTA MARTA | CORCOS-AGUILAREJO | CABEZÓN DEL PISUERGA | VALLADOLID UNIVERSIDAD | VALLADOLID-CAMPO GRANDE
18104,REG.EXP.,SANTANDER | VALDECILLA | MALIAÑO | RENEDO | TORRELAVEGA | LOS CORRALES DE BUELNA | BÁRCENA | REINOSA | MATAPORQUERA | AGUILAR DE CAMPOO | ALAR DEL REY | HERRERA DE PISUERGA | ESPINOSA DE VILLAGONZALO | OSORNO | FRÓMISTA | PIÑA | EL CARRIÓN | PALENCIA | VENTA DE BAÑOS | VALLADOLID UNIVERSIDAD | VALLADOLID-CAMPO GRANDE
18101,REG.EXP.,VALLADOLID-CAMPO GRANDE | VALLADOLID UNIVERSIDAD | CABEZÓN DEL PISUERGA | CORCOS-AGUILAREJO | CUBILLAS DE SANTA MARTA | DUEÑAS | VENTA DE BAÑOS | PALENCIA | EL CARRIÓN | PIÑA | FRÓMISTA | OSORNO | ESPINOSA DE VILLAGONZALO | HERRERA DE PISUERGA | ALAR DEL REY | AGUILAR DE CAMPOO | MATAPORQUERA | REINOSA | BÁRCENA | LOS CORRALES DE BUELNA | TORRELAVEGA | RENEDO | MALIAÑO | VALDECILLA | SANTANDER
18105,REG.EXP.,VALLADOLID-CAMPO GRANDE | VALLADOLID UNIVERSIDAD | CABEZÓN DEL PISUERGA | CORCOS-AGUILAREJO | CUBILLAS DE SANTA MARTA | DUEÑAS | VENTA DE BAÑOS | PALENCIA | MONZÓN DE CAMPOS | EL CARRIÓN | AMUSCO | PIÑA | FRÓMISTA | OSORNO | ESPINOSA DE VILLAGONZALO | HERRERA DE PISUERGA | ALAR DEL REY | MAVE | AGUILAR DE CAMPOO | QUINTANILLA DE LAS TORRES | MATAPORQUERA | REINOSA | BÁRCENA | LOS CORRALES DE BUELNA | TORRELAVEGA | RENEDO | MALIAÑO | VALDECILLA | SANTANDER
18105,REG.EXP.,VALLADOLID-CAMPO GRANDE | VALLADOLID UNIVERSIDAD | CABEZÓN DEL PISUERGA | CORCOS-AGUILAREJO | CUBILLAS DE SANTA MARTA | DUEÑAS | VENTA DE BAÑOS | PALENCIA | MONZÓN DE CAMPOS | EL CARRIÓN | AMUSCO | PIÑA | FRÓMISTA | OSORNO | ESPINOSA DE VILLAGONZALO | HERRERA DE PISUERGA | ALAR DEL REY | MAVE | AGUILAR DE CAMPOO | QUINTANILLA DE LAS TORRES | MATAPORQUERA | REINOSA | BÁRCENA | LOS CORRALES DE BUELNA | TORRELAVEGA | RENEDO | MALIAÑO | VALDECILLA | SANTANDER
18105,REG.EXP.,VALLADOLID-CAMPO GRANDE | VALLADOLID UNIVERSIDAD | CABEZÓN DEL PISUERGA | CORCOS-AGUILAREJO | CUBILLAS DE SANTA MARTA | DUEÑAS | VENTA DE BAÑOS | PALENCIA | MONZÓN DE CAMPOS | EL CARRIÓN | AMUSCO | PIÑA | FRÓMISTA | OSORNO | ESPINOSA DE VILLAGONZALO | HERRERA DE PISUERGA | ALAR DEL REY | MAVE | AGUILAR DE CAMPOO | QUINTANILLA DE LAS TORRES | MATAPORQUERA | REINOSA | BÁRCENA | LOS CORRALES DE BUELNA | TORRELAVEGA | RENEDO | MALIAÑO | VALDECILLA | SANTANDER
18101,REG.EXP.,VALLADOLID-CAMPO GRANDE | VALLADOLID UNIVERSIDAD | CABEZÓN DEL PISUERGA | CORCOS-AGUILAREJO | CUBILLAS DE SANTA MARTA | DUEÑAS | VENTA DE BAÑOS | PALENCIA | EL CARRIÓN | PIÑA | FRÓMISTA | OSORNO | ESPINOSA DE VILLAGONZALO | HERRERA DE PISUERGA | ALAR DEL REY | AGUILAR DE CAMPOO | MATAPORQUERA | REINOSA | BÁRCENA | LOS CORRALES DE BUELNA | TORRELAVEGA | RENEDO | MALIAÑO | VALDECILLA | SANTANDER
18105,REG.EXP.,VALLADOLID-CAMPO GRANDE | VALLADOLID UNIVERSIDAD | CABEZÓN DEL PISUERGA | CORCOS-AGUILAREJO | CUBILLAS DE SANTA MARTA | DUEÑAS | VENTA DE BAÑOS | PALENCIA | MONZÓN DE CAMPOS | EL CARRIÓN | AMUSCO | PIÑA | FRÓMISTA | OSORNO | ESPINOSA DE VILLAGONZALO | HERRERA DE PISUERGA | ALAR DEL REY | MAVE | AGUILAR DE CAMPOO | QUINTANILLA DE LAS TORRES | MATAPORQUERA | REINOSA | BÁRCENA | LOS CORRALES DE BUELNA | TORRELAVEGA | RENEDO | MALIAÑO | VALDECILLA | SANTANDER
18102,REG.EXP.,SANTANDER | VALDECILLA | MALIAÑO | RENEDO | TORRELAVEGA | LOS CORRALES DE BUELNA | BÁRCENA | REINOSA | MATAPORQUERA | QUINTANILLA DE LAS TORRES | AGUILAR DE CAMPOO | MAVE | ALAR DEL REY | HERRERA DE PISUERGA | ESPINOSA DE VILLAGONZALO | OSORNO | FRÓMISTA | PIÑA | AMUSCO | EL CARRIÓN | MONZÓN DE CAMPOS | PALENCIA | VENTA DE BAÑOS | DUEÑAS | CUBILLAS DE SANTA MARTA | CORCOS-AGUILAREJO | CABEZÓN DEL PISUERGA | VALLADOLID UNIVERSIDAD | VALLADOLID-CAMPO GRANDE
18102,REG.EXP.,SANTANDER | VALDECILLA | MALIAÑO | RENEDO | TORRELAVEGA | LOS CORRALES DE BUELNA | BÁRCENA | REINOSA | MATAPORQUERA | QUINTANILLA DE LAS TORRES | AGUILAR DE CAMPOO | MAVE | ALAR DEL REY | HERRERA DE PISUERGA | ESPINOSA DE VILLAGONZALO | OSORNO | FRÓMISTA | PIÑA | AMUSCO | EL CARRIÓN | MONZÓN DE CAMPOS | PALENCIA | VENTA DE BAÑOS | DUEÑAS | CUBILLAS DE SANTA MARTA | CORCOS-AGUILAREJO | CABEZÓN DEL PISUERGA | VALLADOLID UNIVERSIDAD | VALLADOLID-CAMPO GRANDE
18102,REG.EXP.,SANTANDER | VALDECILLA | MALIAÑO | RENEDO | TORRELAVEGA | LOS CORRALES DE BUELNA | BÁRCENA | REINOSA | MATAPORQUERA | QUINTANILLA DE LAS TORRES | AGUILAR DE CAMPOO | MAVE | ALAR DEL REY | HERRERA DE PISUERGA | ESPINOSA DE VILLAGONZALO | OSORNO | FRÓMISTA | PIÑA | AMUSCO | EL CARRIÓN | MONZÓN DE CAMPOS | PALENCIA | VENTA DE BAÑOS | DUEÑAS | CUBILLAS DE SANTA MARTA | CORCOS-AGUILAREJO | CABEZÓN DEL PISUERGA | VALLADOLID UNIVERSIDAD | VALLADOLID-CAMPO GRANDE
18104,REG.EXP.,SANTANDER | VALDECILLA | MALIAÑO | RENEDO | TORRELAVEGA | LOS CORRALES DE BUELNA | BÁRCENA | REINOSA | MATAPORQUERA | AGUILAR DE CAMPOO | ALAR DEL REY | HERRERA DE PISUERGA | ESPINOSA DE VILLAGONZALO | OSORNO | FRÓMISTA | PIÑA | EL CARRIÓN | PALENCIA | VENTA DE BAÑOS | VALLADOLID UNIVERSIDAD | VALLADOLID-CAMPO GRANDE
18101,REG.EXP.,VALLADOLID-CAMPO GRANDE | VALLADOLID UNIVERSIDAD | CABEZÓN DEL PISUERGA | CORCOS-AGUILAREJO | CUBILLAS DE SANTA MARTA | DUEÑAS | VENTA DE BAÑOS | PALENCIA | EL CARRIÓN | PIÑA | FRÓMISTA | OSORNO | ESPINOSA DE VILLAGONZALO | HERRERA DE PISUERGA | ALAR DEL REY | AGUILAR DE CAMPOO | MATAPORQUERA | REINOSA | BÁRCENA | LOS CORRALES DE BUELNA | TORRELAVEGA | RENEDO | MALIAÑO | VALDECILLA | SANTANDER
18105,REG.EXP.,VALLADOLID-CAMPO GRANDE | VALLADOLID UNIVERSIDAD | CABEZÓN DEL PISUERGA | CORCOS-AGUILAREJO | CUBILLAS DE SANTA MARTA | DUEÑAS | VENTA DE BAÑOS | PALENCIA | MONZÓN DE CAMPOS | EL CARRIÓN | AMUSCO | PIÑA | FRÓMISTA | OSORNO | ESPINOSA DE VILLAGONZALO | HERRERA DE PISUERGA | ALAR DEL REY | MAVE | AGUILAR DE CAMPOO | QUINTANILLA DE LAS TORRES | MATAPORQUERA | REINOSA | BÁRCENA | LOS CORRALES DE BUELNA | TORRELAVEGA | RENEDO | MALIAÑO | VALDECILLA | SANTANDER
18105,REG.EXP.,VALLADOLID-CAMPO GRANDE | VALLADOLID UNIVERSIDAD | CABEZÓN DEL PISUERGA | CORCOS-AGUILAREJO | CUBILLAS DE SANTA MARTA | DUEÑAS | VENTA DE BAÑOS | PALENCIA | MONZÓN DE CAMPOS | EL CARRIÓN | AMUSCO | PIÑA | FRÓMISTA | OSORNO | ESPINOSA DE VILLAGONZALO | HERRERA DE PISUERGA | ALAR DEL REY | MAVE | AGUILAR DE CAMPOO | QUINTANILLA DE LAS TORRES | MATAPORQUERA | REINOSA | BÁRCENA | LOS CORRALES DE BUELNA | TORRELAVEGA | RENEDO | MALIAÑO | VALDECILLA | SANTANDER
18101,REG.EXP.,VALLADOLID-CAMPO GRANDE | VALLADOLID UNIVERSIDAD | CABEZÓN DEL PISUERGA | CORCOS-AGUILAREJO | CUBILLAS DE SANTA MARTA | DUEÑAS | VENTA DE BAÑOS | PALENCIA | EL CARRIÓN | PIÑA | FRÓMISTA | OSORNO | ESPINOSA DE VILLAGONZALO | HERRERA DE PISUERGA | ALAR DEL REY | AGUILAR DE CAMPOO | MATAPORQUERA | REINOSA | BÁRCENA | LOS CORRALES DE BUELNA | TORRELAVEGA | RENEDO | MALIAÑO | VALDECILLA | SANTANDER
18105,REG.EXP.,VALLADOLID-CAMPO GRANDE | VALLADOLID UNIVERSIDAD | CABEZÓN DEL PISUERGA | CORCOS-AGUILAREJO | CUBILLAS DE SANTA MARTA | DUEÑAS | VENTA DE BAÑOS | PALENCIA | MONZÓN DE CAMPOS | EL CARRIÓN | AMUSCO | PIÑA | FRÓMISTA | OSORNO | ESPINOSA DE VILLAGONZALO | HERRERA DE PISUERGA | ALAR DEL REY | MAVE | AGUILAR DE CAMPOO | QUINTANILLA DE LAS TORRES | MATAPORQUERA | REINOSA | BÁRCENA | LOS CORRALES DE BUELNA | TORRELAVEGA | RENEDO | MALIAÑO | VALDECILLA | SANTANDER
18101,REG.EXP.,VALLADOLID-CAMPO GRANDE | VALLADOLID UNIVERSIDAD | CABEZÓN DEL PISUERGA | CORCOS-AGUILAREJO | CUBILLAS DE SANTA MARTA | DUEÑAS | VENTA DE BAÑOS | PALENCIA | EL CARRIÓN | PIÑA | FRÓMISTA | OSORNO | ESPINOSA DE VILLAGONZALO | HERRERA DE PISUERGA | ALAR DEL REY | AGUILAR DE CAMPOO | MATAPORQUERA | REINOSA | BÁRCENA | LOS CORRALES DE BUELNA | TORRELAVEGA | RENEDO | MALIAÑO | VALDECILLA | SANTANDER
18105,REG.EXP.,VALLADOLID-CAMPO GRANDE | VALLADOLID UNIVERSIDAD | CABEZÓN DEL PISUERGA | CORCOS-AGUILAREJO | CUBILLAS DE SANTA MARTA | DUEÑAS | VENTA DE BAÑOS | PALENCIA | MONZÓN DE CAMPOS | EL CARRIÓN | AMUSCO | PIÑA | FRÓMISTA | OSORNO | ESPINOSA DE VILLAGONZALO | HERRERA DE PISUERGA | ALAR DEL REY | MAVE | AGUILAR DE CAMPOO | QUINTANILLA DE LAS TORRES | MATAPORQUERA | REINOSA | BÁRCENA | LOS CORRALES DE BUELNA | TORRELAVEGA | RENEDO | MALIAÑO | VALDECILLA | SANTANDER
18002,MD,LEÓN | SAHAGÚN | VILLADA | PAREDES DE NAVA | PALENCIA | VENTA DE BAÑOS | VALLADOLID UNIVERSIDAD | VALLADOLID-CAMPO GRANDE | MEDINA DEL CAMPO | ARÉVALO | ÁVILA | HERRADÓN-LA CAÑADA | NAVALPERAL | LAS NAVAS DEL MARQUÉS | SANTA MARÍA DE LA ALAMEDA-PEGUERINOS | ROBLEDO DE CHAVELA | ZARZALEJO | EL ESCORIAL | VILLALBA DE GUADARRAMA | MADRID-PRÍNCIPE PÍO
18006,MD,LEÓN | SAHAGÚN | VILLADA | PAREDES DE NAVA | PALENCIA | VENTA DE BAÑOS | VALLADOLID-CAMPO GRANDE | MEDINA DEL CAMPO | ARÉVALO | ÁVILA | HERRADÓN-LA CAÑADA | NAVALPERAL | LAS NAVAS DEL MARQUÉS | SANTA MARÍA DE LA ALAMEDA-PEGUERINOS | ROBLEDO DE CHAVELA | ZARZALEJO | EL ESCORIAL | VILLALBA DE GUADARRAMA | MADRID-PRÍNCIPE PÍO
12100,REGIONAL,GIJÓN-SANZ CRESPO | CALZADA DE ASTURIAS | OVIEDO | LLAMAQUIQUE | MIERES-PUENTE | UJO | POLA DE LENA | CAMPOMANES | PUENTE DE LOS FIERROS | LINARES-CONGOSTINAS | BUSDONGO | VILLAMANÍN | SANTA LUCÍA | LA POLA DE GORDÓN | LA ROBLA | LEÓN | PALANQUINOS | EL BURGO RANERO | SAHAGÚN | GRAJAL | VILLADA | PAREDES DE NAVA | BECERRIL | GRIJOTA | PALENCIA | VENTA DE BAÑOS | DUEÑAS | CUBILLAS DE SANTA MARTA | CORCOS-AGUILAREJO | CABEZÓN DEL PISUERGA | VALLADOLID UNIVERSIDAD | VALLADOLID-CAMPO GRANDE
18002,MD,LEÓN | SAHAGÚN | VILLADA | PAREDES DE NAVA | PALENCIA | VENTA DE BAÑOS | VALLADOLID UNIVERSIDAD | VALLADOLID-CAMPO GRANDE | MEDINA DEL CAMPO | ARÉVALO | ÁVILA | HERRADÓN-LA CAÑADA | NAVALPERAL | LAS NAVAS DEL MARQUÉS | SANTA MARÍA DE LA ALAMEDA-PEGUERINOS | ROBLEDO DE CHAVELA | ZARZALEJO | EL ESCORIAL | VILLALBA DE GUADARRAMA | MADRID-PRÍNCIPE PÍO
12100,REGIONAL,GIJÓN-SANZ CRESPO | CALZADA DE ASTURIAS | OVIEDO | LLAMAQUIQUE | MIERES-PUENTE | UJO | POLA DE LENA | CAMPOMANES | PUENTE DE LOS FIERROS | LINARES-CONGOSTINAS | BUSDONGO | VILLAMANÍN | SANTA LUCÍA | LA POLA DE GORDÓN | LA ROBLA | LEÓN | PALANQUINOS | EL BURGO RANERO | SAHAGÚN | GRAJAL | VILLADA | PAREDES DE NAVA | BECERRIL | GRIJOTA | PALENCIA | VENTA DE BAÑOS | DUEÑAS | CUBILLAS DE SANTA MARTA | CORCOS-AGUILAREJO | CABEZÓN DEL PISUERGA | VALLADOLID UNIVERSIDAD | VALLADOLID-CAMPO GRANDE
12100,REGIONAL,GIJÓN-SANZ CRESPO | CALZADA DE ASTURIAS | OVIEDO | LLAMAQUIQUE | MIERES-PUENTE | UJO | POLA DE LENA | CAMPOMANES | PUENTE DE LOS FIERROS | LINARES-CONGOSTINAS | BUSDONGO | VILLAMANÍN | SANTA LUCÍA | LA POLA DE GORDÓN | LA ROBLA | LEÓN | PALANQUINOS | EL BURGO RANERO | SAHAGÚN | GRAJAL | VILLADA | PAREDES DE NAVA | BECERRIL | GRIJOTA | PALENCIA | VENTA DE BAÑOS | DUEÑAS | CUBILLAS DE SANTA MARTA | CORCOS-AGUILAREJO | CABEZÓN DEL PISUERGA | VALLADOLID UNIVERSIDAD | VALLADOLID-CAMPO GRANDE
18002,MD,LEÓN | SAHAGÚN | VILLADA | PAREDES DE NAVA | PALENCIA | VENTA DE BAÑOS | VALLADOLID UNIVERSIDAD | VALLADOLID-CAMPO GRANDE | MEDINA DEL CAMPO | ARÉVALO | ÁVILA | HERRADÓN-LA CAÑADA | NAVALPERAL | LAS NAVAS DEL MARQUÉS | SANTA MARÍA DE LA ALAMEDA-PEGUERINOS | ROBLEDO DE CHAVELA | ZARZALEJO | EL ESCORIAL | VILLALBA DE GUADARRAMA | MADRID-PRÍNCIPE PÍO
18006,MD,LEÓN | SAHAGÚN | VILLADA | PAREDES DE NAVA | PALENCIA | VENTA DE BAÑOS | VALLADOLID-CAMPO GRANDE | MEDINA DEL CAMPO | ARÉVALO | ÁVILA | HERRADÓN-LA CAÑADA | NAVALPERAL | LAS NAVAS DEL MARQUÉS | SANTA MARÍA DE LA ALAMEDA-PEGUERINOS | ROBLEDO DE CHAVELA | ZARZALEJO | EL ESCORIAL | VILLALBA DE GUADARRAMA | MADRID-PRÍNCIPE PÍO
12100,REGIONAL,GIJÓN-SANZ CRESPO | CALZADA DE ASTURIAS | OVIEDO | LLAMAQUIQUE | MIERES-PUENTE | UJO | POLA DE LENA | CAMPOMANES | PUENTE DE LOS FIERROS | LINARES-CONGOSTINAS | BUSDONGO | VILLAMANÍN | SANTA LUCÍA | LA POLA DE GORDÓN | LA ROBLA | LEÓN | PALANQUINOS | EL BURGO RANERO | SAHAGÚN | GRAJAL | VILLADA | PAREDES DE NAVA | BECERRIL | GRIJOTA | PALENCIA | VENTA DE BAÑOS | DUEÑAS | CUBILLAS DE SANTA MARTA | CORCOS-AGUILAREJO | CABEZÓN DEL PISUERGA | VALLADOLID UNIVERSIDAD | VALLADOLID-CAMPO GRANDE
18214,REG.EXP.,LEÓN | PALANQUINOS | SANTAS MARTAS | EL BURGO RANERO | SAHAGÚN | GRAJAL | VILLADA | CISNEROS | PAREDES DE NAVA | BECERRIL | GRIJOTA | PALENCIA
12100,REGIONAL,GIJÓN-SANZ CRESPO | CALZADA DE ASTURIAS | OVIEDO | LLAMAQUIQUE | MIERES-PUENTE | UJO | POLA DE LENA | CAMPOMANES | PUENTE DE LOS FIERROS | LINARES-CONGOSTINAS | BUSDONGO | VILLAMANÍN | SANTA LUCÍA | LA POLA DE GORDÓN | LA ROBLA | LEÓN | PALANQUINOS | EL BURGO RANERO | SAHAGÚN | GRAJAL | VILLADA | PAREDES DE NAVA | BECERRIL | GRIJOTA | PALENCIA | VENTA DE BAÑOS | DUEÑAS | CUBILLAS DE SANTA MARTA | CORCOS-AGUILAREJO | CABEZÓN DEL PISUERGA | VALLADOLID UNIVERSIDAD | VALLADOLID-CAMPO GRANDE
18215,REG.EXP.,PALENCIA | GRIJOTA | BECERRIL | PAREDES DE NAVA | CISNEROS | VILLADA | GRAJAL | SAHAGÚN | EL BURGO RANERO | SANTAS MARTAS | PALANQUINOS | LEÓN
18214,REG.EXP.,LEÓN | PALANQUINOS | SANTAS MARTAS | EL BURGO RANERO | SAHAGÚN | GRAJAL | VILLADA | CISNEROS | PAREDES DE NAVA | BECERRIL | GRIJOTA | PALENCIA
12100,REGIONAL,GIJÓN-SANZ CRESPO | CALZADA DE ASTURIAS | OVIEDO | LLAMAQUIQUE | MIERES-PUENTE | UJO | POLA DE LENA | CAMPOMANES | PUENTE DE LOS FIERROS | LINARES-CONGOSTINAS | BUSDONGO | VILLAMANÍN | SANTA LUCÍA | LA POLA DE GORDÓN | LA ROBLA | LEÓN | PALANQUINOS | EL BURGO RANERO | SAHAGÚN | GRAJAL | VILLADA | PAREDES DE NAVA | BECERRIL | GRIJOTA | PALENCIA | VENTA DE BAÑOS | DUEÑAS | CUBILLAS DE SANTA MARTA | CORCOS-AGUILAREJO | CABEZÓN DEL PISUERGA | VALLADOLID UNIVERSIDAD | VALLADOLID-CAMPO GRANDE
12100,REGIONAL,GIJÓN-SANZ CRESPO | CALZADA DE ASTURIAS | OVIEDO | LLAMAQUIQUE | MIERES-PUENTE | UJO | POLA DE LENA | CAMPOMANES | PUENTE DE LOS FIERROS | LINARES-CONGOSTINAS | BUSDONGO | VILLAMANÍN | SANTA LUCÍA | LA POLA DE GORDÓN | LA ROBLA | LEÓN | PALANQUINOS | EL BURGO RANERO | SAHAGÚN | GRAJAL | VILLADA | PAREDES DE NAVA | BECERRIL | GRIJOTA | PALENCIA | VENTA DE BAÑOS | DUEÑAS | CUBILLAS DE SANTA MARTA | CORCOS-AGUILAREJO | CABEZÓN DEL PISUERGA | VALLADOLID UNIVERSIDAD | VALLADOLID-CAMPO GRANDE
12100,REGIONAL,GIJÓN-SANZ CRESPO | CALZADA DE ASTURIAS | OVIEDO | LLAMAQUIQUE | MIERES-PUENTE | UJO | POLA DE LENA | CAMPOMANES | PUENTE DE LOS FIERROS | LINARES-CONGOSTINAS | BUSDONGO | VILLAMANÍN | SANTA LUCÍA | LA POLA DE GORDÓN | LA ROBLA | LEÓN | PALANQUINOS | EL BURGO RANERO | SAHAGÚN | GRAJAL | VILLADA | PAREDES DE NAVA | BECERRIL | GRIJOTA | PALENCIA | VENTA DE BAÑOS | DUEÑAS | CUBILLAS DE SANTA MARTA | CORCOS-AGUILAREJO | CABEZÓN DEL PISUERGA | VALLADOLID UNIVERSIDAD | VALLADOLID-CAMPO GRANDE
18002,MD,LEÓN | SAHAGÚN | VILLADA | PAREDES DE NAVA | PALENCIA | VENTA DE BAÑOS | VALLADOLID UNIVERSIDAD | VALLADOLID-CAMPO GRANDE | MEDINA DEL CAMPO | ARÉVALO | ÁVILA | HERRADÓN-LA CAÑADA | NAVALPERAL | LAS NAVAS DEL MARQUÉS | SANTA MARÍA DE LA ALAMEDA-PEGUERINOS | ROBLEDO DE CHAVELA | ZARZALEJO | EL ESCORIAL | VILLALBA DE GUADARRAMA | MADRID-PRÍNCIPE PÍO
18214,REG.EXP.,LEÓN | PALANQUINOS | SANTAS MARTAS | EL BURGO RANERO | SAHAGÚN | GRAJAL | VILLADA | CISNEROS | PAREDES DE NAVA | BECERRIL | GRIJOTA | PALENCIA
18006,MD,LEÓN | SAHAGÚN | VILLADA | PAREDES DE NAVA | PALENCIA | VENTA DE BAÑOS | VALLADOLID-CAMPO GRANDE | MEDINA DEL CAMPO | ARÉVALO | ÁVILA | HERRADÓN-LA CAÑADA | NAVALPERAL | LAS NAVAS DEL MARQUÉS | SANTA MARÍA DE LA ALAMEDA-PEGUERINOS | ROBLEDO DE CHAVELA | ZARZALEJO | EL ESCORIAL | VILLALBA DE GUADARRAMA | MADRID-PRÍNCIPE PÍO
12100,REGIONAL,GIJÓN-SANZ CRESPO | CALZADA DE ASTURIAS | OVIEDO | LLAMAQUIQUE | MIERES-PUENTE | UJO | POLA DE LENA | CAMPOMANES | PUENTE DE LOS FIERROS | LINARES-CONGOSTINAS | BUSDONGO | VILLAMANÍN | SANTA LUCÍA | LA POLA DE GORDÓN | LA ROBLA | LEÓN | PALANQUINOS | EL BURGO RANERO | SAHAGÚN | GRAJAL | VILLADA | PAREDES DE NAVA | BECERRIL | GRIJOTA | PALENCIA | VENTA DE BAÑOS | DUEÑAS | CUBILLAS DE SANTA MARTA | CORCOS-AGUILAREJO | CABEZÓN DEL PISUERGA | VALLADOLID UNIVERSIDAD | VALLADOLID-CAMPO GRANDE
12101,REGIONAL,VALLADOLID-CAMPO GRANDE | VALLADOLID UNIVERSIDAD | CABEZÓN DEL PISUERGA | DUEÑAS | VENTA DE BAÑOS | PALENCIA | PAREDES DE NAVA | VILLADA | GRAJAL | SAHAGÚN | EL BURGO RANERO | PALANQUINOS | LEÓN | LA ROBLA | LA POLA DE GORDÓN | SANTA LUCÍA | VILLAMANÍN | BUSDONGO | LINARES-CONGOSTINAS | PUENTE DE LOS FIERROS | CAMPOMANES | POLA DE LENA | UJO | MIERES-PUENTE | LLAMAQUIQUE | OVIEDO | CALZADA DE ASTURIAS | GIJÓN-SANZ CRESPO
18215,REG.EXP.,PALENCIA | GRIJOTA | BECERRIL | PAREDES DE NAVA | CISNEROS | VILLADA | GRAJAL | SAHAGÚN | EL BURGO RANERO | SANTAS MARTAS | PALANQUINOS | LEÓN
18003,MD,MADRID-PRÍNCIPE PÍO | VILLALBA DE GUADARRAMA | EL ESCORIAL | ÁVILA | ARÉVALO | MEDINA DEL CAMPO | VALLADOLID-CAMPO GRANDE | VENTA DE BAÑOS | PALENCIA | PAREDES DE NAVA | VILLADA | SAHAGÚN | LEÓN
18005,MD,MADRID-PRÍNCIPE PÍO | VILLALBA DE GUADARRAMA | EL ESCORIAL | ZARZALEJO | ROBLEDO DE CHAVELA | SANTA MARÍA DE LA ALAMEDA-PEGUERINOS | LAS NAVAS DEL MARQUÉS | NAVALPERAL | HERRADÓN-LA CAÑADA | ÁVILA | ARÉVALO | MEDINA DEL CAMPO | VALLADOLID-CAMPO GRANDE | VENTA DE BAÑOS | PALENCIA | PAREDES DE NAVA | VILLADA | SAHAGÚN | LEÓN
18105,REG.EXP.,VALLADOLID-CAMPO GRANDE | VALLADOLID UNIVERSIDAD | CABEZÓN DEL PISUERGA | CORCOS-AGUILAREJO | CUBILLAS DE SANTA MARTA | DUEÑAS | VENTA DE BAÑOS | PALENCIA | MONZÓN DE CAMPOS | EL CARRIÓN | AMUSCO | PIÑA | FRÓMISTA | OSORNO | ESPINOSA DE VILLAGONZALO | HERRERA DE PISUERGA | ALAR DEL REY | MAVE | AGUILAR DE CAMPOO | QUINTANILLA DE LAS TORRES | MATAPORQUERA | REINOSA | BÁRCENA | LOS CORRALES DE BUELNA | TORRELAVEGA | RENEDO | MALIAÑO | VALDECILLA | SANTANDER
18102,REG.EXP.,SANTANDER | VALDECILLA | MALIAÑO | RENEDO | TORRELAVEGA | LOS CORRALES DE BUELNA | BÁRCENA | REINOSA | MATAPORQUERA | QUINTANILLA DE LAS TORRES | AGUILAR DE CAMPOO | MAVE | ALAR DEL REY | HERRERA DE PISUERGA | ESPINOSA DE VILLAGONZALO | OSORNO | FRÓMISTA | PIÑA | AMUSCO | EL CARRIÓN | MONZÓN DE CAMPOS | PALENCIA | VENTA DE BAÑOS | DUEÑAS | CUBILLAS DE SANTA MARTA | CORCOS-AGUILAREJO | CABEZÓN DEL PISUERGA | VALLADOLID UNIVERSIDAD | VALLADOLID-CAMPO GRANDE
18102,REG.EXP.,SANTANDER | VALDECILLA | MALIAÑO | RENEDO | TORRELAVEGA | LOS CORRALES DE BUELNA | BÁRCENA | REINOSA | MATAPORQUERA | QUINTANILLA DE LAS TORRES | AGUILAR DE CAMPOO | MAVE | ALAR DEL REY | HERRERA DE PISUERGA | ESPINOSA DE VILLAGONZALO | OSORNO | FRÓMISTA | PIÑA | AMUSCO | EL CARRIÓN | MONZÓN DE CAMPOS | PALENCIA | VENTA DE BAÑOS | DUEÑAS | CUBILLAS DE SANTA MARTA | CORCOS-AGUILAREJO | CABEZÓN DEL PISUERGA | VALLADOLID UNIVERSIDAD | VALLADOLID-CAMPO GRANDE
18102,REG.EXP.,SANTANDER | VALDECILLA | MALIAÑO | RENEDO | TORRELAVEGA | LOS CORRALES DE BUELNA | BÁRCENA | REINOSA | MATAPORQUERA | QUINTANILLA DE LAS TORRES | AGUILAR DE CAMPOO | MAVE | ALAR DEL REY | HERRERA DE PISUERGA | ESPINOSA DE VILLAGONZALO | OSORNO | FRÓMISTA | PIÑA | AMUSCO | EL CARRIÓN | MONZÓN DE CAMPOS | PALENCIA | VENTA DE BAÑOS | DUEÑAS | CUBILLAS DE SANTA MARTA | CORCOS-AGUILAREJO | CABEZÓN DEL PISUERGA | VALLADOLID UNIVERSIDAD | VALLADOLID-CAMPO GRANDE
18102,REG.EXP.,SANTANDER | VALDECILLA | MALIAÑO | RENEDO | TORRELAVEGA | LOS CORRALES DE BUELNA | BÁRCENA | REINOSA | MATAPORQUERA | QUINTANILLA DE LAS TORRES | AGUILAR DE CAMPOO | MAVE | ALAR DEL REY | HERRERA DE PISUERGA | ESPINOSA DE VILLAGONZALO | OSORNO | FRÓMISTA | PIÑA | AMUSCO | EL CARRIÓN | MONZÓN DE CAMPOS | PALENCIA | VENTA DE BAÑOS | DUEÑAS | CUBILLAS DE SANTA MARTA | CORCOS-AGUILAREJO | CABEZÓN DEL PISUERGA | VALLADOLID UNIVERSIDAD | VALLADOLID-CAMPO GRANDE
18102,REG.EXP.,SANTANDER | VALDECILLA | MALIAÑO | RENEDO | TORRELAVEGA | LOS CORRALES DE BUELNA | BÁRCENA | REINOSA | MATAPORQUERA | QUINTANILLA DE LAS TORRES | AGUILAR DE CAMPOO | MAVE | ALAR DEL REY | HERRERA DE PISUERGA | ESPINOSA DE VILLAGONZALO | OSORNO | FRÓMISTA | PIÑA | AMUSCO | EL CARRIÓN | MONZÓN DE CAMPOS | PALENCIA | VENTA DE BAÑOS | DUEÑAS | CUBILLAS DE SANTA MARTA | CORCOS-AGUILAREJO | CABEZÓN DEL PISUERGA | VALLADOLID UNIVERSIDAD | VALLADOLID-CAMPO GRANDE
18102,REG.EXP.,SANTANDER | VALDECILLA | MALIAÑO | RENEDO | TORRELAVEGA | LOS CORRALES DE BUELNA | BÁRCENA | REINOSA | MATAPORQUERA | QUINTANILLA DE LAS TORRES | AGUILAR DE CAMPOO | MAVE | ALAR DEL REY | HERRERA DE PISUERGA | ESPINOSA DE VILLAGONZALO | OSORNO | FRÓMISTA | PIÑA | AMUSCO | EL CARRIÓN | MONZÓN DE CAMPOS | PALENCIA | VENTA DE BAÑOS | DUEÑAS | CUBILLAS DE SANTA MARTA | CORCOS-AGUILAREJO | CABEZÓN DEL PISUERGA | VALLADOLID UNIVERSIDAD | VALLADOLID-CAMPO GRANDE
18102,REG.EXP.,SANTANDER | VALDECILLA | MALIAÑO | RENEDO | TORRELAVEGA | LOS CORRALES DE BUELNA | BÁRCENA | REINOSA | MATAPORQUERA | QUINTANILLA DE LAS TORRES | AGUILAR DE CAMPOO | MAVE | ALAR DEL REY | HERRERA DE PISUERGA | ESPINOSA DE VILLAGONZALO | OSORNO | FRÓMISTA | PIÑA | AMUSCO | EL CARRIÓN | MONZÓN DE CAMPOS | PALENCIA | VENTA DE BAÑOS | DUEÑAS | CUBILLAS DE SANTA MARTA | CORCOS-AGUILAREJO | CABEZÓN DEL PISUERGA | VALLADOLID UNIVERSIDAD | VALLADOLID-CAMPO GRANDE
18102,REG.EXP.,SANTANDER | VALDECILLA | MALIAÑO | RENEDO | TORRELAVEGA | LOS CORRALES DE BUELNA | BÁRCENA | REINOSA | MATAPORQUERA | QUINTANILLA DE LAS TORRES | AGUILAR DE CAMPOO | MAVE | ALAR DEL REY | HERRERA DE PISUERGA | ESPINOSA DE VILLAGONZALO | OSORNO | FRÓMISTA | PIÑA | AMUSCO | EL CARRIÓN | MONZÓN DE CAMPOS | PALENCIA | VENTA DE BAÑOS | DUEÑAS | CUBILLAS DE SANTA MARTA | CORCOS-AGUILAREJO | CABEZÓN DEL PISUERGA | VALLADOLID UNIVERSIDAD | VALLADOLID-CAMPO GRANDE
18105,REG.EXP.,VALLADOLID-CAMPO GRANDE | VALLADOLID UNIVERSIDAD | CABEZÓN DEL PISUERGA | CORCOS-AGUILAREJO | CUBILLAS DE SANTA MARTA | DUEÑAS | VENTA DE BAÑOS | PALENCIA | MONZÓN DE CAMPOS | EL CARRIÓN | AMUSCO | PIÑA | FRÓMISTA | OSORNO | ESPINOSA DE VILLAGONZALO | HERRERA DE PISUERGA | ALAR DEL REY | MAVE | AGUILAR DE CAMPOO | QUINTANILLA DE LAS TORRES | MATAPORQUERA | REINOSA | BÁRCENA | LOS CORRALES DE BUELNA | TORRELAVEGA | RENEDO | MALIAÑO | VALDECILLA | SANTANDER
18102,REG.EXP.,SANTANDER | VALDECILLA | MALIAÑO | RENEDO | TORRELAVEGA | LOS CORRALES DE BUELNA | BÁRCENA | REINOSA | MATAPORQUERA | QUINTANILLA DE LAS TORRES | AGUILAR DE CAMPOO | MAVE | ALAR DEL REY | HERRERA DE PISUERGA | ESPINOSA DE VILLAGONZALO | OSORNO | FRÓMISTA | PIÑA | AMUSCO | EL CARRIÓN | MONZÓN DE CAMPOS | PALENCIA | VENTA DE BAÑOS | DUEÑAS | CUBILLAS DE SANTA MARTA | CORCOS-AGUILAREJO | CABEZÓN DEL PISUERGA | VALLADOLID UNIVERSIDAD | VALLADOLID-CAMPO GRANDE
18102,REG.EXP.,SANTANDER | VALDECILLA | MALIAÑO | RENEDO | TORRELAVEGA | LOS CORRALES DE BUELNA | BÁRCENA | REINOSA | MATAPORQUERA | QUINTANILLA DE LAS TORRES | AGUILAR DE CAMPOO | MAVE | ALAR DEL REY | HERRERA DE PISUERGA | ESPINOSA DE VILLAGONZALO | OSORNO | FRÓMISTA | PIÑA | AMUSCO | EL CARRIÓN | MONZÓN DE CAMPOS | PALENCIA | VENTA DE BAÑOS | DUEÑAS | CUBILLAS DE SANTA MARTA | CORCOS-AGUILAREJO | CABEZÓN DEL PISUERGA | VALLADOLID UNIVERSIDAD | VALLADOLID-CAMPO GRANDE
18102,REG.EXP.,SANTANDER | VALDECILLA | MALIAÑO | RENEDO | TORRELAVEGA | LOS CORRALES DE BUELNA | BÁRCENA | REINOSA | MATAPORQUERA | QUINTANILLA DE LAS TORRES | AGUILAR DE CAMPOO | MAVE | ALAR DEL REY | HERRERA DE PISUERGA | ESPINOSA DE VILLAGONZALO | OSORNO | FRÓMISTA | PIÑA | AMUSCO | EL CARRIÓN | MONZÓN DE CAMPOS | PALENCIA | VENTA DE BAÑOS | DUEÑAS | CUBILLAS DE SANTA MARTA | CORCOS-AGUILAREJO | CABEZÓN DEL PISUERGA | VALLADOLID UNIVERSIDAD | VALLADOLID-CAMPO GRANDE
18102,REG.EXP.,SANTANDER | VALDECILLA | MALIAÑO | RENEDO | TORRELAVEGA | LOS CORRALES DE BUELNA | BÁRCENA | REINOSA | MATAPORQUERA | QUINTANILLA DE LAS TORRES | AGUILAR DE CAMPOO | MAVE | ALAR DEL REY | HERRERA DE PISUERGA | ESPINOSA DE VILLAGONZALO | OSORNO | FRÓMISTA | PIÑA | AMUSCO | EL CARRIÓN | MONZÓN DE CAMPOS | PALENCIA | VENTA DE BAÑOS | DUEÑAS | CUBILLAS DE SANTA MARTA | CORCOS-AGUILAREJO | CABEZÓN DEL PISUERGA | VALLADOLID UNIVERSIDAD | VALLADOLID-CAMPO GRANDE
18102,REG.EXP.,SANTANDER | VALDECILLA | MALIAÑO | RENEDO | TORRELAVEGA | LOS CORRALES DE BUELNA | BÁRCENA | REINOSA | MATAPORQUERA | QUINTANILLA DE LAS TORRES | AGUILAR DE CAMPOO | MAVE | ALAR DEL REY | HERRERA DE PISUERGA | ESPINOSA DE VILLAGONZALO | OSORNO | FRÓMISTA | PIÑA | AMUSCO | EL CARRIÓN | MONZÓN DE CAMPOS | PALENCIA | VENTA DE BAÑOS | DUEÑAS | CUBILLAS DE SANTA MARTA | CORCOS-AGUILAREJO | CABEZÓN DEL PISUERGA | VALLADOLID UNIVERSIDAD | VALLADOLID-CAMPO GRANDE
18102,REG.EXP.,SANTANDER | VALDECILLA | MALIAÑO | RENEDO | TORRELAVEGA | LOS CORRALES DE BUELNA | BÁRCENA | REINOSA | MATAPORQUERA | QUINTANILLA DE LAS TORRES | AGUILAR DE CAMPOO | MAVE | ALAR DEL REY | HERRERA DE PISUERGA | ESPINOSA DE VILLAGONZALO | OSORNO | FRÓMISTA | PIÑA | AMUSCO | EL CARRIÓN | MONZÓN DE CAMPOS | PALENCIA | VENTA DE BAÑOS | DUEÑAS | CUBILLAS DE SANTA MARTA | CORCOS-AGUILAREJO | CABEZÓN DEL PISUERGA | VALLADOLID UNIVERSIDAD | VALLADOLID-CAMPO GRANDE
18102,REG.EXP.,SANTANDER | VALDECILLA | MALIAÑO | RENEDO | TORRELAVEGA | LOS CORRALES DE BUELNA | BÁRCENA | REINOSA | MATAPORQUERA | QUINTANILLA DE LAS TORRES | AGUILAR DE CAMPOO | MAVE | ALAR DEL REY | HERRERA DE PISUERGA | ESPINOSA DE VILLAGONZALO | OSORNO | FRÓMISTA | PIÑA | AMUSCO | EL CARRIÓN | MONZÓN DE CAMPOS | PALENCIA | VENTA DE BAÑOS | DUEÑAS | CUBILLAS DE SANTA MARTA | CORCOS-AGUILAREJO | CABEZÓN DEL PISUERGA | VALLADOLID UNIVERSIDAD | VALLADOLID-CAMPO GRANDE
18102,REG.EXP.,SANTANDER | VALDECILLA | MALIAÑO | RENEDO | TORRELAVEGA | LOS CORRALES DE BUELNA | BÁRCENA | REINOSA | MATAPORQUERA | QUINTANILLA DE LAS TORRES | AGUILAR DE CAMPOO | MAVE | ALAR DEL REY | HERRERA DE PISUERGA | ESPINOSA DE VILLAGONZALO | OSORNO | FRÓMISTA | PIÑA | AMUSCO | EL CARRIÓN | MONZÓN DE CAMPOS | PALENCIA | VENTA DE BAÑOS | DUEÑAS | CUBILLAS DE SANTA MARTA | CORCOS-AGUILAREJO | CABEZÓN DEL PISUERGA | VALLADOLID UNIVERSIDAD | VALLADOLID-CAMPO GRANDE
18010,MD,ALTSASU | ARAIA | AGURAIN-SALVATIERRA DE ÁLAVA | ALEGRÍA-DULANTZI | VITORIA-GASTEIZ | MIRANDA DE EBRO | PANCORBO | BRIVIESCA | BURGOS-ROSA MANZANO | VILLAQUIRÁN | QUINTANA DEL PUENTE | MAGAZ | VENTA DE BAÑOS | VALLADOLID-CAMPO GRANDE | MEDINA DEL CAMPO | ARÉVALO | ÁVILA | EL ESCORIAL | VILLALBA DE GUADARRAMA | MADRID-PRÍNCIPE PÍO
18010,MD,ALTSASU | ARAIA | AGURAIN-SALVATIERRA DE ÁLAVA | ALEGRÍA-DULANTZI | VITORIA-GASTEIZ | MIRANDA DE EBRO | PANCORBO | BRIVIESCA | BURGOS-ROSA MANZANO | VILLAQUIRÁN | QUINTANA DEL PUENTE | MAGAZ | VENTA DE BAÑOS | VALLADOLID-CAMPO GRANDE | MEDINA DEL CAMPO | ARÉVALO | ÁVILA | EL ESCORIAL | VILLALBA DE GUADARRAMA | MADRID-PRÍNCIPE PÍO
18010,MD,ALTSASU | ARAIA | AGURAIN-SALVATIERRA DE ÁLAVA | ALEGRÍA-DULANTZI | VITORIA-GASTEIZ | MIRANDA DE EBRO | PANCORBO | BRIVIESCA | BURGOS-ROSA MANZANO | VILLAQUIRÁN | QUINTANA DEL PUENTE | MAGAZ | VENTA DE BAÑOS | VALLADOLID-CAMPO GRANDE | MEDINA DEL CAMPO | ARÉVALO | ÁVILA | EL ESCORIAL | VILLALBA DE GUADARRAMA | MADRID-PRÍNCIPE PÍO
18010,MD,ALTSASU | ARAIA | AGURAIN-SALVATIERRA DE ÁLAVA | ALEGRÍA-DULANTZI | VITORIA-GASTEIZ | MIRANDA DE EBRO | PANCORBO | BRIVIESCA | BURGOS-ROSA MANZANO | VILLAQUIRÁN | QUINTANA DEL PUENTE | MAGAZ | PALENCIA
18002,MD,LEÓN | SAHAGÚN | VILLADA | PAREDES DE NAVA | PALENCIA | VENTA DE BAÑOS | VALLADOLID UNIVERSIDAD | VALLADOLID-CAMPO GRANDE | MEDINA DEL CAMPO | ARÉVALO | ÁVILA | HERRADÓN-LA CAÑADA | NAVALPERAL | LAS NAVAS DEL MARQUÉS | SANTA MARÍA DE LA ALAMEDA-PEGUERINOS | ROBLEDO DE CHAVELA | ZARZALEJO | EL ESCORIAL | VILLALBA DE GUADARRAMA | MADRID-PRÍNCIPE PÍO
18006,MD,LEÓN | SAHAGÚN | VILLADA | PAREDES DE NAVA | PALENCIA | VENTA DE BAÑOS | VALLADOLID-CAMPO GRANDE | MEDINA DEL CAMPO | ARÉVALO | ÁVILA | HERRADÓN-LA CAÑADA | NAVALPERAL | LAS NAVAS DEL MARQUÉS | SANTA MARÍA DE LA ALAMEDA-PEGUERINOS | ROBLEDO DE CHAVELA | ZARZALEJO | EL ESCORIAL | VILLALBA DE GUADARRAMA | MADRID-PRÍNCIPE PÍO
12100,REGIONAL,GIJÓN-SANZ CRESPO | CALZADA DE ASTURIAS | OVIEDO | LLAMAQUIQUE | MIERES-PUENTE | UJO | POLA DE LENA | CAMPOMANES | PUENTE DE LOS FIERROS | LINARES-CONGOSTINAS | BUSDONGO | VILLAMANÍN | SANTA LUCÍA | LA POLA DE GORDÓN | LA ROBLA | LEÓN | PALANQUINOS | EL BURGO RANERO | SAHAGÚN | GRAJAL | VILLADA | PAREDES DE NAVA | BECERRIL | GRIJOTA | PALENCIA | VENTA DE BAÑOS | DUEÑAS | CUBILLAS DE SANTA MARTA | CORCOS-AGUILAREJO | CABEZÓN DEL PISUERGA | VALLADOLID UNIVERSIDAD | VALLADOLID-CAMPO GRANDE
18002,MD,LEÓN | SAHAGÚN | VILLADA | PAREDES DE NAVA | PALENCIA | VENTA DE BAÑOS | VALLADOLID UNIVERSIDAD | VALLADOLID-CAMPO GRANDE | MEDINA DEL CAMPO | ARÉVALO | ÁVILA | HERRADÓN-LA CAÑADA | NAVALPERAL | LAS NAVAS DEL MARQUÉS | SANTA MARÍA DE LA ALAMEDA-PEGUERINOS | ROBLEDO DE CHAVELA | ZARZALEJO | EL ESCORIAL | VILLALBA DE GUADARRAMA | MADRID-PRÍNCIPE PÍO
12100,REGIONAL,GIJÓN-SANZ CRESPO | CALZADA DE ASTURIAS | OVIEDO | LLAMAQUIQUE | MIERES-PUENTE | UJO | POLA DE LENA | CAMPOMANES | PUENTE DE LOS FIERROS | LINARES-CONGOSTINAS | BUSDONGO | VILLAMANÍN | SANTA LUCÍA | LA POLA DE GORDÓN | LA ROBLA | LEÓN | PALANQUINOS | EL BURGO RANERO | SAHAGÚN | GRAJAL | VILLADA | PAREDES DE NAVA | BECERRIL | GRIJOTA | PALENCIA | VENTA DE BAÑOS | DUEÑAS | CUBILLAS DE SANTA MARTA | CORCOS-AGUILAREJO | CABEZÓN DEL PISUERGA | VALLADOLID UNIVERSIDAD | VALLADOLID-CAMPO GRANDE
12100,REGIONAL,GIJÓN-SANZ CRESPO | CALZADA DE ASTURIAS | OVIEDO | LLAMAQUIQUE | MIERES-PUENTE | UJO | POLA DE LENA | CAMPOMANES | PUENTE DE LOS FIERROS | LINARES-CONGOSTINAS | BUSDONGO | VILLAMANÍN | SANTA LUCÍA | LA POLA DE GORDÓN | LA ROBLA | LEÓN | PALANQUINOS | EL BURGO RANERO | SAHAGÚN | GRAJAL | VILLADA | PAREDES DE NAVA | BECERRIL | GRIJOTA | PALENCIA | VENTA DE BAÑOS | DUEÑAS | CUBILLAS DE SANTA MARTA | CORCOS-AGUILAREJO | CABEZÓN DEL PISUERGA | VALLADOLID UNIVERSIDAD | VALLADOLID-CAMPO GRANDE
18002,MD,LEÓN | SAHAGÚN | VILLADA | PAREDES DE NAVA | PALENCIA | VENTA DE BAÑOS | VALLADOLID UNIVERSIDAD | VALLADOLID-CAMPO GRANDE | MEDINA DEL CAMPO | ARÉVALO | ÁVILA | HERRADÓN-LA CAÑADA | NAVALPERAL | LAS NAVAS DEL MARQUÉS | SANTA MARÍA DE LA ALAMEDA-PEGUERINOS | ROBLEDO DE CHAVELA | ZARZALEJO | EL ESCORIAL | VILLALBA DE GUADARRAMA | MADRID-PRÍNCIPE PÍO
18006,MD,LEÓN | SAHAGÚN | VILLADA | PAREDES DE NAVA | PALENCIA | VENTA DE BAÑOS | VALLADOLID-CAMPO GRANDE | MEDINA DEL CAMPO | ARÉVALO | ÁVILA | HERRADÓN-LA CAÑADA | NAVALPERAL | LAS NAVAS DEL MARQUÉS | SANTA MARÍA DE LA ALAMEDA-PEGUERINOS | ROBLEDO DE CHAVELA | ZARZALEJO | EL ESCORIAL | VILLALBA DE GUADARRAMA | MADRID-PRÍNCIPE PÍO
12100,REGIONAL,GIJÓN-SANZ CRESPO | CALZADA DE ASTURIAS | OVIEDO | LLAMAQUIQUE | MIERES-PUENTE | UJO | POLA DE LENA | CAMPOMANES | PUENTE DE LOS FIERROS | LINARES-CONGOSTINAS | BUSDONGO | VILLAMANÍN | SANTA LUCÍA | LA POLA DE GORDÓN | LA ROBLA | LEÓN | PALANQUINOS | EL BURGO RANERO | SAHAGÚN | GRAJAL | VILLADA | PAREDES DE NAVA | BECERRIL | GRIJOTA | PALENCIA | VENTA DE BAÑOS | DUEÑAS | CUBILLAS DE SANTA MARTA | CORCOS-AGUILAREJO | CABEZÓN DEL PISUERGA | VALLADOLID UNIVERSIDAD | VALLADOLID-CAMPO GRANDE
18214,REG.EXP.,LEÓN | PALANQUINOS | SANTAS MARTAS | EL BURGO RANERO | SAHAGÚN | GRAJAL | VILLADA | CISNEROS | PAREDES DE NAVA | BECERRIL | GRIJOTA | PALENCIA
12100,REGIONAL,GIJÓN-SANZ CRESPO | CALZADA DE ASTURIAS | OVIEDO | LLAMAQUIQUE | MIERES-PUENTE | UJO | POLA DE LENA | CAMPOMANES | PUENTE DE LOS FIERROS | LINARES-CONGOSTINAS | BUSDONGO | VILLAMANÍN | SANTA LUCÍA | LA POLA DE GORDÓN | LA ROBLA | LEÓN | PALANQUINOS | EL BURGO RANERO | SAHAGÚN | GRAJAL | VILLADA | PAREDES DE NAVA | BECERRIL | GRIJOTA | PALENCIA | VENTA DE BAÑOS | DUEÑAS | CUBILLAS DE SANTA MARTA | CORCOS-AGUILAREJO | CABEZÓN DEL PISUERGA | VALLADOLID UNIVERSIDAD | VALLADOLID-CAMPO GRANDE
18214,REG.EXP.,LEÓN | PALANQUINOS | SANTAS MARTAS | EL BURGO RANERO | SAHAGÚN | GRAJAL | VILLADA | CISNEROS | PAREDES DE NAVA | BECERRIL | GRIJOTA | PALENCIA
18214,REG.EXP.,LEÓN | PALANQUINOS | SANTAS MARTAS | EL BURGO RANERO | SAHAGÚN | GRAJAL | VILLADA | CISNEROS | PAREDES DE NAVA | BECERRIL | GRIJOTA | PALENCIA
12100,REGIONAL,GIJÓN-SANZ CRESPO | CALZADA DE ASTURIAS | OVIEDO | LLAMAQUIQUE | MIERES-PUENTE | UJO | POLA DE LENA | CAMPOMANES | PUENTE DE LOS FIERROS | LINARES-CONGOSTINAS | BUSDONGO | VILLAMANÍN | SANTA LUCÍA | LA POLA DE GORDÓN | LA ROBLA | LEÓN | PALANQUINOS | EL BURGO RANERO | SAHAGÚN | GRAJAL | VILLADA | PAREDES DE NAVA | BECERRIL | GRIJOTA | PALENCIA | VENTA DE BAÑOS | DUEÑAS | CUBILLAS DE SANTA MARTA | CORCOS-AGUILAREJO | CABEZÓN DEL PISUERGA | VALLADOLID UNIVERSIDAD | VALLADOLID-CAMPO GRANDE
12100,REGIONAL,GIJÓN-SANZ CRESPO | CALZADA DE ASTURIAS | OVIEDO | LLAMAQUIQUE | MIERES-PUENTE | UJO | POLA DE LENA | CAMPOMANES | PUENTE DE LOS FIERROS | LINARES-CONGOSTINAS | BUSDONGO | VILLAMANÍN | SANTA LUCÍA | LA POLA DE GORDÓN | LA ROBLA | LEÓN | PALANQUINOS | EL BURGO RANERO | SAHAGÚN | GRAJAL | VILLADA | PAREDES DE NAVA | BECERRIL | GRIJOTA | PALENCIA | VENTA DE BAÑOS | DUEÑAS | CUBILLAS DE SANTA MARTA | CORCOS-AGUILAREJO | CABEZÓN DEL PISUERGA | VALLADOLID UNIVERSIDAD | VALLADOLID-CAMPO GRANDE
12100,REGIONAL,GIJÓN-SANZ CRESPO | CALZADA DE ASTURIAS | OVIEDO | LLAMAQUIQUE | MIERES-PUENTE | UJO | POLA DE LENA | CAMPOMANES | PUENTE DE LOS FIERROS | LINARES-CONGOSTINAS | BUSDONGO | VILLAMANÍN | SANTA LUCÍA | LA POLA DE GORDÓN | LA ROBLA | LEÓN | PALANQUINOS | EL BURGO RANERO | SAHAGÚN | GRAJAL | VILLADA | PAREDES DE NAVA | BECERRIL | GRIJOTA | PALENCIA | VENTA DE BAÑOS | DUEÑAS | CUBILLAS DE SANTA MARTA | CORCOS-AGUILAREJO | CABEZÓN DEL PISUERGA | VALLADOLID UNIVERSIDAD | VALLADOLID-CAMPO GRANDE
18002,MD,LEÓN | SAHAGÚN | VILLADA | PAREDES DE NAVA | PALENCIA | VENTA DE BAÑOS | VALLADOLID UNIVERSIDAD | VALLADOLID-CAMPO GRANDE | MEDINA DEL CAMPO | ARÉVALO | ÁVILA | HERRADÓN-LA CAÑADA | NAVALPERAL | LAS NAVAS DEL MARQUÉS | SANTA MARÍA DE LA ALAMEDA-PEGUERINOS | ROBLEDO DE CHAVELA | ZARZALEJO | EL ESCORIAL | VILLALBA DE GUADARRAMA | MADRID-PRÍNCIPE PÍO
18214,REG.EXP.,LEÓN | PALANQUINOS | SANTAS MARTAS | EL BURGO RANERO | SAHAGÚN | GRAJAL | VILLADA | CISNEROS | PAREDES DE NAVA | BECERRIL | GRIJOTA | PALENCIA
18006,MD,LEÓN | SAHAGÚN | VILLADA | PAREDES DE NAVA | PALENCIA | VENTA DE BAÑOS | VALLADOLID-CAMPO GRANDE | MEDINA DEL CAMPO | ARÉVALO | ÁVILA | HERRADÓN-LA CAÑADA | NAVALPERAL | LAS NAVAS DEL MARQUÉS | SANTA MARÍA DE LA ALAMEDA-PEGUERINOS | ROBLEDO DE CHAVELA | ZARZALEJO | EL ESCORIAL | VILLALBA DE GUADARRAMA | MADRID-PRÍNCIPE PÍO
12100,REGIONAL,GIJÓN-SANZ CRESPO | CALZADA DE ASTURIAS | OVIEDO | LLAMAQUIQUE | MIERES-PUENTE | UJO | POLA DE LENA | CAMPOMANES | PUENTE DE LOS FIERROS | LINARES-CONGOSTINAS | BUSDONGO | VILLAMANÍN | SANTA LUCÍA | LA POLA DE GORDÓN | LA ROBLA | LEÓN | PALANQUINOS | EL BURGO RANERO | SAHAGÚN | GRAJAL | VILLADA | PAREDES DE NAVA | BECERRIL | GRIJOTA | PALENCIA | VENTA DE BAÑOS | DUEÑAS | CUBILLAS DE SANTA MARTA | CORCOS-AGUILAREJO | CABEZÓN DEL PISUERGA | VALLADOLID UNIVERSIDAD | VALLADOLID-CAMPO GRANDE
18002,MD,LEÓN | SAHAGÚN | VILLADA | PAREDES DE NAVA | PALENCIA | VENTA DE BAÑOS | VALLADOLID UNIVERSIDAD | VALLADOLID-CAMPO GRANDE | MEDINA DEL CAMPO | ARÉVALO | ÁVILA | HERRADÓN-LA CAÑADA | NAVALPERAL | LAS NAVAS DEL MARQUÉS | SANTA MARÍA DE LA ALAMEDA-PEGUERINOS | ROBLEDO DE CHAVELA | ZARZALEJO | EL ESCORIAL | VILLALBA DE GUADARRAMA | MADRID-PRÍNCIPE PÍO
18214,REG.EXP.,LEÓN | PALANQUINOS | SANTAS MARTAS | EL BURGO RANERO | SAHAGÚN | GRAJAL | VILLADA | CISNEROS | PAREDES DE NAVA | BECERRIL | GRIJOTA | PALENCIA
18006,MD,LEÓN | SAHAGÚN | VILLADA | PAREDES DE NAVA | PALENCIA | VENTA DE BAÑOS | VALLADOLID-CAMPO GRANDE | MEDINA DEL CAMPO | ARÉVALO | ÁVILA | HERRADÓN-LA CAÑADA | NAVALPERAL | LAS NAVAS DEL MARQUÉS | SANTA MARÍA DE LA ALAMEDA-PEGUERINOS | ROBLEDO DE CHAVELA | ZARZALEJO | EL ESCORIAL | VILLALBA DE GUADARRAMA | MADRID-PRÍNCIPE PÍO
12100,REGIONAL,GIJÓN-SANZ CRESPO | CALZADA DE ASTURIAS | OVIEDO | LLAMAQUIQUE | MIERES-PUENTE | UJO | POLA DE LENA | CAMPOMANES | PUENTE DE LOS FIERROS | LINARES-CONGOSTINAS | BUSDONGO | VILLAMANÍN | SANTA LUCÍA | LA POLA DE GORDÓN | LA ROBLA | LEÓN | PALANQUINOS | EL BURGO RANERO | SAHAGÚN | GRAJAL | VILLADA | PAREDES DE NAVA | BECERRIL | GRIJOTA | PALENCIA | VENTA DE BAÑOS | DUEÑAS | CUBILLAS DE SANTA MARTA | CORCOS-AGUILAREJO | CABEZÓN DEL PISUERGA | VALLADOLID UNIVERSIDAD | VALLADOLID-CAMPO GRANDE
18306,MD,SALAMANCA | MORISCOS | GOMECELLO | PITIEGUA | EL PEDROSO DE LA ARMUÑA | CANTALAPIEDRA | FRESNO EL VIEJO | EL CARPIO | MEDINA DEL CAMPO | POZALDEZ | MATAPOZUELOS | VALDESTILLAS | VIANA | VALLADOLID-CAMPO GRANDE | VALLADOLID UNIVERSIDAD | VENTA DE BAÑOS | PALENCIA
18306,MD,SALAMANCA | MORISCOS | GOMECELLO | PITIEGUA | EL PEDROSO DE LA ARMUÑA | CANTALAPIEDRA | FRESNO EL VIEJO | EL CARPIO | MEDINA DEL CAMPO | POZALDEZ | MATAPOZUELOS | VALDESTILLAS | VIANA | VALLADOLID-CAMPO GRANDE | VALLADOLID UNIVERSIDAD | VENTA DE BAÑOS | PALENCIA
37431,MD,SALAMANCA | CANTALAPIEDRA | FRESNO EL VIEJO | EL CARPIO | MEDINA DEL CAMPO | VALLADOLID-CAMPO GRANDE
00631,Intercity,SALAMANCA | CANTALAPIEDRA | FRESNO EL VIEJO | EL CARPIO | MEDINA DEL CAMPO | VALLADOLID-CAMPO GRANDE | BURGOS-ROSA MANZANO | MIRANDA DE EBRO | VITORIA-GASTEIZ | PAMPLONA/IRUÑA | ZARAGOZA DELICIAS
18306,MD,SALAMANCA | MORISCOS | GOMECELLO | PITIEGUA | EL PEDROSO DE LA ARMUÑA | CANTALAPIEDRA | FRESNO EL VIEJO | EL CARPIO | MEDINA DEL CAMPO | POZALDEZ | MATAPOZUELOS | VALDESTILLAS | VIANA | VALLADOLID-CAMPO GRANDE | VALLADOLID UNIVERSIDAD | VENTA DE BAÑOS | PALENCIA
18312,REG.EXP.,SALAMANCA | GOMECELLO | PITIEGUA | EL PEDROSO DE LA ARMUÑA | CANTALAPIEDRA | FRESNO EL VIEJO | EL CARPIO | CAMPILLO | MEDINA DEL CAMPO | POZALDEZ | MATAPOZUELOS | VALDESTILLAS | VIANA | VALLADOLID-CAMPO GRANDE
18306,MD,SALAMANCA | MORISCOS | GOMECELLO | PITIEGUA | EL PEDROSO DE LA ARMUÑA | CANTALAPIEDRA | FRESNO EL VIEJO | EL CARPIO | MEDINA DEL CAMPO | POZALDEZ | MATAPOZUELOS | VALDESTILLAS | VIANA | VALLADOLID-CAMPO GRANDE | VALLADOLID UNIVERSIDAD | VENTA DE BAÑOS | PALENCIA
18312,REG.EXP.,SALAMANCA | GOMECELLO | PITIEGUA | EL PEDROSO DE LA ARMUÑA | CANTALAPIEDRA | FRESNO EL VIEJO | EL CARPIO | CAMPILLO | MEDINA DEL CAMPO | POZALDEZ | MATAPOZUELOS | VALDESTILLAS | VIANA | VALLADOLID-CAMPO GRANDE
37431,MD,SALAMANCA | CANTALAPIEDRA | FRESNO EL VIEJO | EL CARPIO | MEDINA DEL CAMPO | VALLADOLID-CAMPO GRANDE
00631,Intercity,SALAMANCA | CANTALAPIEDRA | FRESNO EL VIEJO | EL CARPIO | MEDINA DEL CAMPO | VALLADOLID-CAMPO GRANDE | BURGOS-ROSA MANZANO | MIRANDA DE EBRO | VITORIA-GASTEIZ | PAMPLONA/IRUÑA | ZARAGOZA DELICIAS
18306,MD,SALAMANCA | MORISCOS | GOMECELLO | PITIEGUA | EL PEDROSO DE LA ARMUÑA | CANTALAPIEDRA | FRESNO EL VIEJO | EL CARPIO | MEDINA DEL CAMPO | POZALDEZ | MATAPOZUELOS | VALDESTILLAS | VIANA | VALLADOLID-CAMPO GRANDE | VALLADOLID UNIVERSIDAD | VENTA DE BAÑOS | PALENCIA
18312,REG.EXP.,SALAMANCA | GOMECELLO | PITIEGUA | EL PEDROSO DE LA ARMUÑA | CANTALAPIEDRA | FRESNO EL VIEJO | EL CARPIO | CAMPILLO | MEDINA DEL CAMPO | POZALDEZ | MATAPOZUELOS | VALDESTILLAS | VIANA | VALLADOLID-CAMPO GRANDE
18306,MD,SALAMANCA | MORISCOS | GOMECELLO | PITIEGUA | EL PEDROSO DE LA ARMUÑA | CANTALAPIEDRA | FRESNO EL VIEJO | EL CARPIO | MEDINA DEL CAMPO | POZALDEZ | MATAPOZUELOS | VALDESTILLAS | VIANA | VALLADOLID-CAMPO GRANDE | VALLADOLID UNIVERSIDAD | VENTA DE BAÑOS | PALENCIA
18312,REG.EXP.,SALAMANCA | GOMECELLO | PITIEGUA | EL PEDROSO DE LA ARMUÑA | CANTALAPIEDRA | FRESNO EL VIEJO | EL CARPIO | CAMPILLO | MEDINA DEL CAMPO | POZALDEZ | MATAPOZUELOS | VALDESTILLAS | VIANA | VALLADOLID-CAMPO GRANDE
18306,MD,SALAMANCA | MORISCOS | GOMECELLO | PITIEGUA | EL PEDROSO DE LA ARMUÑA | CANTALAPIEDRA | FRESNO EL VIEJO | EL CARPIO | MEDINA DEL CAMPO | POZALDEZ | MATAPOZUELOS | VALDESTILLAS | VIANA | VALLADOLID-CAMPO GRANDE | VALLADOLID UNIVERSIDAD | VENTA DE BAÑOS | PALENCIA
18312,REG.EXP.,SALAMANCA | GOMECELLO | PITIEGUA | EL PEDROSO DE LA ARMUÑA | CANTALAPIEDRA | FRESNO EL VIEJO | EL CARPIO | CAMPILLO | MEDINA DEL CAMPO | POZALDEZ | MATAPOZUELOS | VALDESTILLAS | VIANA | VALLADOLID-CAMPO GRANDE
18306,MD,SALAMANCA | MORISCOS | GOMECELLO | PITIEGUA | EL PEDROSO DE LA ARMUÑA | CANTALAPIEDRA | FRESNO EL VIEJO | EL CARPIO | MEDINA DEL CAMPO | POZALDEZ | MATAPOZUELOS | VALDESTILLAS | VIANA | VALLADOLID-CAMPO GRANDE | VALLADOLID UNIVERSIDAD | VENTA DE BAÑOS | PALENCIA
18306,MD,SALAMANCA | MORISCOS | GOMECELLO | PITIEGUA | EL PEDROSO DE LA ARMUÑA | CANTALAPIEDRA | FRESNO EL VIEJO | EL CARPIO | MEDINA DEL CAMPO | POZALDEZ | MATAPOZUELOS | VALDESTILLAS | VIANA | VALLADOLID-CAMPO GRANDE | VALLADOLID UNIVERSIDAD | VENTA DE BAÑOS | PALENCIA
18312,REG.EXP.,SALAMANCA | GOMECELLO | PITIEGUA | EL PEDROSO DE LA ARMUÑA | CANTALAPIEDRA | FRESNO EL VIEJO | EL CARPIO | CAMPILLO | MEDINA DEL CAMPO | POZALDEZ | MATAPOZUELOS | VALDESTILLAS | VIANA | VALLADOLID-CAMPO GRANDE
18101,REG.EXP.,VALLADOLID-CAMPO GRANDE | VALLADOLID UNIVERSIDAD | CABEZÓN DEL PISUERGA | CORCOS-AGUILAREJO | CUBILLAS DE SANTA MARTA | DUEÑAS | VENTA DE BAÑOS | PALENCIA | EL CARRIÓN | PIÑA | FRÓMISTA | OSORNO | ESPINOSA DE VILLAGONZALO | HERRERA DE PISUERGA | ALAR DEL REY | AGUILAR DE CAMPOO | MATAPORQUERA | REINOSA | BÁRCENA | LOS CORRALES DE BUELNA | TORRELAVEGA | RENEDO | MALIAÑO | VALDECILLA | SANTANDER
18105,REG.EXP.,VALLADOLID-CAMPO GRANDE | VALLADOLID UNIVERSIDAD | CABEZÓN DEL PISUERGA | CORCOS-AGUILAREJO | CUBILLAS DE SANTA MARTA | DUEÑAS | VENTA DE BAÑOS | PALENCIA | MONZÓN DE CAMPOS | EL CARRIÓN | AMUSCO | PIÑA | FRÓMISTA | OSORNO | ESPINOSA DE VILLAGONZALO | HERRERA DE PISUERGA | ALAR DEL REY | MAVE | AGUILAR DE CAMPOO | QUINTANILLA DE LAS TORRES | MATAPORQUERA | REINOSA | BÁRCENA | LOS CORRALES DE BUELNA | TORRELAVEGA | RENEDO | MALIAÑO | VALDECILLA | SANTANDER
18102,REG.EXP.,SANTANDER | VALDECILLA | MALIAÑO | RENEDO | TORRELAVEGA | LOS CORRALES DE BUELNA | BÁRCENA | REINOSA | MATAPORQUERA | QUINTANILLA DE LAS TORRES | AGUILAR DE CAMPOO | MAVE | ALAR DEL REY | HERRERA DE PISUERGA | ESPINOSA DE VILLAGONZALO | OSORNO | FRÓMISTA | PIÑA | AMUSCO | EL CARRIÓN | MONZÓN DE CAMPOS | PALENCIA | VENTA DE BAÑOS | DUEÑAS | CUBILLAS DE SANTA MARTA | CORCOS-AGUILAREJO | CABEZÓN DEL PISUERGA | VALLADOLID UNIVERSIDAD | VALLADOLID-CAMPO GRANDE
18104,REG.EXP.,SANTANDER | VALDECILLA | MALIAÑO | RENEDO | TORRELAVEGA | LOS CORRALES DE BUELNA | BÁRCENA | REINOSA | MATAPORQUERA | AGUILAR DE CAMPOO | ALAR DEL REY | HERRERA DE PISUERGA | ESPINOSA DE VILLAGONZALO | OSORNO | FRÓMISTA | PIÑA | EL CARRIÓN | PALENCIA | VENTA DE BAÑOS | VALLADOLID UNIVERSIDAD | VALLADOLID-CAMPO GRANDE
18102,REG.EXP.,SANTANDER | VALDECILLA | MALIAÑO | RENEDO | TORRELAVEGA | LOS CORRALES DE BUELNA | BÁRCENA | REINOSA | MATAPORQUERA | QUINTANILLA DE LAS TORRES | AGUILAR DE CAMPOO | MAVE | ALAR DEL REY | HERRERA DE PISUERGA | ESPINOSA DE VILLAGONZALO | OSORNO | FRÓMISTA | PIÑA | AMUSCO | EL CARRIÓN | MONZÓN DE CAMPOS | PALENCIA | VENTA DE BAÑOS | DUEÑAS | CUBILLAS DE SANTA MARTA | CORCOS-AGUILAREJO | CABEZÓN DEL PISUERGA | VALLADOLID UNIVERSIDAD | VALLADOLID-CAMPO GRANDE
18104,REG.EXP.,SANTANDER | VALDECILLA | MALIAÑO | RENEDO | TORRELAVEGA | LOS CORRALES DE BUELNA | BÁRCENA | REINOSA | MATAPORQUERA | AGUILAR DE CAMPOO | ALAR DEL REY | HERRERA DE PISUERGA | ESPINOSA DE VILLAGONZALO | OSORNO | FRÓMISTA | PIÑA | EL CARRIÓN | PALENCIA | VENTA DE BAÑOS | VALLADOLID UNIVERSIDAD | VALLADOLID-CAMPO GRANDE
18102,REG.EXP.,SANTANDER | VALDECILLA | MALIAÑO | RENEDO | TORRELAVEGA | LOS CORRALES DE BUELNA | BÁRCENA | REINOSA | MATAPORQUERA | QUINTANILLA DE LAS TORRES | AGUILAR DE CAMPOO | MAVE | ALAR DEL REY | HERRERA DE PISUERGA | ESPINOSA DE VILLAGONZALO | OSORNO | FRÓMISTA | PIÑA | AMUSCO | EL CARRIÓN | MONZÓN DE CAMPOS | PALENCIA | VENTA DE BAÑOS | DUEÑAS | CUBILLAS DE SANTA MARTA | CORCOS-AGUILAREJO | CABEZÓN DEL PISUERGA | VALLADOLID UNIVERSIDAD | VALLADOLID-CAMPO GRANDE
18101,REG.EXP.,VALLADOLID-CAMPO GRANDE | VALLADOLID UNIVERSIDAD | CABEZÓN DEL PISUERGA | CORCOS-AGUILAREJO | CUBILLAS DE SANTA MARTA | DUEÑAS | VENTA DE BAÑOS | PALENCIA | EL CARRIÓN | PIÑA | FRÓMISTA | OSORNO | ESPINOSA DE VILLAGONZALO | HERRERA DE PISUERGA | ALAR DEL REY | AGUILAR DE CAMPOO | MATAPORQUERA | REINOSA | BÁRCENA | LOS CORRALES DE BUELNA | TORRELAVEGA | RENEDO | MALIAÑO | VALDECILLA | SANTANDER
18105,REG.EXP.,VALLADOLID-CAMPO GRANDE | VALLADOLID UNIVERSIDAD | CABEZÓN DEL PISUERGA | CORCOS-AGUILAREJO | CUBILLAS DE SANTA MARTA | DUEÑAS | VENTA DE BAÑOS | PALENCIA | MONZÓN DE CAMPOS | EL CARRIÓN | AMUSCO | PIÑA | FRÓMISTA | OSORNO | ESPINOSA DE VILLAGONZALO | HERRERA DE PISUERGA | ALAR DEL REY | MAVE | AGUILAR DE CAMPOO | QUINTANILLA DE LAS TORRES | MATAPORQUERA | REINOSA | BÁRCENA | LOS CORRALES DE BUELNA | TORRELAVEGA | RENEDO | MALIAÑO | VALDECILLA | SANTANDER
18102,REG.EXP.,SANTANDER | VALDECILLA | MALIAÑO | RENEDO | TORRELAVEGA | LOS CORRALES DE BUELNA | BÁRCENA | REINOSA | MATAPORQUERA | QUINTANILLA DE LAS TORRES | AGUILAR DE CAMPOO | MAVE | ALAR DEL REY | HERRERA DE PISUERGA | ESPINOSA DE VILLAGONZALO | OSORNO | FRÓMISTA | PIÑA | AMUSCO | EL CARRIÓN | MONZÓN DE CAMPOS | PALENCIA | VENTA DE BAÑOS | DUEÑAS | CUBILLAS DE SANTA MARTA | CORCOS-AGUILAREJO | CABEZÓN DEL PISUERGA | VALLADOLID UNIVERSIDAD | VALLADOLID-CAMPO GRANDE
18102,REG.EXP.,SANTANDER | VALDECILLA | MALIAÑO | RENEDO | TORRELAVEGA | LOS CORRALES DE BUELNA | BÁRCENA | REINOSA | MATAPORQUERA | QUINTANILLA DE LAS TORRES | AGUILAR DE CAMPOO | MAVE | ALAR DEL REY | HERRERA DE PISUERGA | ESPINOSA DE VILLAGONZALO | OSORNO | FRÓMISTA | PIÑA | AMUSCO | EL CARRIÓN | MONZÓN DE CAMPOS | PALENCIA | VENTA DE BAÑOS | DUEÑAS | CUBILLAS DE SANTA MARTA | CORCOS-AGUILAREJO | CABEZÓN DEL PISUERGA | VALLADOLID UNIVERSIDAD | VALLADOLID-CAMPO GRANDE
18104,REG.EXP.,SANTANDER | VALDECILLA | MALIAÑO | RENEDO | TORRELAVEGA | LOS CORRALES DE BUELNA | BÁRCENA | REINOSA | MATAPORQUERA | AGUILAR DE CAMPOO | ALAR DEL REY | HERRERA DE PISUERGA | ESPINOSA DE VILLAGONZALO | OSORNO | FRÓMISTA | PIÑA | EL CARRIÓN | PALENCIA | VENTA DE BAÑOS | VALLADOLID UNIVERSIDAD | VALLADOLID-CAMPO GRANDE
18102,REG.EXP.,SANTANDER | VALDECILLA | MALIAÑO | RENEDO | TORRELAVEGA | LOS CORRALES DE BUELNA | BÁRCENA | REINOSA | MATAPORQUERA | QUINTANILLA DE LAS TORRES | AGUILAR DE CAMPOO | MAVE | ALAR DEL REY | HERRERA DE PISUERGA | ESPINOSA DE VILLAGONZALO | OSORNO | FRÓMISTA | PIÑA | AMUSCO | EL CARRIÓN | MONZÓN DE CAMPOS | PALENCIA | VENTA DE BAÑOS | DUEÑAS | CUBILLAS DE SANTA MARTA | CORCOS-AGUILAREJO | CABEZÓN DEL PISUERGA | VALLADOLID UNIVERSIDAD | VALLADOLID-CAMPO GRANDE
18104,REG.EXP.,SANTANDER | VALDECILLA | MALIAÑO | RENEDO | TORRELAVEGA | LOS CORRALES DE BUELNA | BÁRCENA | REINOSA | MATAPORQUERA | AGUILAR DE CAMPOO | ALAR DEL REY | HERRERA DE PISUERGA | ESPINOSA DE VILLAGONZALO | OSORNO | FRÓMISTA | PIÑA | EL CARRIÓN | PALENCIA | VENTA DE BAÑOS | VALLADOLID UNIVERSIDAD | VALLADOLID-CAMPO GRANDE
18102,REG.EXP.,SANTANDER | VALDECILLA | MALIAÑO | RENEDO | TORRELAVEGA | LOS CORRALES DE BUELNA | BÁRCENA | REINOSA | MATAPORQUERA | QUINTANILLA DE LAS TORRES | AGUILAR DE CAMPOO | MAVE | ALAR DEL REY | HERRERA DE PISUERGA | ESPINOSA DE VILLAGONZALO | OSORNO | FRÓMISTA | PIÑA | AMUSCO | EL CARRIÓN | MONZÓN DE CAMPOS | PALENCIA | VENTA DE BAÑOS | DUEÑAS | CUBILLAS DE SANTA MARTA | CORCOS-AGUILAREJO | CABEZÓN DEL PISUERGA | VALLADOLID UNIVERSIDAD | VALLADOLID-CAMPO GRANDE
18105,REG.EXP.,VALLADOLID-CAMPO GRANDE | VALLADOLID UNIVERSIDAD | CABEZÓN DEL PISUERGA | CORCOS-AGUILAREJO | CUBILLAS DE SANTA MARTA | DUEÑAS | VENTA DE BAÑOS | PALENCIA | MONZÓN DE CAMPOS | EL CARRIÓN | AMUSCO | PIÑA | FRÓMISTA | OSORNO | ESPINOSA DE VILLAGONZALO | HERRERA DE PISUERGA | ALAR DEL REY | MAVE | AGUILAR DE CAMPOO | QUINTANILLA DE LAS TORRES | MATAPORQUERA | REINOSA | BÁRCENA | LOS CORRALES DE BUELNA | TORRELAVEGA | RENEDO | MALIAÑO | VALDECILLA | SANTANDER
18102,REG.EXP.,SANTANDER | VALDECILLA | MALIAÑO | RENEDO | TORRELAVEGA | LOS CORRALES DE BUELNA | BÁRCENA | REINOSA | MATAPORQUERA | QUINTANILLA DE LAS TORRES | AGUILAR DE CAMPOO | MAVE | ALAR DEL REY | HERRERA DE PISUERGA | ESPINOSA DE VILLAGONZALO | OSORNO | FRÓMISTA | PIÑA | AMUSCO | EL CARRIÓN | MONZÓN DE CAMPOS | PALENCIA | VENTA DE BAÑOS | DUEÑAS | CUBILLAS DE SANTA MARTA | CORCOS-AGUILAREJO | CABEZÓN DEL PISUERGA | VALLADOLID UNIVERSIDAD | VALLADOLID-CAMPO GRANDE
18104,REG.EXP.,SANTANDER | VALDECILLA | MALIAÑO | RENEDO | TORRELAVEGA | LOS CORRALES DE BUELNA | BÁRCENA | REINOSA | MATAPORQUERA | AGUILAR DE CAMPOO | ALAR DEL REY | HERRERA DE PISUERGA | ESPINOSA DE VILLAGONZALO | OSORNO | FRÓMISTA | PIÑA | EL CARRIÓN | PALENCIA | VENTA DE BAÑOS | VALLADOLID UNIVERSIDAD | VALLADOLID-CAMPO GRANDE
18102,REG.EXP.,SANTANDER | VALDECILLA | MALIAÑO | RENEDO | TORRELAVEGA | LOS CORRALES DE BUELNA | BÁRCENA | REINOSA | MATAPORQUERA | QUINTANILLA DE LAS TORRES | AGUILAR DE CAMPOO | MAVE | ALAR DEL REY | HERRERA DE PISUERGA | ESPINOSA DE VILLAGONZALO | OSORNO | FRÓMISTA | PIÑA | AMUSCO | EL CARRIÓN | MONZÓN DE CAMPOS | PALENCIA | VENTA DE BAÑOS | DUEÑAS | CUBILLAS DE SANTA MARTA | CORCOS-AGUILAREJO | CABEZÓN DEL PISUERGA | VALLADOLID UNIVERSIDAD | VALLADOLID-CAMPO GRANDE
18102,REG.EXP.,SANTANDER | VALDECILLA | MALIAÑO | RENEDO | TORRELAVEGA | LOS CORRALES DE BUELNA | BÁRCENA | REINOSA | MATAPORQUERA | QUINTANILLA DE LAS TORRES | AGUILAR DE CAMPOO | MAVE | ALAR DEL REY | HERRERA DE PISUERGA | ESPINOSA DE VILLAGONZALO | OSORNO | FRÓMISTA | PIÑA | AMUSCO | EL CARRIÓN | MONZÓN DE CAMPOS | PALENCIA | VENTA DE BAÑOS | DUEÑAS | CUBILLAS DE SANTA MARTA | CORCOS-AGUILAREJO | CABEZÓN DEL PISUERGA | VALLADOLID UNIVERSIDAD | VALLADOLID-CAMPO GRANDE
18102,REG.EXP.,SANTANDER | VALDECILLA | MALIAÑO | RENEDO | TORRELAVEGA | LOS CORRALES DE BUELNA | BÁRCENA | REINOSA | MATAPORQUERA | QUINTANILLA DE LAS TORRES | AGUILAR DE CAMPOO | MAVE | ALAR DEL REY | HERRERA DE PISUERGA | ESPINOSA DE VILLAGONZALO | OSORNO | FRÓMISTA | PIÑA | AMUSCO | EL CARRIÓN | MONZÓN DE CAMPOS | PALENCIA | VENTA DE BAÑOS | DUEÑAS | CUBILLAS DE SANTA MARTA | CORCOS-AGUILAREJO | CABEZÓN DEL PISUERGA | VALLADOLID UNIVERSIDAD | VALLADOLID-CAMPO GRANDE
18104,REG.EXP.,SANTANDER | VALDECILLA | MALIAÑO | RENEDO | TORRELAVEGA | LOS CORRALES DE BUELNA | BÁRCENA | REINOSA | MATAPORQUERA | AGUILAR DE CAMPOO | ALAR DEL REY | HERRERA DE PISUERGA | ESPINOSA DE VILLAGONZALO | OSORNO | FRÓMISTA | PIÑA | EL CARRIÓN | PALENCIA | VENTA DE BAÑOS | VALLADOLID UNIVERSIDAD | VALLADOLID-CAMPO GRANDE
18101,REG.EXP.,VALLADOLID-CAMPO GRANDE | VALLADOLID UNIVERSIDAD | CABEZÓN DEL PISUERGA | CORCOS-AGUILAREJO | CUBILLAS DE SANTA MARTA | DUEÑAS | VENTA DE BAÑOS | PALENCIA | EL CARRIÓN | PIÑA | FRÓMISTA | OSORNO | ESPINOSA DE VILLAGONZALO | HERRERA DE PISUERGA | ALAR DEL REY | AGUILAR DE CAMPOO | MATAPORQUERA | REINOSA | BÁRCENA | LOS CORRALES DE BUELNA | TORRELAVEGA | RENEDO | MALIAÑO | VALDECILLA | SANTANDER
18105,REG.EXP.,VALLADOLID-CAMPO GRANDE | VALLADOLID UNIVERSIDAD | CABEZÓN DEL PISUERGA | CORCOS-AGUILAREJO | CUBILLAS DE SANTA MARTA | DUEÑAS | VENTA DE BAÑOS | PALENCIA | MONZÓN DE CAMPOS | EL CARRIÓN | AMUSCO | PIÑA | FRÓMISTA | OSORNO | ESPINOSA DE VILLAGONZALO | HERRERA DE PISUERGA | ALAR DEL REY | MAVE | AGUILAR DE CAMPOO | QUINTANILLA DE LAS TORRES | MATAPORQUERA | REINOSA | BÁRCENA | LOS CORRALES DE BUELNA | TORRELAVEGA | RENEDO | MALIAÑO | VALDECILLA | SANTANDER
18102,REG.EXP.,SANTANDER | VALDECILLA | MALIAÑO | RENEDO | TORRELAVEGA | LOS CORRALES DE BUELNA | BÁRCENA | REINOSA | MATAPORQUERA | QUINTANILLA DE LAS TORRES | AGUILAR DE CAMPOO | MAVE | ALAR DEL REY | HERRERA DE PISUERGA | ESPINOSA DE VILLAGONZALO | OSORNO | FRÓMISTA | PIÑA | AMUSCO | EL CARRIÓN | MONZÓN DE CAMPOS | PALENCIA | VENTA DE BAÑOS | DUEÑAS | CUBILLAS DE SANTA MARTA | CORCOS-AGUILAREJO | CABEZÓN DEL PISUERGA | VALLADOLID UNIVERSIDAD | VALLADOLID-CAMPO GRANDE
18104,REG.EXP.,SANTANDER | VALDECILLA | MALIAÑO | RENEDO | TORRELAVEGA | LOS CORRALES DE BUELNA | BÁRCENA | REINOSA | MATAPORQUERA | AGUILAR DE CAMPOO | ALAR DEL REY | HERRERA DE PISUERGA | ESPINOSA DE VILLAGONZALO | OSORNO | FRÓMISTA | PIÑA | EL CARRIÓN | PALENCIA | VENTA DE BAÑOS | VALLADOLID UNIVERSIDAD | VALLADOLID-CAMPO GRANDE
18105,REG.EXP.,VALLADOLID-CAMPO GRANDE | VALLADOLID UNIVERSIDAD | CABEZÓN DEL PISUERGA | CORCOS-AGUILAREJO | CUBILLAS DE SANTA MARTA | DUEÑAS | VENTA DE BAÑOS | PALENCIA | MONZÓN DE CAMPOS | EL CARRIÓN | AMUSCO | PIÑA | FRÓMISTA | OSORNO | ESPINOSA DE VILLAGONZALO | HERRERA DE PISUERGA | ALAR DEL REY | MAVE | AGUILAR DE CAMPOO | QUINTANILLA DE LAS TORRES | MATAPORQUERA | REINOSA | BÁRCENA | LOS CORRALES DE BUELNA | TORRELAVEGA | RENEDO | MALIAÑO | VALDECILLA | SANTANDER
18102,REG.EXP.,SANTANDER | VALDECILLA | MALIAÑO | RENEDO | TORRELAVEGA | LOS CORRALES DE BUELNA | BÁRCENA | REINOSA | MATAPORQUERA | QUINTANILLA DE LAS TORRES | AGUILAR DE CAMPOO | MAVE | ALAR DEL REY | HERRERA DE PISUERGA | ESPINOSA DE VILLAGONZALO | OSORNO | FRÓMISTA | PIÑA | AMUSCO | EL CARRIÓN | MONZÓN DE CAMPOS | PALENCIA | VENTA DE BAÑOS | DUEÑAS | CUBILLAS DE SANTA MARTA | CORCOS-AGUILAREJO | CABEZÓN DEL PISUERGA | VALLADOLID UNIVERSIDAD | VALLADOLID-CAMPO GRANDE
18104,REG.EXP.,SANTANDER | VALDECILLA | MALIAÑO | RENEDO | TORRELAVEGA | LOS CORRALES DE BUELNA | BÁRCENA | REINOSA | MATAPORQUERA | AGUILAR DE CAMPOO | ALAR DEL REY | HERRERA DE PISUERGA | ESPINOSA DE VILLAGONZALO | OSORNO | FRÓMISTA | PIÑA | EL CARRIÓN | PALENCIA | VENTA DE BAÑOS | VALLADOLID UNIVERSIDAD | VALLADOLID-CAMPO GRANDE
18101,REG.EXP.,VALLADOLID-CAMPO GRANDE | VALLADOLID UNIVERSIDAD | CABEZÓN DEL PISUERGA | CORCOS-AGUILAREJO | CUBILLAS DE SANTA MARTA | DUEÑAS | VENTA DE BAÑOS | PALENCIA | EL CARRIÓN | PIÑA | FRÓMISTA | OSORNO | ESPINOSA DE VILLAGONZALO | HERRERA DE PISUERGA | ALAR DEL REY | AGUILAR DE CAMPOO | MATAPORQUERA | REINOSA | BÁRCENA | LOS CORRALES DE BUELNA | TORRELAVEGA | RENEDO | MALIAÑO | VALDECILLA | SANTANDER
18105,REG.EXP.,VALLADOLID-CAMPO GRANDE | VALLADOLID UNIVERSIDAD | CABEZÓN DEL PISUERGA | CORCOS-AGUILAREJO | CUBILLAS DE SANTA MARTA | DUEÑAS | VENTA DE BAÑOS | PALENCIA | MONZÓN DE CAMPOS | EL CARRIÓN | AMUSCO | PIÑA | FRÓMISTA | OSORNO | ESPINOSA DE VILLAGONZALO | HERRERA DE PISUERGA | ALAR DEL REY | MAVE | AGUILAR DE CAMPOO | QUINTANILLA DE LAS TORRES | MATAPORQUERA | REINOSA | BÁRCENA | LOS CORRALES DE BUELNA | TORRELAVEGA | RENEDO | MALIAÑO | VALDECILLA | SANTANDER
18102,REG.EXP.,SANTANDER | VALDECILLA | MALIAÑO | RENEDO | TORRELAVEGA | LOS CORRALES DE BUELNA | BÁRCENA | REINOSA | MATAPORQUERA | QUINTANILLA DE LAS TORRES | AGUILAR DE CAMPOO | MAVE | ALAR DEL REY | HERRERA DE PISUERGA | ESPINOSA DE VILLAGONZALO | OSORNO | FRÓMISTA | PIÑA | AMUSCO | EL CARRIÓN | MONZÓN DE CAMPOS | PALENCIA | VENTA DE BAÑOS | DUEÑAS | CUBILLAS DE SANTA MARTA | CORCOS-AGUILAREJO | CABEZÓN DEL PISUERGA | VALLADOLID UNIVERSIDAD | VALLADOLID-CAMPO GRANDE
18104,REG.EXP.,SANTANDER | VALDECILLA | MALIAÑO | RENEDO | TORRELAVEGA | LOS CORRALES DE BUELNA | BÁRCENA | REINOSA | MATAPORQUERA | AGUILAR DE CAMPOO | ALAR DEL REY | HERRERA DE PISUERGA | ESPINOSA DE VILLAGONZALO | OSORNO | FRÓMISTA | PIÑA | EL CARRIÓN | PALENCIA | VENTA DE BAÑOS | VALLADOLID UNIVERSIDAD | VALLADOLID-CAMPO GRANDE
18102,REG.EXP.,SANTANDER | VALDECILLA | MALIAÑO | RENEDO | TORRELAVEGA | LOS CORRALES DE BUELNA | BÁRCENA | REINOSA | MATAPORQUERA | QUINTANILLA DE LAS TORRES | AGUILAR DE CAMPOO | MAVE | ALAR DEL REY | HERRERA DE PISUERGA | ESPINOSA DE VILLAGONZALO | OSORNO | FRÓMISTA | PIÑA | AMUSCO | EL CARRIÓN | MONZÓN DE CAMPOS | PALENCIA | VENTA DE BAÑOS | DUEÑAS | CUBILLAS DE SANTA MARTA | CORCOS-AGUILAREJO | CABEZÓN DEL PISUERGA | VALLADOLID UNIVERSIDAD | VALLADOLID-CAMPO GRANDE
18104,REG.EXP.,SANTANDER | VALDECILLA | MALIAÑO | RENEDO | TORRELAVEGA | LOS CORRALES DE BUELNA | BÁRCENA | REINOSA | MATAPORQUERA | AGUILAR DE CAMPOO | ALAR DEL REY | HERRERA DE PISUERGA | ESPINOSA DE VILLAGONZALO | OSORNO | FRÓMISTA | PIÑA | EL CARRIÓN | PALENCIA | VENTA DE BAÑOS | VALLADOLID UNIVERSIDAD | VALLADOLID-CAMPO GRANDE
18102,REG.EXP.,SANTANDER | VALDECILLA | MALIAÑO | RENEDO | TORRELAVEGA | LOS CORRALES DE BUELNA | BÁRCENA | REINOSA | MATAPORQUERA | QUINTANILLA DE LAS TORRES | AGUILAR DE CAMPOO | MAVE | ALAR DEL REY | HERRERA DE PISUERGA | ESPINOSA DE VILLAGONZALO | OSORNO | FRÓMISTA | PIÑA | AMUSCO | EL CARRIÓN | MONZÓN DE CAMPOS | PALENCIA | VENTA DE BAÑOS | DUEÑAS | CUBILLAS DE SANTA MARTA | CORCOS-AGUILAREJO | CABEZÓN DEL PISUERGA | VALLADOLID UNIVERSIDAD | VALLADOLID-CAMPO GRANDE
18101,REG.EXP.,VALLADOLID-CAMPO GRANDE | VALLADOLID UNIVERSIDAD | CABEZÓN DEL PISUERGA | CORCOS-AGUILAREJO | CUBILLAS DE SANTA MARTA | DUEÑAS | VENTA DE BAÑOS | PALENCIA | EL CARRIÓN | PIÑA | FRÓMISTA | OSORNO | ESPINOSA DE VILLAGONZALO | HERRERA DE PISUERGA | ALAR DEL REY | AGUILAR DE CAMPOO | MATAPORQUERA | REINOSA | BÁRCENA | LOS CORRALES DE BUELNA | TORRELAVEGA | RENEDO | MALIAÑO | VALDECILLA | SANTANDER
18105,REG.EXP.,VALLADOLID-CAMPO GRANDE | VALLADOLID UNIVERSIDAD | CABEZÓN DEL PISUERGA | CORCOS-AGUILAREJO | CUBILLAS DE SANTA MARTA | DUEÑAS | VENTA DE BAÑOS | PALENCIA | MONZÓN DE CAMPOS | EL CARRIÓN | AMUSCO | PIÑA | FRÓMISTA | OSORNO | ESPINOSA DE VILLAGONZALO | HERRERA DE PISUERGA | ALAR DEL REY | MAVE | AGUILAR DE CAMPOO | QUINTANILLA DE LAS TORRES | MATAPORQUERA | REINOSA | BÁRCENA | LOS CORRALES DE BUELNA | TORRELAVEGA | RENEDO | MALIAÑO | VALDECILLA | SANTANDER
18102,REG.EXP.,SANTANDER | VALDECILLA | MALIAÑO | RENEDO | TORRELAVEGA | LOS CORRALES DE BUELNA | BÁRCENA | REINOSA | MATAPORQUERA | QUINTANILLA DE LAS TORRES | AGUILAR DE CAMPOO | MAVE | ALAR DEL REY | HERRERA DE PISUERGA | ESPINOSA DE VILLAGONZALO | OSORNO | FRÓMISTA | PIÑA | AMUSCO | EL CARRIÓN | MONZÓN DE CAMPOS | PALENCIA | VENTA DE BAÑOS | DUEÑAS | CUBILLAS DE SANTA MARTA | CORCOS-AGUILAREJO | CABEZÓN DEL PISUERGA | VALLADOLID UNIVERSIDAD | VALLADOLID-CAMPO GRANDE
18102,REG.EXP.,SANTANDER | VALDECILLA | MALIAÑO | RENEDO | TORRELAVEGA | LOS CORRALES DE BUELNA | BÁRCENA | REINOSA | MATAPORQUERA | QUINTANILLA DE LAS TORRES | AGUILAR DE CAMPOO | MAVE | ALAR DEL REY | HERRERA DE PISUERGA | ESPINOSA DE VILLAGONZALO | OSORNO | FRÓMISTA | PIÑA | AMUSCO | EL CARRIÓN | MONZÓN DE CAMPOS | PALENCIA | VENTA DE BAÑOS | DUEÑAS | CUBILLAS DE SANTA MARTA | CORCOS-AGUILAREJO | CABEZÓN DEL PISUERGA | VALLADOLID UNIVERSIDAD | VALLADOLID-CAMPO GRANDE
18104,REG.EXP.,SANTANDER | VALDECILLA | MALIAÑO | RENEDO | TORRELAVEGA | LOS CORRALES DE BUELNA | BÁRCENA | REINOSA | MATAPORQUERA | AGUILAR DE CAMPOO | ALAR DEL REY | HERRERA DE PISUERGA | ESPINOSA DE VILLAGONZALO | OSORNO | FRÓMISTA | PIÑA | EL CARRIÓN | PALENCIA | VENTA DE BAÑOS | VALLADOLID UNIVERSIDAD | VALLADOLID-CAMPO GRANDE
18102,REG.EXP.,SANTANDER | VALDECILLA | MALIAÑO | RENEDO | TORRELAVEGA | LOS CORRALES DE BUELNA | BÁRCENA | REINOSA | MATAPORQUERA | QUINTANILLA DE LAS TORRES | AGUILAR DE CAMPOO | MAVE | ALAR DEL REY | HERRERA DE PISUERGA | ESPINOSA DE VILLAGONZALO | OSORNO | FRÓMISTA | PIÑA | AMUSCO | EL CARRIÓN | MONZÓN DE CAMPOS | PALENCIA | VENTA DE BAÑOS | DUEÑAS | CUBILLAS DE SANTA MARTA | CORCOS-AGUILAREJO | CABEZÓN DEL PISUERGA | VALLADOLID UNIVERSIDAD | VALLADOLID-CAMPO GRANDE
18104,REG.EXP.,SANTANDER | VALDECILLA | MALIAÑO | RENEDO | TORRELAVEGA | LOS CORRALES DE BUELNA | BÁRCENA | REINOSA | MATAPORQUERA | AGUILAR DE CAMPOO | ALAR DEL REY | HERRERA DE PISUERGA | ESPINOSA DE VILLAGONZALO | OSORNO | FRÓMISTA | PIÑA | EL CARRIÓN | PALENCIA | VENTA DE BAÑOS | VALLADOLID UNIVERSIDAD | VALLADOLID-CAMPO GRANDE
18102,REG.EXP.,SANTANDER | VALDECILLA | MALIAÑO | RENEDO | TORRELAVEGA | LOS CORRALES DE BUELNA | BÁRCENA | REINOSA | MATAPORQUERA | QUINTANILLA DE LAS TORRES | AGUILAR DE CAMPOO | MAVE | ALAR DEL REY | HERRERA DE PISUERGA | ESPINOSA DE VILLAGONZALO | OSORNO | FRÓMISTA | PIÑA | AMUSCO | EL CARRIÓN | MONZÓN DE CAMPOS | PALENCIA | VENTA DE BAÑOS | DUEÑAS | CUBILLAS DE SANTA MARTA | CORCOS-AGUILAREJO | CABEZÓN DEL PISUERGA | VALLADOLID UNIVERSIDAD | VALLADOLID-CAMPO GRANDE
18105,REG.EXP.,VALLADOLID-CAMPO GRANDE | VALLADOLID UNIVERSIDAD | CABEZÓN DEL PISUERGA | CORCOS-AGUILAREJO | CUBILLAS DE SANTA MARTA | DUEÑAS | VENTA DE BAÑOS | PALENCIA | MONZÓN DE CAMPOS | EL CARRIÓN | AMUSCO | PIÑA | FRÓMISTA | OSORNO | ESPINOSA DE VILLAGONZALO | HERRERA DE PISUERGA | ALAR DEL REY | MAVE | AGUILAR DE CAMPOO | QUINTANILLA DE LAS TORRES | MATAPORQUERA | REINOSA | BÁRCENA | LOS CORRALES DE BUELNA | TORRELAVEGA | RENEDO | MALIAÑO | VALDECILLA | SANTANDER
18101,REG.EXP.,VALLADOLID-CAMPO GRANDE | VALLADOLID UNIVERSIDAD | CABEZÓN DEL PISUERGA | CORCOS-AGUILAREJO | CUBILLAS DE SANTA MARTA | DUEÑAS | VENTA DE BAÑOS | PALENCIA | EL CARRIÓN | PIÑA | FRÓMISTA | OSORNO | ESPINOSA DE VILLAGONZALO | HERRERA DE PISUERGA | ALAR DEL REY | AGUILAR DE CAMPOO | MATAPORQUERA | REINOSA | BÁRCENA | LOS CORRALES DE BUELNA | TORRELAVEGA | RENEDO | MALIAÑO | VALDECILLA | SANTANDER
18105,REG.EXP.,VALLADOLID-CAMPO GRANDE | VALLADOLID UNIVERSIDAD | CABEZÓN DEL PISUERGA | CORCOS-AGUILAREJO | CUBILLAS DE SANTA MARTA | DUEÑAS | VENTA DE BAÑOS | PALENCIA | MONZÓN DE CAMPOS | EL CARRIÓN | AMUSCO | PIÑA | FRÓMISTA | OSORNO | ESPINOSA DE VILLAGONZALO | HERRERA DE PISUERGA | ALAR DEL REY | MAVE | AGUILAR DE CAMPOO | QUINTANILLA DE LAS TORRES | MATAPORQUERA | REINOSA | BÁRCENA | LOS CORRALES DE BUELNA | TORRELAVEGA | RENEDO | MALIAÑO | VALDECILLA | SANTANDER
18102,REG.EXP.,SANTANDER | VALDECILLA | MALIAÑO | RENEDO | TORRELAVEGA | LOS CORRALES DE BUELNA | BÁRCENA | REINOSA | MATAPORQUERA | QUINTANILLA DE LAS TORRES | AGUILAR DE CAMPOO | MAVE | ALAR DEL REY | HERRERA DE PISUERGA | ESPINOSA DE VILLAGONZALO | OSORNO | FRÓMISTA | PIÑA | AMUSCO | EL CARRIÓN | MONZÓN DE CAMPOS | PALENCIA | VENTA DE BAÑOS | DUEÑAS | CUBILLAS DE SANTA MARTA | CORCOS-AGUILAREJO | CABEZÓN DEL PISUERGA | VALLADOLID UNIVERSIDAD | VALLADOLID-CAMPO GRANDE
18102,REG.EXP.,SANTANDER | VALDECILLA | MALIAÑO | RENEDO | TORRELAVEGA | LOS CORRALES DE BUELNA | BÁRCENA | REINOSA | MATAPORQUERA | QUINTANILLA DE LAS TORRES | AGUILAR DE CAMPOO | MAVE | ALAR DEL REY | HERRERA DE PISUERGA | ESPINOSA DE VILLAGONZALO | OSORNO | FRÓMISTA | PIÑA | AMUSCO | EL CARRIÓN | MONZÓN DE CAMPOS | PALENCIA | VENTA DE BAÑOS | DUEÑAS | CUBILLAS DE SANTA MARTA | CORCOS-AGUILAREJO | CABEZÓN DEL PISUERGA | VALLADOLID UNIVERSIDAD | VALLADOLID-CAMPO GRANDE
18102,REG.EXP.,SANTANDER | VALDECILLA | MALIAÑO | RENEDO | TORRELAVEGA | LOS CORRALES DE BUELNA | BÁRCENA | REINOSA | MATAPORQUERA | QUINTANILLA DE LAS TORRES | AGUILAR DE CAMPOO | MAVE | ALAR DEL REY | HERRERA DE PISUERGA | ESPINOSA DE VILLAGONZALO | OSORNO | FRÓMISTA | PIÑA | AMUSCO | EL CARRIÓN | MONZÓN DE CAMPOS | PALENCIA | VENTA DE BAÑOS | DUEÑAS | CUBILLAS DE SANTA MARTA | CORCOS-AGUILAREJO | CABEZÓN DEL PISUERGA | VALLADOLID UNIVERSIDAD | VALLADOLID-CAMPO GRANDE
18104,REG.EXP.,SANTANDER | VALDECILLA | MALIAÑO | RENEDO | TORRELAVEGA | LOS CORRALES DE BUELNA | BÁRCENA | REINOSA | MATAPORQUERA | AGUILAR DE CAMPOO | ALAR DEL REY | HERRERA DE PISUERGA | ESPINOSA DE VILLAGONZALO | OSORNO | FRÓMISTA | PIÑA | EL CARRIÓN | PALENCIA | VENTA DE BAÑOS | VALLADOLID UNIVERSIDAD | VALLADOLID-CAMPO GRANDE
18101,REG.EXP.,VALLADOLID-CAMPO GRANDE | VALLADOLID UNIVERSIDAD | CABEZÓN DEL PISUERGA | CORCOS-AGUILAREJO | CUBILLAS DE SANTA MARTA | DUEÑAS | VENTA DE BAÑOS | PALENCIA | EL CARRIÓN | PIÑA | FRÓMISTA | OSORNO | ESPINOSA DE VILLAGONZALO | HERRERA DE PISUERGA | ALAR DEL REY | AGUILAR DE CAMPOO | MATAPORQUERA | REINOSA | BÁRCENA | LOS CORRALES DE BUELNA | TORRELAVEGA | RENEDO | MALIAÑO | VALDECILLA | SANTANDER
18105,REG.EXP.,VALLADOLID-CAMPO GRANDE | VALLADOLID UNIVERSIDAD | CABEZÓN DEL PISUERGA | CORCOS-AGUILAREJO | CUBILLAS DE SANTA MARTA | DUEÑAS | VENTA DE BAÑOS | PALENCIA | MONZÓN DE CAMPOS | EL CARRIÓN | AMUSCO | PIÑA | FRÓMISTA | OSORNO | ESPINOSA DE VILLAGONZALO | HERRERA DE PISUERGA | ALAR DEL REY | MAVE | AGUILAR DE CAMPOO | QUINTANILLA DE LAS TORRES | MATAPORQUERA | REINOSA | BÁRCENA | LOS CORRALES DE BUELNA | TORRELAVEGA | RENEDO | MALIAÑO | VALDECILLA | SANTANDER
18102,REG.EXP.,SANTANDER | VALDECILLA | MALIAÑO | RENEDO | TORRELAVEGA | LOS CORRALES DE BUELNA | BÁRCENA | REINOSA | MATAPORQUERA | QUINTANILLA DE LAS TORRES | AGUILAR DE CAMPOO | MAVE | ALAR DEL REY | HERRERA DE PISUERGA | ESPINOSA DE VILLAGONZALO | OSORNO | FRÓMISTA | PIÑA | AMUSCO | EL CARRIÓN | MONZÓN DE CAMPOS | PALENCIA | VENTA DE BAÑOS | DUEÑAS | CUBILLAS DE SANTA MARTA | CORCOS-AGUILAREJO | CABEZÓN DEL PISUERGA | VALLADOLID UNIVERSIDAD | VALLADOLID-CAMPO GRANDE
18104,REG.EXP.,SANTANDER | VALDECILLA | MALIAÑO | RENEDO | TORRELAVEGA | LOS CORRALES DE BUELNA | BÁRCENA | REINOSA | MATAPORQUERA | AGUILAR DE CAMPOO | ALAR DEL REY | HERRERA DE PISUERGA | ESPINOSA DE VILLAGONZALO | OSORNO | FRÓMISTA | PIÑA | EL CARRIÓN | PALENCIA | VENTA DE BAÑOS | VALLADOLID UNIVERSIDAD | VALLADOLID-CAMPO GRANDE
18105,REG.EXP.,VALLADOLID-CAMPO GRANDE | VALLADOLID UNIVERSIDAD | CABEZÓN DEL PISUERGA | CORCOS-AGUILAREJO | CUBILLAS DE SANTA MARTA | DUEÑAS | VENTA DE BAÑOS | PALENCIA | MONZÓN DE CAMPOS | EL CARRIÓN | AMUSCO | PIÑA | FRÓMISTA | OSORNO | ESPINOSA DE VILLAGONZALO | HERRERA DE PISUERGA | ALAR DEL REY | MAVE | AGUILAR DE CAMPOO | QUINTANILLA DE LAS TORRES | MATAPORQUERA | REINOSA | BÁRCENA | LOS CORRALES DE BUELNA | TORRELAVEGA | RENEDO | MALIAÑO | VALDECILLA | SANTANDER
18101,REG.EXP.,VALLADOLID-CAMPO GRANDE | VALLADOLID UNIVERSIDAD | CABEZÓN DEL PISUERGA | CORCOS-AGUILAREJO | CUBILLAS DE SANTA MARTA | DUEÑAS | VENTA DE BAÑOS | PALENCIA | EL CARRIÓN | PIÑA | FRÓMISTA | OSORNO | ESPINOSA DE VILLAGONZALO | HERRERA DE PISUERGA | ALAR DEL REY | AGUILAR DE CAMPOO | MATAPORQUERA | REINOSA | BÁRCENA | LOS CORRALES DE BUELNA | TORRELAVEGA | RENEDO | MALIAÑO | VALDECILLA | SANTANDER
18105,REG.EXP.,VALLADOLID-CAMPO GRANDE | VALLADOLID UNIVERSIDAD | CABEZÓN DEL PISUERGA | CORCOS-AGUILAREJO | CUBILLAS DE SANTA MARTA | DUEÑAS | VENTA DE BAÑOS | PALENCIA | MONZÓN DE CAMPOS | EL CARRIÓN | AMUSCO | PIÑA | FRÓMISTA | OSORNO | ESPINOSA DE VILLAGONZALO | HERRERA DE PISUERGA | ALAR DEL REY | MAVE | AGUILAR DE CAMPOO | QUINTANILLA DE LAS TORRES | MATAPORQUERA | REINOSA | BÁRCENA | LOS CORRALES DE BUELNA | TORRELAVEGA | RENEDO | MALIAÑO | VALDECILLA | SANTANDER
18306,MD,SALAMANCA | MORISCOS | GOMECELLO | PITIEGUA | EL PEDROSO DE LA ARMUÑA | CANTALAPIEDRA | FRESNO EL VIEJO | EL CARPIO | MEDINA DEL CAMPO | POZALDEZ | MATAPOZUELOS | VALDESTILLAS | VIANA | VALLADOLID-CAMPO GRANDE | VALLADOLID UNIVERSIDAD | VENTA DE BAÑOS | PALENCIA
38306,PROXIMDAD,MEDINA DEL CAMPO | POZALDEZ | MATAPOZUELOS | VALDESTILLAS | VIANA | VALLADOLID-CAMPO GRANDE | VALLADOLID UNIVERSIDAD | VENTA DE BAÑOS | PALENCIA
18322,REG.EXP.,VALLADOLID-CAMPO GRANDE | VIANA | VALDESTILLAS | MATAPOZUELOS | POZALDEZ | MEDINA DEL CAMPO | NAVA DEL REY | TORO | ZAMORA | CARBAJALES DE ALBA | FERRERUELA DE TÁBARA | ABEJERA | SARRACÍN DE ALISTE | CABAÑAS DE ALISTE | LINAREJOS-PEDROSO | PUEBLA DE SANABRIA
17201,REG.EXP.,ÁVILA | ARÉVALO | MEDINA DEL CAMPO | POZALDEZ | MATAPOZUELOS | VALDESTILLAS | VIANA | VALLADOLID-CAMPO GRANDE | VALLADOLID UNIVERSIDAD
38301,PROXIMDAD,MEDINA DEL CAMPO | POZALDEZ | MATAPOZUELOS | VALDESTILLAS | VIANA | VALLADOLID-CAMPO GRANDE | VALLADOLID UNIVERSIDAD
18306,MD,SALAMANCA | MORISCOS | GOMECELLO | PITIEGUA | EL PEDROSO DE LA ARMUÑA | CANTALAPIEDRA | FRESNO EL VIEJO | EL CARPIO | MEDINA DEL CAMPO | POZALDEZ | MATAPOZUELOS | VALDESTILLAS | VIANA | VALLADOLID-CAMPO GRANDE | VALLADOLID UNIVERSIDAD | VENTA DE BAÑOS | PALENCIA
38306,PROXIMDAD,MEDINA DEL CAMPO | POZALDEZ | MATAPOZUELOS | VALDESTILLAS | VIANA | VALLADOLID-CAMPO GRANDE | VALLADOLID UNIVERSIDAD | VENTA DE BAÑOS | PALENCIA
17227,PROXIMDAD,MEDINA DEL CAMPO | POZALDEZ | MATAPOZUELOS | VALDESTILLAS | VIANA | VALLADOLID-CAMPO GRANDE
17201,REG.EXP.,ÁVILA | ARÉVALO | MEDINA DEL CAMPO | POZALDEZ | MATAPOZUELOS | VALDESTILLAS | VIANA | VALLADOLID-CAMPO GRANDE | VALLADOLID UNIVERSIDAD
38301,PROXIMDAD,MEDINA DEL CAMPO | POZALDEZ | MATAPOZUELOS | VALDESTILLAS | VIANA | VALLADOLID-CAMPO GRANDE | VALLADOLID UNIVERSIDAD
18321,REG.EXP.,PUEBLA DE SANABRIA | LINAREJOS-PEDROSO | CABAÑAS DE ALISTE | SARRACÍN DE ALISTE | ABEJERA | FERRERUELA DE TÁBARA | CARBAJALES DE ALBA | ZAMORA | TORO | NAVA DEL REY | MEDINA DEL CAMPO | POZALDEZ | MATAPOZUELOS | VALDESTILLAS | VIANA | VALLADOLID-CAMPO GRANDE
38321,PROXIMDAD,MEDINA DEL CAMPO | POZALDEZ | MATAPOZUELOS | VALDESTILLAS | VIANA | VALLADOLID-CAMPO GRANDE
18302,REG.EXP.,SALAMANCA | MEDINA DEL CAMPO | POZALDEZ | MATAPOZUELOS | VALDESTILLAS | VIANA | VALLADOLID-CAMPO GRANDE
18306,MD,SALAMANCA | MORISCOS | GOMECELLO | PITIEGUA | EL PEDROSO DE LA ARMUÑA | CANTALAPIEDRA | FRESNO EL VIEJO | EL CARPIO | MEDINA DEL CAMPO | POZALDEZ | MATAPOZUELOS | VALDESTILLAS | VIANA | VALLADOLID-CAMPO GRANDE | VALLADOLID UNIVERSIDAD | VENTA DE BAÑOS | PALENCIA
38306,PROXIMDAD,MEDINA DEL CAMPO | POZALDEZ | MATAPOZUELOS | VALDESTILLAS | VIANA | VALLADOLID-CAMPO GRANDE | VALLADOLID UNIVERSIDAD | VENTA DE BAÑOS | PALENCIA
17221,REG.EXP.,ÁVILA | ARÉVALO | MEDINA DEL CAMPO | POZALDEZ | MATAPOZUELOS | VALDESTILLAS | VIANA | VALLADOLID-CAMPO GRANDE
38221,PROXIMDAD,MEDINA DEL CAMPO | POZALDEZ | MATAPOZUELOS | VALDESTILLAS | VIANA | VALLADOLID-CAMPO GRANDE
17229,PROXIMDAD,MEDINA DEL CAMPO | POZALDEZ | MATAPOZUELOS | VALDESTILLAS | VIANA | VALLADOLID-CAMPO GRANDE
18312,REG.EXP.,SALAMANCA | GOMECELLO | PITIEGUA | EL PEDROSO DE LA ARMUÑA | CANTALAPIEDRA | FRESNO EL VIEJO | EL CARPIO | CAMPILLO | MEDINA DEL CAMPO | POZALDEZ | MATAPOZUELOS | VALDESTILLAS | VIANA | VALLADOLID-CAMPO GRANDE
38312,PROXIMDAD,MEDINA DEL CAMPO | POZALDEZ | MATAPOZUELOS | VALDESTILLAS | VIANA | VALLADOLID-CAMPO GRANDE
18300,REG.EXP.,VALLADOLID-CAMPO GRANDE | VIANA | VALDESTILLAS | MATAPOZUELOS | POZALDEZ | MEDINA DEL CAMPO | EL CARPIO | FRESNO EL VIEJO | CANTALAPIEDRA | EL PEDROSO DE LA ARMUÑA | PITIEGUA | GOMECELLO | MORISCOS | SALAMANCA | SALAMANCA-LA ALAMEDILLA
38300,PROXIMDAD,VALLADOLID-CAMPO GRANDE | VIANA | VALDESTILLAS | MATAPOZUELOS | POZALDEZ | MEDINA DEL CAMPO
17218,REG.EXP.,VALLADOLID-CAMPO GRANDE | VIANA | VALDESTILLAS | MATAPOZUELOS | POZALDEZ | MEDINA DEL CAMPO | ARÉVALO | ÁVILA
38218,PROXIMDAD,VALLADOLID-CAMPO GRANDE | VIANA | VALDESTILLAS | MATAPOZUELOS | POZALDEZ | MEDINA DEL CAMPO
18004,MD,VALLADOLID-CAMPO GRANDE | VIANA | VALDESTILLAS | MATAPOZUELOS | POZALDEZ | MEDINA DEL CAMPO | ARÉVALO | ÁVILA | HERRADÓN-LA CAÑADA | NAVALPERAL | LAS NAVAS DEL MARQUÉS | SANTA MARÍA DE LA ALAMEDA-PEGUERINOS | ROBLEDO DE CHAVELA | ZARZALEJO | EL ESCORIAL | VILLALBA DE GUADARRAMA | MADRID-PRÍNCIPE PÍO
38004,PROXIMDAD,VALLADOLID-CAMPO GRANDE | VIANA | VALDESTILLAS | MATAPOZUELOS | POZALDEZ | MEDINA DEL CAMPO
18218,PROXIMDAD,PALENCIA | VENTA DE BAÑOS | DUEÑAS | CUBILLAS DE SANTA MARTA | CORCOS-AGUILAREJO | CABEZÓN DEL PISUERGA | VALLADOLID UNIVERSIDAD | VALLADOLID-CAMPO GRANDE | VIANA | VALDESTILLAS | MATAPOZUELOS | POZALDEZ | MEDINA DEL CAMPO
18322,REG.EXP.,VALLADOLID-CAMPO GRANDE | VIANA | VALDESTILLAS | MATAPOZUELOS | POZALDEZ | MEDINA DEL CAMPO | NAVA DEL REY | TORO | ZAMORA | CARBAJALES DE ALBA | FERRERUELA DE TÁBARA | ABEJERA | SARRACÍN DE ALISTE | CABAÑAS DE ALISTE | LINAREJOS-PEDROSO | PUEBLA DE SANABRIA
38322,PROXIMDAD,VALLADOLID-CAMPO GRANDE | VIANA | VALDESTILLAS | MATAPOZUELOS | MEDINA DEL CAMPO
18318,REG.EXP.,VALLADOLID-CAMPO GRANDE | VIANA | VALDESTILLAS | MATAPOZUELOS | POZALDEZ | MEDINA DEL CAMPO | EL CARPIO | FRESNO EL VIEJO | CANTALAPIEDRA | GOMECELLO | SALAMANCA | SALAMANCA-LA ALAMEDILLA
38318,PROXIMDAD,VALLADOLID-CAMPO GRANDE | VIANA | VALDESTILLAS | MATAPOZUELOS | POZALDEZ | MEDINA DEL CAMPO
17200,REG.EXP.,VALLADOLID-CAMPO GRANDE | VIANA | VALDESTILLAS | MATAPOZUELOS | POZALDEZ | MEDINA DEL CAMPO | ARÉVALO | ÁVILA
38200,PROXIMDAD,VALLADOLID-CAMPO GRANDE | VIANA | VALDESTILLAS | MATAPOZUELOS | POZALDEZ | MEDINA DEL CAMPO
37432,MD,VALLADOLID-CAMPO GRANDE | VIANA | VALDESTILLAS | MATAPOZUELOS | POZALDEZ | MEDINA DEL CAMPO | SALAMANCA
00632,Intercity,ZARAGOZA DELICIAS | PAMPLONA/IRUÑA | VITORIA-GASTEIZ | MIRANDA DE EBRO | BURGOS-ROSA MANZANO | VALLADOLID-CAMPO GRANDE | VIANA | VALDESTILLAS | MATAPOZUELOS | POZALDEZ | MEDINA DEL CAMPO | SALAMANCA
17226,PROXIMDAD,VALLADOLID-CAMPO GRANDE | VIANA | VALDESTILLAS | MATAPOZUELOS | POZALDEZ | MEDINA DEL CAMPO
18300,REG.EXP.,VALLADOLID-CAMPO GRANDE | VIANA | VALDESTILLAS | MATAPOZUELOS | POZALDEZ | MEDINA DEL CAMPO | EL CARPIO | FRESNO EL VIEJO | CANTALAPIEDRA | EL PEDROSO DE LA ARMUÑA | PITIEGUA | GOMECELLO | MORISCOS | SALAMANCA | SALAMANCA-LA ALAMEDILLA
18318,REG.EXP.,VALLADOLID-CAMPO GRANDE | VIANA | VALDESTILLAS | MATAPOZUELOS | POZALDEZ | MEDINA DEL CAMPO | EL CARPIO | FRESNO EL VIEJO | CANTALAPIEDRA | GOMECELLO | SALAMANCA | SALAMANCA-LA ALAMEDILLA
18300,REG.EXP.,VALLADOLID-CAMPO GRANDE | VIANA | VALDESTILLAS | MATAPOZUELOS | POZALDEZ | MEDINA DEL CAMPO | EL CARPIO | FRESNO EL VIEJO | CANTALAPIEDRA | EL PEDROSO DE LA ARMUÑA | PITIEGUA | GOMECELLO | MORISCOS | SALAMANCA | SALAMANCA-LA ALAMEDILLA
38300,PROXIMDAD,VALLADOLID-CAMPO GRANDE | VIANA | VALDESTILLAS | MATAPOZUELOS | POZALDEZ | MEDINA DEL CAMPO
17218,REG.EXP.,VALLADOLID-CAMPO GRANDE | VIANA | VALDESTILLAS | MATAPOZUELOS | POZALDEZ | MEDINA DEL CAMPO | ARÉVALO | ÁVILA
38218,PROXIMDAD,VALLADOLID-CAMPO GRANDE | VIANA | VALDESTILLAS | MATAPOZUELOS | POZALDEZ | MEDINA DEL CAMPO
18004,MD,VALLADOLID-CAMPO GRANDE | VIANA | VALDESTILLAS | MATAPOZUELOS | POZALDEZ | MEDINA DEL CAMPO | ARÉVALO | ÁVILA | HERRADÓN-LA CAÑADA | NAVALPERAL | LAS NAVAS DEL MARQUÉS | SANTA MARÍA DE LA ALAMEDA-PEGUERINOS | ROBLEDO DE CHAVELA | ZARZALEJO | EL ESCORIAL | VILLALBA DE GUADARRAMA | MADRID-PRÍNCIPE PÍO
38004,PROXIMDAD,VALLADOLID-CAMPO GRANDE | VIANA | VALDESTILLAS | MATAPOZUELOS | POZALDEZ | MEDINA DEL CAMPO
18218,PROXIMDAD,PALENCIA | VENTA DE BAÑOS | DUEÑAS | CUBILLAS DE SANTA MARTA | CORCOS-AGUILAREJO | CABEZÓN DEL PISUERGA | VALLADOLID UNIVERSIDAD | VALLADOLID-CAMPO GRANDE | VIANA | VALDESTILLAS | MATAPOZUELOS | POZALDEZ | MEDINA DEL CAMPO
18322,REG.EXP.,VALLADOLID-CAMPO GRANDE | VIANA | VALDESTILLAS | MATAPOZUELOS | POZALDEZ | MEDINA DEL CAMPO | NAVA DEL REY | TORO | ZAMORA | CARBAJALES DE ALBA | FERRERUELA DE TÁBARA | ABEJERA | SARRACÍN DE ALISTE | CABAÑAS DE ALISTE | LINAREJOS-PEDROSO | PUEBLA DE SANABRIA
18318,REG.EXP.,VALLADOLID-CAMPO GRANDE | VIANA | VALDESTILLAS | MATAPOZUELOS | POZALDEZ | MEDINA DEL CAMPO | EL CARPIO | FRESNO EL VIEJO | CANTALAPIEDRA | GOMECELLO | SALAMANCA | SALAMANCA-LA ALAMEDILLA
38318,PROXIMDAD,VALLADOLID-CAMPO GRANDE | VIANA | VALDESTILLAS | MATAPOZUELOS | POZALDEZ | MEDINA DEL CAMPO
17200,REG.EXP.,VALLADOLID-CAMPO GRANDE | VIANA | VALDESTILLAS | MATAPOZUELOS | POZALDEZ | MEDINA DEL CAMPO | ARÉVALO | ÁVILA
38200,PROXIMDAD,VALLADOLID-CAMPO GRANDE | VIANA | VALDESTILLAS | MATAPOZUELOS | POZALDEZ | MEDINA DEL CAMPO
37432,MD,VALLADOLID-CAMPO GRANDE | VIANA | VALDESTILLAS | MATAPOZUELOS | POZALDEZ | MEDINA DEL CAMPO | SALAMANCA
00632,Intercity,ZARAGOZA DELICIAS | PAMPLONA/IRUÑA | VITORIA-GASTEIZ | MIRANDA DE EBRO | BURGOS-ROSA MANZANO | VALLADOLID-CAMPO GRANDE | VIANA | VALDESTILLAS | MATAPOZUELOS | POZALDEZ | MEDINA DEL CAMPO | SALAMANCA
17226,PROXIMDAD,VALLADOLID-CAMPO GRANDE | VIANA | VALDESTILLAS | MATAPOZUELOS | POZALDEZ | MEDINA DEL CAMPO
18300,REG.EXP.,VALLADOLID-CAMPO GRANDE | VIANA | VALDESTILLAS | MATAPOZUELOS | POZALDEZ | MEDINA DEL CAMPO | EL CARPIO | FRESNO EL VIEJO | CANTALAPIEDRA | EL PEDROSO DE LA ARMUÑA | PITIEGUA | GOMECELLO | MORISCOS | SALAMANCA | SALAMANCA-LA ALAMEDILLA
38300,PROXIMDAD,VALLADOLID-CAMPO GRANDE | VIANA | VALDESTILLAS | MATAPOZUELOS | POZALDEZ | MEDINA DEL CAMPO
17218,REG.EXP.,VALLADOLID-CAMPO GRANDE | VIANA | VALDESTILLAS | MATAPOZUELOS | POZALDEZ | MEDINA DEL CAMPO | ARÉVALO | ÁVILA
38218,PROXIMDAD,VALLADOLID-CAMPO GRANDE | VIANA | VALDESTILLAS | MATAPOZUELOS | POZALDEZ | MEDINA DEL CAMPO
18004,MD,VALLADOLID-CAMPO GRANDE | VIANA | VALDESTILLAS | MATAPOZUELOS | POZALDEZ | MEDINA DEL CAMPO | ARÉVALO | ÁVILA | HERRADÓN-LA CAÑADA | NAVALPERAL | LAS NAVAS DEL MARQUÉS | SANTA MARÍA DE LA ALAMEDA-PEGUERINOS | ROBLEDO DE CHAVELA | ZARZALEJO | EL ESCORIAL | VILLALBA DE GUADARRAMA | MADRID-PRÍNCIPE PÍO
38004,PROXIMDAD,VALLADOLID-CAMPO GRANDE | VIANA | VALDESTILLAS | MATAPOZUELOS | POZALDEZ | MEDINA DEL CAMPO
18218,PROXIMDAD,PALENCIA | VENTA DE BAÑOS | DUEÑAS | CUBILLAS DE SANTA MARTA | CORCOS-AGUILAREJO | CABEZÓN DEL PISUERGA | VALLADOLID UNIVERSIDAD | VALLADOLID-CAMPO GRANDE | VIANA | VALDESTILLAS | MATAPOZUELOS | POZALDEZ | MEDINA DEL CAMPO
18322,REG.EXP.,VALLADOLID-CAMPO GRANDE | VIANA | VALDESTILLAS | MATAPOZUELOS | POZALDEZ | MEDINA DEL CAMPO | NAVA DEL REY | TORO | ZAMORA | CARBAJALES DE ALBA | FERRERUELA DE TÁBARA | ABEJERA | SARRACÍN DE ALISTE | CABAÑAS DE ALISTE | LINAREJOS-PEDROSO | PUEBLA DE SANABRIA
38322,PROXIMDAD,VALLADOLID-CAMPO GRANDE | VIANA | VALDESTILLAS | MATAPOZUELOS | MEDINA DEL CAMPO
18318,REG.EXP.,VALLADOLID-CAMPO GRANDE | VIANA | VALDESTILLAS | MATAPOZUELOS | POZALDEZ | MEDINA DEL CAMPO | EL CARPIO | FRESNO EL VIEJO | CANTALAPIEDRA | GOMECELLO | SALAMANCA | SALAMANCA-LA ALAMEDILLA
38318,PROXIMDAD,VALLADOLID-CAMPO GRANDE | VIANA | VALDESTILLAS | MATAPOZUELOS | POZALDEZ | MEDINA DEL CAMPO
17200,REG.EXP.,VALLADOLID-CAMPO GRANDE | VIANA | VALDESTILLAS | MATAPOZUELOS | POZALDEZ | MEDINA DEL CAMPO | ARÉVALO | ÁVILA
38200,PROXIMDAD,VALLADOLID-CAMPO GRANDE | VIANA | VALDESTILLAS | MATAPOZUELOS | POZALDEZ | MEDINA DEL CAMPO
37432,MD,VALLADOLID-CAMPO GRANDE | VIANA | VALDESTILLAS | MATAPOZUELOS | POZALDEZ | MEDINA DEL CAMPO | SALAMANCA
00632,Intercity,ZARAGOZA DELICIAS | PAMPLONA/IRUÑA | VITORIA-GASTEIZ | MIRANDA DE EBRO | BURGOS-ROSA MANZANO | VALLADOLID-CAMPO GRANDE | VIANA | VALDESTILLAS | MATAPOZUELOS | POZALDEZ | MEDINA DEL CAMPO | SALAMANCA
17226,PROXIMDAD,VALLADOLID-CAMPO GRANDE | VIANA | VALDESTILLAS | MATAPOZUELOS | POZALDEZ | MEDINA DEL CAMPO
18306,MD,SALAMANCA | MORISCOS | GOMECELLO | PITIEGUA | EL PEDROSO DE LA ARMUÑA | CANTALAPIEDRA | FRESNO EL VIEJO | EL CARPIO | MEDINA DEL CAMPO | POZALDEZ | MATAPOZUELOS | VALDESTILLAS | VIANA | VALLADOLID-CAMPO GRANDE | VALLADOLID UNIVERSIDAD | VENTA DE BAÑOS | PALENCIA
38306,PROXIMDAD,MEDINA DEL CAMPO | POZALDEZ | MATAPOZUELOS | VALDESTILLAS | VIANA | VALLADOLID-CAMPO GRANDE | VALLADOLID UNIVERSIDAD | VENTA DE BAÑOS | PALENCIA
18300,REG.EXP.,VALLADOLID-CAMPO GRANDE | VIANA | VALDESTILLAS | MATAPOZUELOS | POZALDEZ | MEDINA DEL CAMPO | EL CARPIO | FRESNO EL VIEJO | CANTALAPIEDRA | EL PEDROSO DE LA ARMUÑA | PITIEGUA | GOMECELLO | MORISCOS | SALAMANCA | SALAMANCA-LA ALAMEDILLA
18318,REG.EXP.,VALLADOLID-CAMPO GRANDE | VIANA | VALDESTILLAS | MATAPOZUELOS | POZALDEZ | MEDINA DEL CAMPO | EL CARPIO | FRESNO EL VIEJO | CANTALAPIEDRA | GOMECELLO | SALAMANCA | SALAMANCA-LA ALAMEDILLA
